{
  "files": {
    "fp/fp.py": {
      "executed_lines": [
        3,
        4,
        5,
        6,
        7,
        10,
        20,
        21,
        22,
        23,
        24,
        25,
        26,
        27,
        28,
        30,
        31,
        32,
        33,
        34,
        35,
        36,
        39,
        40,
        49,
        50,
        51,
        52,
        53,
        54,
        55,
        57,
        59,
        60,
        62,
        64,
        66,
        67,
        69,
        71,
        73,
        75,
        76,
        78,
        79,
        80,
        81,
        82,
        85,
        87,
        88,
        90,
        91,
        94,
        95,
        96,
        97,
        98,
        99,
        100,
        101
      ],
      "summary": {
        "covered_lines": 61,
        "num_statements": 79,
        "percent_covered": 77.21518987341773,
        "percent_covered_display": "77",
        "missing_lines": 18,
        "excluded_lines": 0,
        "percent_statements_covered": 77.21518987341773,
        "percent_statements_covered_display": "77"
      },
      "missing_lines": [
        37,
        38,
        42,
        43,
        44,
        46,
        47,
        77,
        83,
        84,
        86,
        89,
        102,
        103,
        104,
        105,
        106,
        107
      ],
      "excluded_lines": [],
      "functions": {
        "FreeProxy.__init__": {
          "executed_lines": [
            21,
            22,
            23,
            24,
            25,
            26,
            27,
            28
          ],
          "summary": {
            "covered_lines": 8,
            "num_statements": 8,
            "percent_covered": 100.0,
            "percent_covered_display": "100",
            "missing_lines": 0,
            "excluded_lines": 0,
            "percent_statements_covered": 100.0,
            "percent_statements_covered_display": "100"
          },
          "missing_lines": [],
          "excluded_lines": [],
          "start_line": 20
        },
        "FreeProxy.get_proxy_list": {
          "executed_lines": [
            31,
            32,
            33,
            34,
            35,
            36,
            39,
            40
          ],
          "summary": {
            "covered_lines": 8,
            "num_statements": 15,
            "percent_covered": 53.333333333333336,
            "percent_covered_display": "53",
            "missing_lines": 7,
            "excluded_lines": 0,
            "percent_statements_covered": 53.333333333333336,
            "percent_statements_covered_display": "53"
          },
          "missing_lines": [
            37,
            38,
            42,
            43,
            44,
            46,
            47
          ],
          "excluded_lines": [],
          "start_line": 30
        },
        "FreeProxy.__website": {
          "executed_lines": [
            50,
            51,
            52,
            53,
            54,
            55,
            57
          ],
          "summary": {
            "covered_lines": 7,
            "num_statements": 7,
            "percent_covered": 100.0,
            "percent_covered_display": "100",
            "missing_lines": 0,
            "excluded_lines": 0,
            "percent_statements_covered": 100.0,
            "percent_statements_covered_display": "100"
          },
          "missing_lines": [],
          "excluded_lines": [],
          "start_line": 49
        },
        "FreeProxy.__criteria": {
          "executed_lines": [
            60,
            62,
            64,
            66,
            67,
            69,
            71
          ],
          "summary": {
            "covered_lines": 7,
            "num_statements": 7,
            "percent_covered": 100.0,
            "percent_covered_display": "100",
            "missing_lines": 0,
            "excluded_lines": 0,
            "percent_statements_covered": 100.0,
            "percent_statements_covered_display": "100"
          },
          "missing_lines": [],
          "excluded_lines": [],
          "start_line": 59
        },
        "FreeProxy.get": {
          "executed_lines": [
            75,
            76,
            78,
            79,
            80,
            81,
            82,
            85,
            87,
            88,
            90,
            91
          ],
          "summary": {
            "covered_lines": 12,
            "num_statements": 17,
            "percent_covered": 70.58823529411765,
            "percent_covered_display": "71",
            "missing_lines": 5,
            "excluded_lines": 0,
            "percent_statements_covered": 70.58823529411765,
            "percent_statements_covered_display": "71"
          },
          "missing_lines": [
            77,
            83,
            84,
            86,
            89
          ],
          "excluded_lines": [],
          "start_line": 73
        },
        "FreeProxy.__check_if_proxy_is_working": {
          "executed_lines": [
            95,
            96,
            97,
            98,
            99,
            100,
            101
          ],
          "summary": {
            "covered_lines": 7,
            "num_statements": 13,
            "percent_covered": 53.84615384615385,
            "percent_covered_display": "54",
            "missing_lines": 6,
            "excluded_lines": 0,
            "percent_statements_covered": 53.84615384615385,
            "percent_statements_covered_display": "54"
          },
          "missing_lines": [
            102,
            103,
            104,
            105,
            106,
            107
          ],
          "excluded_lines": [],
          "start_line": 94
        },
        "": {
          "executed_lines": [
            3,
            4,
            5,
            6,
            7,
            10,
            20,
            30,
            49,
            59,
            73,
            94
          ],
          "summary": {
            "covered_lines": 12,
            "num_statements": 12,
            "percent_covered": 100.0,
            "percent_covered_display": "100",
            "missing_lines": 0,
            "excluded_lines": 0,
            "percent_statements_covered": 100.0,
            "percent_statements_covered_display": "100"
          },
          "missing_lines": [],
          "excluded_lines": [],
          "start_line": 1
        }
      },
      "classes": {
        "FreeProxy": {
          "executed_lines": [
            21,
            22,
            23,
            24,
            25,
            26,
            27,
            28,
            31,
            32,
            33,
            34,
            35,
            36,
            39,
            40,
            50,
            51,
            52,
            53,
            54,
            55,
            57,
            60,
            62,
            64,
            66,
            67,
            69,
            71,
            75,
            76,
            78,
            79,
            80,
            81,
            82,
            85,
            87,
            88,
            90,
            91,
            95,
            96,
            97,
            98,
            99,
            100,
            101
          ],
          "summary": {
            "covered_lines": 49,
            "num_statements": 67,
            "percent_covered": 73.13432835820896,
            "percent_covered_display": "73",
            "missing_lines": 18,
            "excluded_lines": 0,
            "percent_statements_covered": 73.13432835820896,
            "percent_statements_covered_display": "73"
          },