{
  "files": {
    "cronitor/monitor.py": {
      "executed_lines": [
        1,
        2,
        3,
        4,
        5,
        6,
        7,
        9,
        10,
        11,
        13,
        15,
        16,
        17,
        23,
        24,
        25,
        26,
        28,
        29,
        31,
        32,
        36,
        38,
        39,
        52,
        53,
        54,
        55,
        56,
        58,
        59,
        62,
        65,
        68,
        69,
        70,
        72,
        73,
        75,
        77,
        78,
        80,
        81,
        82,
        83,
        84,
        86,
        88,
        89,
        90,
        91,
        92,
        97,
        98,
        99,
        101,
        107,
        108,
        113,
        116,
        118,
        119,
        120,
        121,
        122,
        123,
        125,
        126,
        127,
        129,
        130,
        131,
        133,
        134,
        135,
        137,
        138,
        144,
        145,
        147,
        150,
        152,
        153,
        157,
        158,
        160,
        163,
        171,
        174,
        175,
        178,
        183,
        184,
        186,
        188,
        189,
        190,
        191,
        193,
        203,
        204,
        206,
        207,
        208,
        209,
        211,
        212,
        213,
        214,
        215,
        217,
        219,
        222,
        223,
        224
      ],
      "summary": {
        "covered_lines": 116,
        "num_statements": 152,
        "percent_covered": 76.3157894736842,
        "percent_covered_display": "76",
        "missing_lines": 36,
        "excluded_lines": 0,
        "percent_statements_covered": 76.3157894736842,
        "percent_statements_covered_display": "76"
      },
      "missing_lines": [
        40,
        41,
        42,
        46,
        47,
        48,
        50,
        60,
        61,
        63,
        64,
        66,
        67,
        93,
        94,
        95,
        109,
        110,
        112,
        114,
        128,
        146,
        148,
        154,
        155,
        161,
        164,
        165,
        166,
        168,
        169,
        172,
        176,
        185,
        216,
        218
      ],
      "excluded_lines": [],
      "functions": {
        "retry_session": {
          "executed_lines": [
            16,
            17,
            23,
            24,
            25,
            26
          ],
          "summary": {
            "covered_lines": 6,
            "num_statements": 6,
            "percent_covered": 100.0,
            "percent_covered_display": "100",
            "missing_lines": 0,
            "excluded_lines": 0,
            "percent_statements_covered": 100.0,
            "percent_statements_covered_display": "100"
          },
          "missing_lines": [],
          "excluded_lines": [],
          "start_line": 15
        },
        "Monitor.as_yaml": {
          "executed_lines": [],
          "summary": {
            "covered_lines": 0,
            "num_statements": 7,
            "percent_covered": 0.0,
            "percent_covered_display": "0",
            "missing_lines": 7,
            "excluded_lines": 0,
            "percent_statements_covered": 0.0,
            "percent_statements_covered_display": "0"
          },
          "missing_lines": [
            40,
            41,
            42,
            46,
            47,
            48,
            50
          ],
          "excluded_lines": [],
          "start_line": 39
        },
        "Monitor.put": {
          "executed_lines": [
            54,
            55,
            56,
            58,
            59,
            62,
            65,
            68,
            69,
            70,
            72,
            73,
            75,
            77,
            78,
            80,
            81,
            82,
            83,
            84,
            86
          ],
          "summary": {
            "covered_lines": 21,
            "num_statements": 27,
            "percent_covered": 77.77777777777777,
            "percent_covered_display": "78",
            "missing_lines": 6,
            "excluded_lines": 0,
            "percent_statements_covered": 77.77777777777777,
            "percent_statements_covered_display": "78"
          },
          "missing_lines": [
            60,
            61,
            63,
            64,
            66,
            67
          ],
          "excluded_lines": [],
          "start_line": 53
        },
        "Monitor._put": {
          "executed_lines": [
            90,
            91,
            92,
            97,
            98,
            99,
            101,
            107,
            108,
            113,
            116
          ],
          "summary": {
            "covered_lines": 11,
            "num_statements": 18,
            "percent_covered": 61.111111111111114,
            "percent_covered_display": "61",
            "missing_lines": 7,
            "excluded_lines": 0,
            "percent_statements_covered": 61.111111111111114,
            "percent_statements_covered_display": "61"
          },
          "missing_lines": [
            93,
            94,
            95,
            109,
            110,
            112,
            114
          ],
          "excluded_lines": [],
          "start_line": 89
        },
        "Monitor.__init__": {
          "executed_lines": [
            119,
            120,
            121,
            122,
            123
          ],
          "summary": {
            "covered_lines": 5,
            "num_statements": 5,
            "percent_covered": 100.0,
            "percent_covered_display": "100",
            "missing_lines": 0,
            "excluded_lines": 0,
            "percent_statements_covered": 100.0,
            "percent_statements_covered_display": "100"
          },
          "missing_lines": [],
          "excluded_lines": [],
          "start_line": 118
        },
        "Monitor.data": {
          "executed_lines": [
            135
          ],
          "summary": {
            "covered_lines": 1,
            "num_statements": 1,
            "percent_covered": 100.0,
            "percent_covered_display": "100",
            "missing_lines": 0,
            "excluded_lines": 0,
            "percent_statements_covered": 100.0,
            "percent_statements_covered_display": "100"
          },
          "missing_lines": [],
          "excluded_lines": [],
          "start_line": 134
        },
        "Monitor.delete": {
          "executed_lines": [
            138,
            144,
            145,
            147,
            150
          ],
          "summary": {
            "covered_lines": 5,
            "num_statements": 7,
            "percent_covered": 71.42857142857143,
            "percent_covered_display": "71",
            "missing_lines": 2,
            "excluded_lines": 0,
            "percent_statements_covered": 71.42857142857143,
            "percent_statements_covered_display": "71"
          },
          "missing_lines": [
            146,
            148
          ],
          "excluded_lines": [],
          "start_line": 137
        },
        "Monitor.ping": {
          "executed_lines": [
            153,
            157,
            158
          ],
          "summary": {
            "covered_lines": 3,
            "num_statements": 5,
            "percent_covered": 60.0,
            "percent_covered_display": "60",
            "missing_lines": 2,
            "excluded_lines": 0,
            "percent_statements_covered": 60.0,
            "percent_statements_covered_display": "60"
          },
          "missing_lines": [
            154,
            155
          ],
          "excluded_lines": [],
          "start_line": 152
        },
        "Monitor.ok": {
          "executed_lines": [],