{
  "files": {
    "srpenergy/client.py": {
      "executed_lines": [
        7,
        8,
        9,
        11,
        12,
        14,
        17,
        23,
        29,
        48,
        49,
        51,
        52,
        53,
        54,
        58,
        59,
        61,
        62,
        66,
        69,
        70,
        71,
        74,
        77,
        78,
        80,
        82,
        85,
        86,
        87,
        89,
        93,
        94,
        95,
        101,
        103,
        104,
        106,
        107,
        108,
        110,
        112,
        115,
        138,
        141,
        142,
        144,
        145,
        147,
        148,
        150,
        151,
        153,
        154,
        156,
        157,
        159,
        160,
        166,
        207
      ],
      "summary": {
        "covered_lines": 61,
        "num_statements": 139,
        "percent_covered": 43.884892086330936,
        "percent_covered_display": "44",
        "missing_lines": 78,
        "excluded_lines": 1,
        "percent_statements_covered": 43.884892086330936,
        "percent_statements_covered_display": "44"
      },
      "missing_lines": [
        19,
        20,
        25,
        26,
        162,
        163,
        164,
        189,
        191,
        193,
        197,
        198,
        200,
        202,
        204,
        205,
        256,
        257,
        259,
        260,
        263,
        264,
        267,
        268,
        270,
        273,
        274,
        276,
        278,
        282,
        284,
        285,
        286,
        288,
        298,
        300,
        301,
        303,
        304,
        306,
        307,
        309,
        316,
        317,
        319,
        327,
        329,
        331,
        332,
        334,
        336,
        338,
        345,
        347,
        348,
        350,
        361,
        362,
        364,
        365,
        367,
        368,
        370,
        377,
        378,
        380,
        388,
        390,
        392,
        393,
        395,
        397,
        399,
        406,
        408,
        410,
        412,
        413
      ],
      "excluded_lines": [
        208
      ],
      "functions": {
        "get_pretty_date": {
          "executed_lines": [],
          "summary": {
            "covered_lines": 0,
            "num_statements": 2,
            "percent_covered": 0.0,
            "percent_covered_display": "0",
            "missing_lines": 2,
            "excluded_lines": 0,
            "percent_statements_covered": 0.0,
            "percent_statements_covered_display": "0"
          },
          "missing_lines": [
            19,
            20
          ],
          "excluded_lines": [],
          "start_line": 17
        },
        "get_pretty_time": {
          "executed_lines": [],
          "summary": {
            "covered_lines": 0,
            "num_statements": 2,
            "percent_covered": 0.0,
            "percent_covered_display": "0",
            "missing_lines": 2,
            "excluded_lines": 0,
            "percent_statements_covered": 0.0,
            "percent_statements_covered_display": "0"
          },
          "missing_lines": [
            25,
            26
          ],
          "excluded_lines": [],
          "start_line": 23
        },
        "get_rate": {
          "executed_lines": [
            48,
            49,
            51,
            52,
            53,
            54,
            58,
            59,
            61,
            62,
            66,
            69,
            70,
            71,
            74,
            77,
            78,
            80,
            82,
            85,
            86,
            87,
            89,
            93,
            94,
            95,
            101,
            103,
            104,
            106,
            107,
            108,
            110,
            112
          ],
          "summary": {
            "covered_lines": 34,
            "num_statements": 34,
            "percent_covered": 100.0,
            "percent_covered_display": "100",
            "missing_lines": 0,
            "excluded_lines": 0,
            "percent_statements_covered": 100.0,
            "percent_statements_covered_display": "100"
          },
          "missing_lines": [],
          "excluded_lines": [],
          "start_line": 29
        },
        "SrpEnergyClient.__init__": {
          "executed_lines": [
            141,
            142,
            144,
            145,
            147,
            148,
            150,
            151,
            153,
            154,
            156,
            157,
            159,
            160
          ],
          "summary": {
            "covered_lines": 14,
            "num_statements": 17,
            "percent_covered": 82.3529411764706,
            "percent_covered_display": "82",
            "missing_lines": 3,
            "excluded_lines": 0,
            "percent_statements_covered": 82.3529411764706,
            "percent_statements_covered_display": "82"
          },
          "missing_lines": [
            162,
            163,
            164
          ],
          "excluded_lines": [],
          "start_line": 138
        },
        "SrpEnergyClient.validate": {
          "executed_lines": [],
          "summary": {
            "covered_lines": 0,
            "num_statements": 9,
            "percent_covered": 0.0,
            "percent_covered_display": "0",
            "missing_lines": 9,
            "excluded_lines": 0,
            "percent_statements_covered": 0.0,
            "percent_statements_covered_display": "0"
          },
          "missing_lines": [
            189,
            191,
            193,
            197,
            198,
            200,
            202,
            204,
            205
          ],
          "excluded_lines": [],
          "start_line": 166
        },
        "SrpEnergyClient.usage": {
          "executed_lines": [],
          "summary": {
            "covered_lines": 0,
            "num_statements": 62,
            "percent_covered": 0.0,
            "percent_covered_display": "0",
            "missing_lines": 62,
            "excluded_lines": 1,
            "percent_statements_covered": 0.0,
            "percent_statements_covered_display": "0"
          },
          "missing_lines": [
            256,
            257,
            259,
            260,
            263,
            264,
            267,
            268,
            270,
            273,
            274,
            276,
            278,
            282,
            284,
            285,
            286,
            288,
            298,
            300,
            301,
            303,
            304,
            306,
            307,
            309,
            316,
            317,
            319,
            327,
            329,
            331,
            332,
            334,
            336,
            338,
            345,
            347,
            348,
            350,
            361,
            362,
            364,
            365,
            367,
            368,
            370,
            377,
            378,
            380,
            388,
            390,
            392,
            393,
            395,
            397,
            399,
            406,
            408,
            410,
            412,
            413
          ],
          "excluded_lines": [
            208
          ],
          "start_line": 207
        },
        "": {
          "executed_lines": [
            7,
            8,
            9,
            11,
            12,
            14,
            17,
            23,
            29,
            115,
            138,
            166,
            207
          ],
          "summary": {
            "covered_lines": 13,
            "num_statements": 13,