{
  "files": {
    "cf_speedtest/speedtest.py": {
      "executed_lines": [
        2,
        4,
        5,
        6,
        7,
        8,
        10,
        11,
        13,
        14,
        16,
        17,
        18,
        20,
        27,
        28,
        29,
        35,
        36,
        37,
        38,
        39,
        44,
        45,
        46,
        47,
        48,
        54,
        59,
        84,
        107,
        128,
        129,
        144,
        145,
        170,
        171,
        173,
        174,
        175,
        176,
        177,
        179,
        181,
        182,
        184,
        190,
        196,
        197,
        198,
        200,
        201,
        203,
        204,
        205,
        208,
        209,
        210,
        211,
        212,
        213,
        215,
        216,
        217,
        218,
        221,
        222,
        223,
        224,
        225,
        226,
        228,
        232,
        234,
        236,
        240,
        243,
        245,
        250,
        254,
        256,
        258,
        262,
        265,
        267,
        273,
        274,
        275,
        276,
        278,
        289,
        292,
        294,
        295,
        297,
        298,
        299,
        300,
        301,
        302,
        305,
        306,
        309,
        310,
        311,
        312,
        313,
        315,
        320,
        324,
        334,
        336,
        337,
        338,
        339,
        341,
        346,
        349
      ],
      "summary": {
        "covered_lines": 118,
        "num_statements": 169,
        "percent_covered": 69.8224852071006,
        "percent_covered_display": "70",
        "missing_lines": 51,
        "excluded_lines": 0,
        "percent_statements_covered": 69.8224852071006,
        "percent_statements_covered_display": "70"
      },
      "missing_lines": [
        49,
        50,
        51,
        52,
        53,
        60,
        62,
        67,
        68,
        71,
        73,
        74,
        75,
        79,
        85,
        86,
        88,
        89,
        91,
        93,
        94,
        96,
        97,
        98,
        102,
        108,
        110,
        111,
        112,
        114,
        115,
        117,
        118,
        119,
        123,
        130,
        132,
        133,
        141,
        150,
        152,
        153,
        154,
        155,
        162,
        164,
        229,
        230,
        251,
        252,
        350
      ],
      "excluded_lines": [],
      "functions": {
        "percentile": {
          "executed_lines": [
            36,
            37,
            38,
            39
          ],
          "summary": {
            "covered_lines": 4,
            "num_statements": 4,
            "percent_covered": 100.0,
            "percent_covered_display": "100",
            "missing_lines": 0,
            "excluded_lines": 0,
            "percent_statements_covered": 100.0,
            "percent_statements_covered_display": "100"
          },
          "missing_lines": [],
          "excluded_lines": [],
          "start_line": 35
        },
        "get_server_timing": {
          "executed_lines": [
            45,
            46,
            47,
            48,
            54
          ],
          "summary": {
            "covered_lines": 5,
            "num_statements": 10,
            "percent_covered": 50.0,
            "percent_covered_display": "50",
            "missing_lines": 5,
            "excluded_lines": 0,
            "percent_statements_covered": 50.0,
            "percent_statements_covered_display": "50"
          },
          "missing_lines": [
            49,
            50,
            51,
            52,
            53
          ],
          "excluded_lines": [],
          "start_line": 44
        },
        "upload_test": {
          "executed_lines": [],
          "summary": {
            "covered_lines": 0,
            "num_statements": 9,
            "percent_covered": 0.0,
            "percent_covered_display": "0",
            "missing_lines": 9,
            "excluded_lines": 0,
            "percent_statements_covered": 0.0,
            "percent_statements_covered_display": "0"
          },
          "missing_lines": [
            60,
            62,
            67,
            68,
            71,
            73,
            74,
            75,
            79
          ],
          "excluded_lines": [],
          "start_line": 59
        },
        "download_test": {
          "executed_lines": [],
          "summary": {
            "covered_lines": 0,
            "num_statements": 11,
            "percent_covered": 0.0,
            "percent_covered_display": "0",
            "missing_lines": 11,
            "excluded_lines": 0,
            "percent_statements_covered": 0.0,
            "percent_statements_covered_display": "0"
          },
          "missing_lines": [
            85,
            86,
            88,
            89,
            91,
            93,
            94,
            96,
            97,
            98,
            102
          ],
          "excluded_lines": [],
          "start_line": 84
        },
        "latency_test": {
          "executed_lines": [],
          "summary": {
            "covered_lines": 0,
            "num_statements": 10,
            "percent_covered": 0.0,
            "percent_covered_display": "0",
            "missing_lines": 10,
            "excluded_lines": 0,
            "percent_statements_covered": 0.0,
            "percent_statements_covered_display": "0"
          },
          "missing_lines": [
            108,
            110,
            111,
            112,
            114,
            115,
            117,
            118,
            119,
            123
          ],
          "excluded_lines": [],
          "start_line": 107
        },
        "get_our_country": {
          "executed_lines": [
            129
          ],
          "summary": {
            "covered_lines": 1,
            "num_statements": 5,
            "percent_covered": 20.0,
            "percent_covered_display": "20",
            "missing_lines": 4,
            "excluded_lines": 0,
            "percent_statements_covered": 20.0,
            "percent_statements_covered_display": "20"
          },
          "missing_lines": [
            130,
            132,
            133,
            141
          ],
          "excluded_lines": [],
          "start_line": 128
        },
        "preamble": {
          "executed_lines": [
            145
          ],
          "summary": {
            "covered_lines": 1,
            "num_statements": 8,
            "percent_covered": 12.5,
            "percent_covered_display": "12",
            "missing_lines": 7,
            "excluded_lines": 0,
            "percent_statements_covered": 12.5,
            "percent_statements_covered_display": "12"
          },
          "missing_lines": [
            150,
            152,
            153,
            154,
            155,
            162,
            164
          ],
          "excluded_lines": [],
          "start_line": 144
        },
        "run_tests": {
          "executed_lines": [
            171,
            173,
            174,
            175,
            176,
            177,
            179,
            181,
            182,
            184
          ],
          "summary": {
            "covered_lines": 10,
            "num_statements": 10,
            "percent_covered": 100.0,
            "percent_covered_display": "100",
            "missing_lines": 0,
            "excluded_lines": 0,
            "percent_statements_covered": 100.0,
            "percent_statements_covered_display": "100"
          },
          "missing_lines": [],
          "excluded_lines": [],
          "start_line": 170
        },