{
  "files": {
    "github_nonpublic_api/api.py": {
      "executed_lines": [
        15,
        17,
        18,
        19,
        20,
        21,
        23,
        24,
        25,
        26,
        27,
        28,
        29,
        30,
        33,
        36,
        37,
        77,
        84,
        91,
        94,
        96,
        99,
        115,
        116,
        117,
        118,
        119,
        120,
        123,
        124,
        127,
        134,
        135,
        137,
        138,
        141,
        142,
        148,
        155,
        164,
        186,
        309
      ],
      "summary": {
        "covered_lines": 40,
        "num_statements": 121,
        "percent_covered": 33.05785123966942,
        "percent_covered_display": "33",
        "missing_lines": 81,
        "excluded_lines": 0
      },
      "missing_lines": [
        38,
        40,
        42,
        43,
        45,
        46,
        47,
        48,
        49,
        50,
        51,
        53,
        55,
        57,
        58,
        59,
        60,
        61,
        64,
        65,
        67,
        69,
        70,
        72,
        73,
        74,
        78,
        79,
        80,
        81,
        97,
        103,
        104,
        106,
        112,
        170,
        171,
        173,
        174,
        175,
        187,
        188,
        190,
        196,
        197,
        201,
        203,
        204,
        206,
        213,
        217,
        219,
        225,
        229,
        232,
        234,
        240,
        241,
        242,
        248,
        250,
        251,
        252,
        256,
        257,
        258,
        260,
        267,
        277,
        283,
        284,
        286,
        287,
        288,
        289,
        297,
        298,
        299,
        300,
        310,
        312
      ],
      "excluded_lines": [],
      "functions": {
        "_get_and_submit_form": {
          "executed_lines": [
            36,
            37
          ],
          "summary": {
            "covered_lines": 2,
            "num_statements": 28,
            "percent_covered": 7.142857142857143,
            "percent_covered_display": "7",
            "missing_lines": 26,
            "excluded_lines": 0
          },
          "missing_lines": [
            38,
            40,
            42,
            43,
            45,
            46,
            47,
            48,
            49,
            50,
            51,
            53,
            55,
            57,
            58,
            59,
            60,
            61,
            64,
            65,
            67,
            69,
            70,
            72,
            73,
            74
          ],
          "excluded_lines": []
        },
        "_get_url_with_session": {
          "executed_lines": [],
          "summary": {
            "covered_lines": 0,
            "num_statements": 4,
            "percent_covered": 0.0,
            "percent_covered_display": "0",
            "missing_lines": 4,
            "excluded_lines": 0
          },
          "missing_lines": [
            78,
            79,
            80,
            81
          ],
          "excluded_lines": []
        },
        "create_login_session": {
          "executed_lines": [
            91,
            94,
            96,
            99
          ],
          "summary": {
            "covered_lines": 4,
            "num_statements": 7,
            "percent_covered": 57.142857142857146,
            "percent_covered_display": "57",
            "missing_lines": 3,
            "excluded_lines": 0
          },
          "missing_lines": [
            103,
            106,
            112
          ],
          "excluded_lines": []
        },
        "create_login_session._login_callback": {
          "executed_lines": [],
          "summary": {
            "covered_lines": 0,
            "num_statements": 1,
            "percent_covered": 0.0,
            "percent_covered_display": "0",
            "missing_lines": 1,
            "excluded_lines": 0
          },
          "missing_lines": [
            97
          ],
          "excluded_lines": []
        },
        "create_login_session._tfa_callback": {
          "executed_lines": [],
          "summary": {
            "covered_lines": 0,
            "num_statements": 1,
            "percent_covered": 0.0,
            "percent_covered_display": "0",
            "missing_lines": 1,
            "excluded_lines": 0
          },
          "missing_lines": [
            104
          ],
          "excluded_lines": []
        },
        "Api.__init__": {
          "executed_lines": [
            155
          ],
          "summary": {
            "covered_lines": 1,
            "num_statements": 1,
            "percent_covered": 100.0,
            "percent_covered_display": "100",
            "missing_lines": 0,
            "excluded_lines": 0
          },
          "missing_lines": [],
          "excluded_lines": []
        },
        "Api.request_usage": {
          "executed_lines": [],
          "summary": {
            "covered_lines": 0,
            "num_statements": 4,
            "percent_covered": 0.0,
            "percent_covered_display": "0",
            "missing_lines": 4,
            "excluded_lines": 0
          },
          "missing_lines": [
            170,
            173,
            174,
            175
          ],
          "excluded_lines": []
        },
        "Api.request_usage._request_usage_callback": {
          "executed_lines": [],
          "summary": {
            "covered_lines": 0,
            "num_statements": 1,
            "percent_covered": 0.0,
            "percent_covered_display": "0",
            "missing_lines": 1,
            "excluded_lines": 0
          },
          "missing_lines": [
            171
          ],
          "excluded_lines": []
        },
        "main": {
          "executed_lines": [],
          "summary": {
            "covered_lines": 0,
            "num_statements": 2,
            "percent_covered": 0.0,
            "percent_covered_display": "0",
            "missing_lines": 2,
            "excluded_lines": 0
          },
          "missing_lines": [
            188,
            190
          ],
          "excluded_lines": []
        },
        "install_application_in_organization": {
          "executed_lines": [],
          "summary": {
            "covered_lines": 0,
            "num_statements": 3,
            "percent_covered": 0.0,
            "percent_covered_display": "0",
            "missing_lines": 3,
            "excluded_lines": 0
          },
          "missing_lines": [
            201,
            203,
            206
          ],
          "excluded_lines": []
        },
        "install_application_in_organization._install_app_callback": {
          "executed_lines": [],
          "summary": {
            "covered_lines": 0,
            "num_statements": 1,
            "percent_covered": 0.0,
            "percent_covered_display": "0",
            "missing_lines": 1,
            "excluded_lines": 0
          },
          "missing_lines": [
            204
          ],
          "excluded_lines": []
        },
        "toggle_app_suspended": {
          "executed_lines": [],
          "summary": {
            "covered_lines": 0,
            "num_statements": 2,
            "percent_covered": 0.0,
            "percent_covered_display": "0",
            "missing_lines": 2,
            "excluded_lines": 0
          },