{
  "files": {
    "fcmeans/main.py": {
      "executed_lines": [
        1,
        2,
        4,
        5,
        6,
        7,
        8,
        11,
        13,
        14,
        15,
        18,
        44,
        46,
        47,
        48,
        49,
        50,
        51,
        52,
        53,
        54,
        57,
        59,
        60,
        66,
        67,
        68,
        69,
        72,
        83,
        84,
        109,
        110,
        129,
        130,
        132,
        134,
        135,
        157,
        158,
        162,
        163,
        167,
        168,
        174,
        175,
        179,
        180,
        185,
        186,
        187,
        189,
        193,
        194,
        200,
        202,
        206,
        207,
        208,
        210
      ],
      "summary": {
        "covered_lines": 61,
        "num_statements": 99,
        "percent_covered": 61.61616161616162,
        "percent_covered_display": "62",
        "missing_lines": 38,
        "excluded_lines": 0,
        "percent_statements_covered": 61.61616161616162,
        "percent_statements_covered_display": "62"
      },
      "missing_lines": [
        73,
        74,
        75,
        76,
        78,
        79,
        80,
        81,
        94,
        100,
        106,
        107,
        122,
        123,
        124,
        125,
        131,
        144,
        145,
        146,
        147,
        148,
        150,
        151,
        152,
        153,
        155,
        160,
        165,
        170,
        171,
        172,
        177,
        182,
        183,
        188,
        201,
        209
      ],
      "excluded_lines": [],
      "functions": {
        "FCM.fit": {
          "executed_lines": [
            66,
            67,
            68,
            69,
            72
          ],
          "summary": {
            "covered_lines": 5,
            "num_statements": 13,
            "percent_covered": 38.46153846153846,
            "percent_covered_display": "38",
            "missing_lines": 8,
            "excluded_lines": 0,
            "percent_statements_covered": 38.46153846153846,
            "percent_statements_covered_display": "38"
          },
          "missing_lines": [
            73,
            74,
            75,
            76,
            78,
            79,
            80,
            81
          ],
          "excluded_lines": [],
          "start_line": 60
        },
        "FCM.soft_predict": {
          "executed_lines": [],
          "summary": {
            "covered_lines": 0,
            "num_statements": 4,
            "percent_covered": 0.0,
            "percent_covered_display": "0",
            "missing_lines": 4,
            "excluded_lines": 0,
            "percent_statements_covered": 0.0,
            "percent_statements_covered_display": "0"
          },
          "missing_lines": [
            94,
            100,
            106,
            107
          ],
          "excluded_lines": [],
          "start_line": 84
        },
        "FCM.predict": {
          "executed_lines": [],
          "summary": {
            "covered_lines": 0,
            "num_statements": 4,
            "percent_covered": 0.0,
            "percent_covered_display": "0",
            "missing_lines": 4,
            "excluded_lines": 0,
            "percent_statements_covered": 0.0,
            "percent_statements_covered_display": "0"
          },
          "missing_lines": [
            122,
            123,
            124,
            125
          ],
          "excluded_lines": [],
          "start_line": 110
        },
        "FCM._is_trained": {
          "executed_lines": [
            130,
            132
          ],
          "summary": {
            "covered_lines": 2,
            "num_statements": 3,
            "percent_covered": 66.66666666666667,
            "percent_covered_display": "67",
            "missing_lines": 1,
            "excluded_lines": 0,
            "percent_statements_covered": 66.66666666666667,
            "percent_statements_covered_display": "67"
          },
          "missing_lines": [
            131
          ],
          "excluded_lines": [],
          "start_line": 129
        },
        "FCM._dist": {
          "executed_lines": [],
          "summary": {
            "covered_lines": 0,
            "num_statements": 10,
            "percent_covered": 0.0,
            "percent_covered_display": "0",
            "missing_lines": 10,
            "excluded_lines": 0,
            "percent_statements_covered": 0.0,
            "percent_statements_covered_display": "0"
          },
          "missing_lines": [
            144,
            145,
            146,
            147,
            148,
            150,
            151,
            152,
            153,
            155
          ],
          "excluded_lines": [],
          "start_line": 135
        },
        "FCM._euclidean": {
          "executed_lines": [],
          "summary": {
            "covered_lines": 0,
            "num_statements": 1,
            "percent_covered": 0.0,
            "percent_covered_display": "0",
            "missing_lines": 1,
            "excluded_lines": 0,
            "percent_statements_covered": 0.0,
            "percent_statements_covered_display": "0"
          },
          "missing_lines": [
            160
          ],
          "excluded_lines": [],
          "start_line": 158
        },
        "FCM._minkowski": {
          "executed_lines": [],
          "summary": {
            "covered_lines": 0,
            "num_statements": 1,
            "percent_covered": 0.0,
            "percent_covered_display": "0",
            "missing_lines": 1,
            "excluded_lines": 0,
            "percent_statements_covered": 0.0,
            "percent_statements_covered_display": "0"
          },
          "missing_lines": [
            165
          ],
          "excluded_lines": [],
          "start_line": 163
        },
        "FCM._cosine_similarity": {
          "executed_lines": [],
          "summary": {
            "covered_lines": 0,
            "num_statements": 3,
            "percent_covered": 0.0,
            "percent_covered_display": "0",
            "missing_lines": 3,
            "excluded_lines": 0,
            "percent_statements_covered": 0.0,
            "percent_statements_covered_display": "0"
          },
          "missing_lines": [
            170,
            171,
            172
          ],
          "excluded_lines": [],
          "start_line": 168
        },
        "FCM._cosine": {
          "executed_lines": [],
          "summary": {
            "covered_lines": 0,
            "num_statements": 1,
            "percent_covered": 0.0,
            "percent_covered_display": "0",
            "missing_lines": 1,
            "excluded_lines": 0,
            "percent_statements_covered": 0.0,
            "percent_statements_covered_display": "0"
          },
          "missing_lines": [
            177
          ],
          "excluded_lines": [],
          "start_line": 175
        },
        "FCM._next_centers": {
          "executed_lines": [],
          "summary": {
            "covered_lines": 0,
            "num_statements": 2,
            "percent_covered": 0.0,
            "percent_covered_display": "0",
            "missing_lines": 2,
            "excluded_lines": 0,
            "percent_statements_covered": 0.0,
            "percent_statements_covered_display": "0"
          },
          "missing_lines": [
            182,
            183
          ],
          "excluded_lines": [],
          "start_line": 180
        },
        "FCM.centers": {
          "executed_lines": [
            187,
            189
          ],
          "summary": {
            "covered_lines": 2,
            "num_statements": 3,
            "percent_covered": 66.66666666666667,
            "percent_covered_display": "67",