{
  "files": {
    "apyrat/apyrat.py": {
      "executed_lines": [
        1,
        2,
        3,
        4,
        5,
        6,
        7,
        8,
        10,
        11,
        13,
        17,
        18,
        19,
        22,
        23,
        24,
        25,
        26,
        27,
        28,
        32,
        35,
        36,
        37,
        38,
        39,
        40,
        41,
        44,
        45,
        46,
        47,
        49,
        50,
        52,
        53,
        54,
        61,
        62,
        63,
        91,
        92,
        93,
        106,
        107,
        108,
        109,
        110,
        111,
        112,
        113,
        114,
        115,
        116,
        118,
        126,
        133,
        151,
        156,
        171,
        172
      ],
      "summary": {
        "covered_lines": 62,
        "num_statements": 105,
        "percent_covered": 59.04761904761905,
        "percent_covered_display": "59",
        "missing_lines": 43,
        "excluded_lines": 0,
        "percent_statements_covered": 59.04761904761905,
        "percent_statements_covered_display": "59"
      },
      "missing_lines": [
        42,
        51,
        55,
        56,
        57,
        59,
        64,
        65,
        66,
        67,
        70,
        76,
        77,
        86,
        87,
        89,
        96,
        97,
        119,
        124,
        127,
        134,
        137,
        138,
        140,
        143,
        147,
        148,
        149,
        152,
        153,
        154,
        157,
        158,
        159,
        160,
        161,
        163,
        165,
        166,
        168,
        169,
        173
      ],
      "excluded_lines": [],
      "functions": {
        "Downloader.__init__": {
          "executed_lines": [
            37,
            38,
            39,
            40,
            41
          ],
          "summary": {
            "covered_lines": 5,
            "num_statements": 6,
            "percent_covered": 83.33333333333333,
            "percent_covered_display": "83",
            "missing_lines": 1,
            "excluded_lines": 0,
            "percent_statements_covered": 83.33333333333333,
            "percent_statements_covered_display": "83"
          },
          "missing_lines": [
            42
          ],
          "excluded_lines": [],
          "start_line": 36
        },
        "Downloader._cleanup_url": {
          "executed_lines": [
            46,
            47
          ],
          "summary": {
            "covered_lines": 2,
            "num_statements": 2,
            "percent_covered": 100.0,
            "percent_covered_display": "100",
            "missing_lines": 0,
            "excluded_lines": 0,
            "percent_statements_covered": 100.0,
            "percent_statements_covered_display": "100"
          },
          "missing_lines": [],
          "excluded_lines": [],
          "start_line": 45
        },
        "Downloader._url_type": {
          "executed_lines": [
            50,
            52,
            53,
            54
          ],
          "summary": {
            "covered_lines": 4,
            "num_statements": 9,
            "percent_covered": 44.44444444444444,
            "percent_covered_display": "44",
            "missing_lines": 5,
            "excluded_lines": 0,
            "percent_statements_covered": 44.44444444444444,
            "percent_statements_covered_display": "44"
          },
          "missing_lines": [
            51,
            55,
            56,
            57,
            59
          ],
          "excluded_lines": [],
          "start_line": 49
        },
        "Downloader._get_available_videos": {
          "executed_lines": [
            62,
            63
          ],
          "summary": {
            "covered_lines": 2,
            "num_statements": 12,
            "percent_covered": 16.666666666666668,
            "percent_covered_display": "17",
            "missing_lines": 10,
            "excluded_lines": 0,
            "percent_statements_covered": 16.666666666666668,
            "percent_statements_covered_display": "17"
          },
          "missing_lines": [
            64,
            65,
            66,
            67,
            70,
            76,
            77,
            86,
            87,
            89
          ],
          "excluded_lines": [],
          "start_line": 61
        },
        "Downloader._get_single_video_qualities": {
          "executed_lines": [
            92,
            93
          ],
          "summary": {
            "covered_lines": 2,
            "num_statements": 4,
            "percent_covered": 50.0,
            "percent_covered_display": "50",
            "missing_lines": 2,
            "excluded_lines": 0,
            "percent_statements_covered": 50.0,
            "percent_statements_covered_display": "50"
          },
          "missing_lines": [
            96,
            97
          ],
          "excluded_lines": [],
          "start_line": 91
        },
        "Downloader._make_request": {
          "executed_lines": [
            107,
            108,
            109,
            110,
            111,
            112,
            113,
            114,
            115,
            116
          ],
          "summary": {
            "covered_lines": 10,
            "num_statements": 10,
            "percent_covered": 100.0,
            "percent_covered_display": "100",
            "missing_lines": 0,
            "excluded_lines": 0,
            "percent_statements_covered": 100.0,
            "percent_statements_covered_display": "100"
          },
          "missing_lines": [],
          "excluded_lines": [],
          "start_line": 106
        },
        "Downloader._get_available_qualities": {
          "executed_lines": [],
          "summary": {
            "covered_lines": 0,
            "num_statements": 2,
            "percent_covered": 0.0,
            "percent_covered_display": "0",
            "missing_lines": 2,
            "excluded_lines": 0,
            "percent_statements_covered": 0.0,
            "percent_statements_covered_display": "0"
          },
          "missing_lines": [
            119,
            124
          ],
          "excluded_lines": [],
          "start_line": 118
        },
        "Downloader.default_quality": {
          "executed_lines": [],
          "summary": {
            "covered_lines": 0,
            "num_statements": 1,
            "percent_covered": 0.0,
            "percent_covered_display": "0",
            "missing_lines": 1,
            "excluded_lines": 0,
            "percent_statements_covered": 0.0,
            "percent_statements_covered_display": "0"
          },
          "missing_lines": [
            127
          ],
          "excluded_lines": [],
          "start_line": 126
        },
        "Downloader.find_closest_quality": {
          "executed_lines": [],
          "summary": {
            "covered_lines": 0,
            "num_statements": 8,
            "percent_covered": 0.0,
            "percent_covered_display": "0",
            "missing_lines": 8,
            "excluded_lines": 0,
            "percent_statements_covered": 0.0,
            "percent_statements_covered_display": "0"
          },
          "missing_lines": [
            134,
            137,
            138,
            140,
            143,
            147,
            148,
            149
          ],
          "excluded_lines": [],
          "start_line": 133
        },
        "Downloader.download": {
          "executed_lines": [],
          "summary": {
            "covered_lines": 0,
            "num_statements": 3,
            "percent_covered": 0.0,
            "percent_covered_display": "0",
            "missing_lines": 3,
            "excluded_lines": 0,
            "percent_statements_covered": 0.0,