{
  "files": {
    "tests/test_styles.py": {
      "executed_lines": [
        1,
        2,
        3,
        4,
        5,
        6,
        7,
        10,
        11,
        12,
        13,
        14,
        15,
        17,
        18,
        19,
        20,
        23,
        25,
        26,
        29,
        30,
        31,
        33,
        34,
        39,
        40,
        41,
        42,
        43,
        44,
        45,
        49,
        50,
        51,
        53,
        54,
        55,
        56,
        57,
        59,
        60,
        61,
        62,
        65,
        66,
        67,
        69,
        70,
        71,
        72,
        73,
        75,
        79,
        80,
        81,
        82,
        83,
        84,
        85,
        86,
        88,
        89,
        90,
        91,
        92,
        93,
        94,
        95,
        99,
        100,
        102,
        104,
        105,
        109,
        110,
        111,
        112,
        114,
        115,
        116,
        117,
        118
      ],
      "summary": {
        "covered_lines": 83,
        "num_statements": 87,
        "percent_covered": 95.40229885057471,
        "percent_covered_display": "95",
        "missing_lines": 4,
        "excluded_lines": 0
      },
      "missing_lines": [
        21,
        32,
        36,
        97
      ],
      "excluded_lines": [],
      "functions": {
        "get_github_json_file": {
          "executed_lines": [
            11,
            12,
            13,
            14,
            15,
            17,
            18,
            19,
            20,
            23,
            25,
            26
          ],
          "summary": {
            "covered_lines": 12,
            "num_statements": 13,
            "percent_covered": 92.3076923076923,
            "percent_covered_display": "92",
            "missing_lines": 1,
            "excluded_lines": 0
          },
          "missing_lines": [
            21
          ],
          "excluded_lines": []
        },
        "recursive_update": {
          "executed_lines": [
            30,
            31,
            33,
            34
          ],
          "summary": {
            "covered_lines": 4,
            "num_statements": 6,
            "percent_covered": 66.66666666666667,
            "percent_covered_display": "67",
            "missing_lines": 2,
            "excluded_lines": 0
          },
          "missing_lines": [
            32,
            36
          ],
          "excluded_lines": []
        },
        "TestStyles.setUp": {
          "executed_lines": [
            41,
            42,
            43,
            44,
            45
          ],
          "summary": {
            "covered_lines": 5,
            "num_statements": 5,
            "percent_covered": 100.0,
            "percent_covered_display": "100",
            "missing_lines": 0,
            "excluded_lines": 0
          },
          "missing_lines": [],
          "excluded_lines": []
        },
        "TestStyles.validate_request": {
          "executed_lines": [
            51
          ],
          "summary": {
            "covered_lines": 1,
            "num_statements": 1,
            "percent_covered": 100.0,
            "percent_covered_display": "100",
            "missing_lines": 0,
            "excluded_lines": 0
          },
          "missing_lines": [],
          "excluded_lines": []
        },
        "TestStyles.style_to_request": {
          "executed_lines": [
            54,
            55,
            56,
            57,
            59,
            60,
            61,
            62,
            65,
            66,
            67,
            69,
            70,
            71,
            72,
            73,
            75,
            79,
            80,
            81,
            82,
            83,
            84,
            85,
            86,
            88,
            89,
            90,
            91,
            92,
            93,
            94,
            95,
            99,
            100,
            102
          ],
          "summary": {
            "covered_lines": 36,
            "num_statements": 37,
            "percent_covered": 97.29729729729729,
            "percent_covered_display": "97",
            "missing_lines": 1,
            "excluded_lines": 0
          },
          "missing_lines": [
            97
          ],
          "excluded_lines": []
        },
        "TestStyles.test_enhancements": {
          "executed_lines": [
            105,
            109,
            110,
            111,
            112
          ],
          "summary": {
            "covered_lines": 5,
            "num_statements": 5,
            "percent_covered": 100.0,
            "percent_covered_display": "100",
            "missing_lines": 0,
            "excluded_lines": 0
          },
          "missing_lines": [],
          "excluded_lines": []
        },
        "TestStyles.test_styles": {
          "executed_lines": [
            115,
            116,
            117,
            118
          ],
          "summary": {
            "covered_lines": 4,
            "num_statements": 4,
            "percent_covered": 100.0,
            "percent_covered_display": "100",
            "missing_lines": 0,
            "excluded_lines": 0
          },
          "missing_lines": [],
          "excluded_lines": []
        },
        "": {
          "executed_lines": [
            1,
            2,
            3,
            4,
            5,
            6,
            7,
            10,
            29,
            39,
            40,
            49,
            50,
            53,
            104,
            114
          ],
          "summary": {
            "covered_lines": 16,
            "num_statements": 16,
            "percent_covered": 100.0,
            "percent_covered_display": "100",
            "missing_lines": 0,
            "excluded_lines": 0
          },
          "missing_lines": [],
          "excluded_lines": []
        }
      },
      "classes": {
        "TestStyles": {
          "executed_lines": [
            41,
            42,
            43,
            44,
            45,
            51,
            54,
            55,
            56,
            57,
            59,
            60,
            61,
            62,
            65,
            66,
            67,
            69,
            70,
            71,
            72,
            73,
            75,
            79,
            80,
            81,
            82,
            83,
            84,
            85,
            86,
            88,
            89,
            90,
            91,
            92,
            93,
            94,
            95,
            99,
            100,
            102,
            105,
            109,
            110,
            111,
            112,
            115,
            116,
            117,
            118
          ],
          "summary": {
            "covered_lines": 51,
            "num_statements": 52,
            "percent_covered": 98.07692307692308,
            "percent_covered_display": "98",
            "missing_lines": 1,
            "excluded_lines": 0
          },
          "missing_lines": [
            97
          ],
          "excluded_lines": []
        },