{
  "files": {
    "consensus_decentralization/plot.py": {
      "executed_lines": [
        1,
        2,
        3,
        4,
        5,
        6,
        7,
        9,
        28,
        37,
        51,
        64,
        140,
        173
      ],
      "summary": {
        "covered_lines": 14,
        "num_statements": 116,
        "percent_covered": 12.068965517241379,
        "percent_covered_display": "12",
        "missing_lines": 102,
        "excluded_lines": 13,
        "percent_statements_covered": 12.068965517241379,
        "percent_statements_covered_display": "12"
      },
      "missing_lines": [
        10,
        11,
        12,
        13,
        15,
        16,
        17,
        19,
        20,
        22,
        23,
        24,
        25,
        26,
        29,
        30,
        31,
        33,
        34,
        35,
        38,
        39,
        40,
        41,
        43,
        44,
        46,
        47,
        48,
        49,
        52,
        53,
        54,
        55,
        57,
        58,
        59,
        61,
        62,
        65,
        66,
        67,
        68,
        69,
        71,
        75,
        76,
        77,
        78,
        80,
        81,
        82,
        83,
        85,
        86,
        87,
        88,
        89,
        90,
        91,
        92,
        93,
        95,
        97,
        98,
        99,
        100,
        101,
        103,
        104,
        105,
        106,
        107,
        113,
        114,
        115,
        116,
        117,
        119,
        120,
        130,
        141,
        142,
        143,
        144,
        145,
        146,
        147,
        148,
        149,
        150,
        151,
        152,
        153,
        154,
        163,
        174,
        175,
        176,
        177,
        178,
        179
      ],
      "excluded_lines": [
        181,
        182,
        183,
        185,
        186,
        187,
        189,
        191,
        199,
        207,
        214,
        219,
        220
      ],
      "functions": {
        "plot_animated_lines": {
          "executed_lines": [],
          "summary": {
            "covered_lines": 0,
            "num_statements": 14,
            "percent_covered": 0.0,
            "percent_covered_display": "0",
            "missing_lines": 14,
            "excluded_lines": 0,
            "percent_statements_covered": 0.0,
            "percent_statements_covered_display": "0"
          },
          "missing_lines": [
            10,
            11,
            12,
            13,
            15,
            16,
            17,
            19,
            20,
            22,
            23,
            24,
            25,
            26
          ],
          "excluded_lines": [],
          "start_line": 9
        },
        "plot_lines": {
          "executed_lines": [],
          "summary": {
            "covered_lines": 0,
            "num_statements": 6,
            "percent_covered": 0.0,
            "percent_covered_display": "0",
            "missing_lines": 6,
            "excluded_lines": 0,
            "percent_statements_covered": 0.0,
            "percent_statements_covered_display": "0"
          },
          "missing_lines": [
            29,
            30,
            31,
            33,
            34,
            35
          ],
          "excluded_lines": [],
          "start_line": 28
        },
        "plot_stack_area_chart": {
          "executed_lines": [],
          "summary": {
            "covered_lines": 0,
            "num_statements": 10,
            "percent_covered": 0.0,
            "percent_covered_display": "0",
            "missing_lines": 10,
            "excluded_lines": 0,
            "percent_statements_covered": 0.0,
            "percent_statements_covered_display": "0"
          },
          "missing_lines": [
            38,
            39,
            40,
            41,
            43,
            44,
            46,
            47,
            48,
            49
          ],
          "excluded_lines": [],
          "start_line": 37
        },
        "plot_animated_stack_area_chart": {
          "executed_lines": [],
          "summary": {
            "covered_lines": 0,
            "num_statements": 9,
            "percent_covered": 0.0,
            "percent_covered_display": "0",
            "missing_lines": 9,
            "excluded_lines": 0,
            "percent_statements_covered": 0.0,
            "percent_statements_covered_display": "0"
          },
          "missing_lines": [
            52,
            53,
            54,
            55,
            57,
            58,
            59,
            61,
            62
          ],
          "excluded_lines": [],
          "start_line": 51
        },
        "plot_dynamics_per_ledger": {
          "executed_lines": [],
          "summary": {
            "covered_lines": 0,
            "num_statements": 42,
            "percent_covered": 0.0,
            "percent_covered_display": "0",
            "missing_lines": 42,
            "excluded_lines": 0,
            "percent_statements_covered": 0.0,
            "percent_statements_covered_display": "0"
          },
          "missing_lines": [
            65,
            66,
            67,
            68,
            69,
            71,
            75,
            76,
            77,
            78,
            80,
            81,
            82,
            83,
            85,
            86,
            87,
            88,
            89,
            90,
            91,
            92,
            93,
            95,
            97,
            98,
            99,
            100,
            101,
            103,
            104,
            105,
            106,
            107,
            113,
            114,
            115,
            116,
            117,
            119,
            120,
            130
          ],
          "excluded_lines": [],
          "start_line": 64
        },
        "plot_comparative_metrics": {
          "executed_lines": [],
          "summary": {
            "covered_lines": 0,
            "num_statements": 15,
            "percent_covered": 0.0,
            "percent_covered_display": "0",
            "missing_lines": 15,
            "excluded_lines": 0,
            "percent_statements_covered": 0.0,
            "percent_statements_covered_display": "0"
          },
          "missing_lines": [
            141,
            142,
            143,
            144,
            145,
            146,
            147,
            148,
            149,
            150,
            151,
            152,
            153,
            154,
            163
          ],
          "excluded_lines": [],
          "start_line": 140
        },
        "plot": {
          "executed_lines": [],
          "summary": {
            "covered_lines": 0,
            "num_statements": 6,
            "percent_covered": 0.0,
            "percent_covered_display": "0",
            "missing_lines": 6,
            "excluded_lines": 0,
            "percent_statements_covered": 0.0,
            "percent_statements_covered_display": "0"
          },
          "missing_lines": [
            174,
            175,
            176,
            177,
            178,
            179
          ],
          "excluded_lines": [],
          "start_line": 173
        },
        "": {
          "executed_lines": [
            1,
            2,
            3,
            4,
            5,
            6,
            7,
            9,
            28,
            37,
            51,
            64,
            140,
            173
          ],
          "summary": {
            "covered_lines": 14,
            "num_statements": 14,
            "percent_covered": 100.0,
            "percent_covered_display": "100",
            "missing_lines": 0,
            "excluded_lines": 13,