{
  "files": {
    "chessdotcom/client.py": {
      "executed_lines": [
        1,
        2,
        3,
        4,
        5,
        6,
        7,
        9,
        10,
        13,
        21,
        22,
        23,
        25,
        26,
        27,
        29,
        30,
        31,
        36,
        38,
        39,
        40,
        41,
        42,
        45,
        57,
        58,
        59,
        60,
        62,
        63,
        64,
        66,
        68,
        69,
        72,
        73,
        76,
        80,
        82,
        83,
        84,
        85,
        87,
        88,
        90,
        91,
        93,
        101,
        103,
        104,
        105,
        106,
        107,
        108,
        110,
        111,
        112,
        113,
        115,
        116,
        117,
        118,
        119,
        120,
        121,
        123,
        126,
        128,
        130,
        131,
        134,
        148,
        156,
        158,
        165,
        168,
        170,
        172,
        173,
        175,
        178,
        180,
        181,
        182,
        185,
        188,
        189,
        191,
        200,
        201,
        202,
        203,
        205,
        206
      ],
      "summary": {
        "covered_lines": 96,
        "num_statements": 103,
        "percent_covered": 93.20388349514563,
        "percent_covered_display": "93",
        "missing_lines": 7,
        "excluded_lines": 0,
        "percent_statements_covered": 93.20388349514563,
        "percent_statements_covered_display": "93"
      },
      "missing_lines": [
        32,
        35,
        70,
        74,
        94,
        122,
        183
      ],
      "excluded_lines": [],
      "functions": {
        "RateLimitHandler.__init__": {
          "executed_lines": [
            22,
            23
          ],
          "summary": {
            "covered_lines": 2,
            "num_statements": 2,
            "percent_covered": 100.0,
            "percent_covered_display": "100",
            "missing_lines": 0,
            "excluded_lines": 0,
            "percent_statements_covered": 100.0,
            "percent_statements_covered_display": "100"
          },
          "missing_lines": [],
          "excluded_lines": [],
          "start_line": 21
        },
        "RateLimitHandler.retries": {
          "executed_lines": [
            31,
            36
          ],
          "summary": {
            "covered_lines": 2,
            "num_statements": 4,
            "percent_covered": 50.0,
            "percent_covered_display": "50",
            "missing_lines": 2,
            "excluded_lines": 0,
            "percent_statements_covered": 50.0,
            "percent_statements_covered_display": "50"
          },
          "missing_lines": [
            32,
            35
          ],
          "excluded_lines": [],
          "start_line": 30
        },
        "RateLimitHandler.should_try_again": {
          "executed_lines": [
            39,
            40,
            41,
            42
          ],
          "summary": {
            "covered_lines": 4,
            "num_statements": 4,
            "percent_covered": 100.0,
            "percent_covered_display": "100",
            "missing_lines": 0,
            "excluded_lines": 0,
            "percent_statements_covered": 100.0,
            "percent_statements_covered_display": "100"
          },
          "missing_lines": [],
          "excluded_lines": [],
          "start_line": 38
        },
        "Client.endpoint": {
          "executed_lines": [
            64,
            66
          ],
          "summary": {
            "covered_lines": 2,
            "num_statements": 2,
            "percent_covered": 100.0,
            "percent_covered_display": "100",
            "missing_lines": 0,
            "excluded_lines": 0,
            "percent_statements_covered": 100.0,
            "percent_statements_covered_display": "100"
          },
          "missing_lines": [],
          "excluded_lines": [],
          "start_line": 63
        },
        "Client.loop_callback": {
          "executed_lines": [],
          "summary": {
            "covered_lines": 0,
            "num_statements": 1,
            "percent_covered": 0.0,
            "percent_covered_display": "0",
            "missing_lines": 1,
            "excluded_lines": 0,
            "percent_statements_covered": 0.0,
            "percent_statements_covered_display": "0"
          },
          "missing_lines": [
            70
          ],
          "excluded_lines": [],
          "start_line": 69
        },
        "Client.do_get_request": {
          "executed_lines": [
            73,
            76,
            80
          ],
          "summary": {
            "covered_lines": 3,
            "num_statements": 4,
            "percent_covered": 75.0,
            "percent_covered_display": "75",
            "missing_lines": 1,
            "excluded_lines": 0,
            "percent_statements_covered": 75.0,
            "percent_statements_covered_display": "75"
          },
          "missing_lines": [
            74
          ],
          "excluded_lines": [],
          "start_line": 72
        },
        "Client.activate_endpoint": {
          "executed_lines": [
            84,
            87,
            88
          ],
          "summary": {
            "covered_lines": 3,
            "num_statements": 3,
            "percent_covered": 100.0,
            "percent_covered_display": "100",
            "missing_lines": 0,
            "excluded_lines": 0,
            "percent_statements_covered": 100.0,
            "percent_statements_covered_display": "100"
          },
          "missing_lines": [],
          "excluded_lines": [],
          "start_line": 82
        },
        "Client.activate_endpoint.wrapper": {
          "executed_lines": [
            85
          ],
          "summary": {
            "covered_lines": 1,
            "num_statements": 1,
            "percent_covered": 100.0,
            "percent_covered_display": "100",
            "missing_lines": 0,
            "excluded_lines": 0,
            "percent_statements_covered": 100.0,
            "percent_statements_covered_display": "100"
          },
          "missing_lines": [],
          "excluded_lines": [],
          "start_line": 84
        },
        "Client._build_request_options": {
          "executed_lines": [
            91,
            93,
            101
          ],
          "summary": {
            "covered_lines": 3,
            "num_statements": 4,
            "percent_covered": 75.0,
            "percent_covered_display": "75",
            "missing_lines": 1,
            "excluded_lines": 0,
            "percent_statements_covered": 75.0,
            "percent_statements_covered_display": "75"
          },
          "missing_lines": [
            94
          ],
          "excluded_lines": [],
          "start_line": 90
        },
        "Client._do_sync_get_request": {
          "executed_lines": [
            104,
            105,
            106,
            107,
            108,
            110,
            111,
            112,
            113,
            115,
            116,
            117,
            118,
            119,
            120,
            121,
            123,
            126,
            128
          ],
          "summary": {
            "covered_lines": 19,
            "num_statements": 20,
            "percent_covered": 95.0,
            "percent_covered_display": "95",
            "missing_lines": 1,
            "excluded_lines": 0,
            "percent_statements_covered": 95.0,
            "percent_statements_covered_display": "95"
          },
          "missing_lines": [
            122
          ],
          "excluded_lines": [],
          "start_line": 103
        },