{
  "files": {
    "ash_model/viz/static.py": {
      "executed_lines": [
        1,
        2,
        3,
        6,
        19,
        20,
        24,
        25,
        26,
        27,
        28,
        29,
        30,
        31,
        33,
        35,
        44,
        45,
        47,
        50,
        65,
        66,
        70,
        71,
        73,
        75,
        77,
        84,
        87,
        99,
        100,
        103,
        104,
        105,
        106,
        108,
        109,
        110,
        111,
        112,
        120,
        121,
        122,
        125,
        137,
        138,
        142,
        143,
        144,
        145,
        146,
        147,
        149,
        150,
        152,
        154,
        164,
        165,
        166
      ],
      "summary": {
        "covered_lines": 59,
        "num_statements": 65,
        "percent_covered": 90.76923076923077,
        "percent_covered_display": "91",
        "missing_lines": 6,
        "excluded_lines": 0
      },
      "missing_lines": [
        22,
        68,
        72,
        74,
        102,
        140
      ],
      "excluded_lines": [],
      "functions": {
        "plot_s_degrees": {
          "executed_lines": [
            19,
            20,
            24,
            25,
            26,
            27,
            28,
            29,
            30,
            31,
            33,
            35,
            44,
            45,
            47
          ],
          "summary": {
            "covered_lines": 15,
            "num_statements": 16,
            "percent_covered": 93.75,
            "percent_covered_display": "94",
            "missing_lines": 1,
            "excluded_lines": 0
          },
          "missing_lines": [
            22
          ],
          "excluded_lines": []
        },
        "plot_hyperedge_size_distribution": {
          "executed_lines": [
            65,
            66,
            70,
            71,
            73,
            75,
            77,
            84
          ],
          "summary": {
            "covered_lines": 8,
            "num_statements": 11,
            "percent_covered": 72.72727272727273,
            "percent_covered_display": "73",
            "missing_lines": 3,
            "excluded_lines": 0
          },
          "missing_lines": [
            68,
            72,
            74
          ],
          "excluded_lines": []
        },
        "plot_degree_distribution": {
          "executed_lines": [
            99,
            100,
            103,
            104,
            105,
            106,
            108,
            109,
            110,
            111,
            112,
            120,
            121,
            122
          ],
          "summary": {
            "covered_lines": 14,
            "num_statements": 15,
            "percent_covered": 93.33333333333333,
            "percent_covered_display": "93",
            "missing_lines": 1,
            "excluded_lines": 0
          },
          "missing_lines": [
            102
          ],
          "excluded_lines": []
        },
        "plot_s_ranks": {
          "executed_lines": [
            137,
            138,
            142,
            143,
            144,
            145,
            146,
            147,
            149,
            150,
            152,
            154,
            164,
            165,
            166
          ],
          "summary": {
            "covered_lines": 15,
            "num_statements": 16,
            "percent_covered": 93.75,
            "percent_covered_display": "94",
            "missing_lines": 1,
            "excluded_lines": 0
          },
          "missing_lines": [
            140
          ],
          "excluded_lines": []
        },
        "": {
          "executed_lines": [
            1,
            2,
            3,
            6,
            50,
            87,
            125
          ],
          "summary": {
            "covered_lines": 7,
            "num_statements": 7,
            "percent_covered": 100.0,
            "percent_covered_display": "100",
            "missing_lines": 0,
            "excluded_lines": 0
          },
          "missing_lines": [],
          "excluded_lines": []
        }
      },
      "classes": {
        "": {
          "executed_lines": [
            1,
            2,
            3,
            6,
            19,
            20,
            24,
            25,
            26,
            27,
            28,
            29,
            30,
            31,
            33,
            35,
            44,
            45,
            47,
            50,
            65,
            66,
            70,
            71,
            73,
            75,
            77,
            84,
            87,
            99,
            100,
            103,
            104,
            105,
            106,
            108,
            109,
            110,
            111,
            112,
            120,
            121,
            122,
            125,
            137,
            138,
            142,
            143,
            144,
            145,
            146,
            147,
            149,
            150,
            152,
            154,
            164,
            165,
            166
          ],
          "summary": {
            "covered_lines": 59,
            "num_statements": 65,
            "percent_covered": 90.76923076923077,
            "percent_covered_display": "91",
            "missing_lines": 6,
            "excluded_lines": 0
          },
          "missing_lines": [
            22,
            68,
            72,
            74,
            102,
            140
          ],
          "excluded_lines": []
        }
      }
    },
    "ash_model/viz/temporal.py": {
      "executed_lines": [
        1,
        2,
        4,
        7,
        17,
        29,
        32,
        33,
        35,
        41,
        46,
        49,
        50,
        58,
        76,
        77,
        79,
        80,
        82,
        84,
        85,
        86,
        90,
        92,
        93,
        97,
        98,
        100,
        132,
        143,
        144,
        148,
        149,
        150,
        152,
        155,
        158
      ],
      "summary": {
        "covered_lines": 37,
        "num_statements": 51,
        "percent_covered": 72.54901960784314,
        "percent_covered_display": "73",
        "missing_lines": 14,
        "excluded_lines": 0
      },
      "missing_lines": [
        14,
        30,
        36,
        47,
        52,
        53,
        55,
        87,
        88,
        95,
        99,
        102,
        146,
        156
      ],
      "excluded_lines": [],
      "functions": {
        "__rolling_mean": {
          "executed_lines": [],
          "summary": {
            "covered_lines": 0,
            "num_statements": 1,
            "percent_covered": 0.0,
            "percent_covered_display": "0",
            "missing_lines": 1,
            "excluded_lines": 0
          },
          "missing_lines": [
            14
          ],
          "excluded_lines": []
        },
        "plot_structure_dynamics": {
          "executed_lines": [
            29,
            32,
            33,
            35,
            41,
            46,
            49,
            50
          ],
          "summary": {
            "covered_lines": 8,
            "num_statements": 14,
            "percent_covered": 57.142857142857146,