{
  "files": {
    "srpenergy/client.py": {
      "executed_lines": [
        7,
        8,
        9,
        11,
        12,
        14,
        17,
        23,
        29,
        48,
        49,
        51,
        52,
        53,
        54,
        58,
        59,
        61,
        62,
        66,
        69,
        70,
        71,
        74,
        77,
        78,
        80,
        82,
        85,
        86,
        87,
        89,
        93,
        94,
        95,
        101,
        103,
        104,
        106,
        107,
        108,
        110,
        112,
        115,
        138,
        141,
        142,
        144,
        145,
        147,
        148,
        150,
        151,
        153,
        154,
        156,
        157,
        159,
        160,
        166,
        204
      ],
      "summary": {
        "covered_lines": 61,
        "num_statements": 111,
        "percent_covered": 54.95495495495496,
        "percent_covered_display": "55",
        "missing_lines": 50,
        "excluded_lines": 1,
        "percent_statements_covered": 54.95495495495496,
        "percent_statements_covered_display": "55"
      },
      "missing_lines": [
        19,
        20,
        25,
        26,
        162,
        163,
        164,
        189,
        191,
        195,
        197,
        199,
        201,
        202,
        253,
        254,
        256,
        257,
        260,
        261,
        264,
        265,
        267,
        270,
        271,
        273,
        278,
        279,
        281,
        292,
        293,
        295,
        296,
        298,
        299,
        301,
        308,
        309,
        311,
        319,
        321,
        323,
        324,
        326,
        328,
        330,
        337,
        339,
        341,
        342
      ],
      "excluded_lines": [
        205
      ],
      "functions": {
        "get_pretty_date": {
          "executed_lines": [],
          "summary": {
            "covered_lines": 0,
            "num_statements": 2,
            "percent_covered": 0.0,
            "percent_covered_display": "0",
            "missing_lines": 2,
            "excluded_lines": 0,
            "percent_statements_covered": 0.0,
            "percent_statements_covered_display": "0"
          },
          "missing_lines": [
            19,
            20
          ],
          "excluded_lines": [],
          "start_line": 17
        },
        "get_pretty_time": {
          "executed_lines": [],
          "summary": {
            "covered_lines": 0,
            "num_statements": 2,
            "percent_covered": 0.0,
            "percent_covered_display": "0",
            "missing_lines": 2,
            "excluded_lines": 0,
            "percent_statements_covered": 0.0,
            "percent_statements_covered_display": "0"
          },
          "missing_lines": [
            25,
            26
          ],
          "excluded_lines": [],
          "start_line": 23
        },
        "get_rate": {
          "executed_lines": [
            48,
            49,
            51,
            52,
            53,
            54,
            58,
            59,
            61,
            62,
            66,
            69,
            70,
            71,
            74,
            77,
            78,
            80,
            82,
            85,
            86,
            87,
            89,
            93,
            94,
            95,
            101,
            103,
            104,
            106,
            107,
            108,
            110,
            112
          ],
          "summary": {
            "covered_lines": 34,
            "num_statements": 34,
            "percent_covered": 100.0,
            "percent_covered_display": "100",
            "missing_lines": 0,
            "excluded_lines": 0,
            "percent_statements_covered": 100.0,
            "percent_statements_covered_display": "100"
          },
          "missing_lines": [],
          "excluded_lines": [],
          "start_line": 29
        },
        "SrpEnergyClient.__init__": {
          "executed_lines": [
            141,
            142,
            144,
            145,
            147,
            148,
            150,
            151,
            153,
            154,
            156,
            157,
            159,
            160
          ],
          "summary": {
            "covered_lines": 14,
            "num_statements": 17,
            "percent_covered": 82.3529411764706,
            "percent_covered_display": "82",
            "missing_lines": 3,
            "excluded_lines": 0,
            "percent_statements_covered": 82.3529411764706,
            "percent_statements_covered_display": "82"
          },
          "missing_lines": [
            162,
            163,
            164
          ],
          "excluded_lines": [],
          "start_line": 138
        },
        "SrpEnergyClient.validate": {
          "executed_lines": [],
          "summary": {
            "covered_lines": 0,
            "num_statements": 7,
            "percent_covered": 0.0,
            "percent_covered_display": "0",
            "missing_lines": 7,
            "excluded_lines": 0,
            "percent_statements_covered": 0.0,
            "percent_statements_covered_display": "0"
          },
          "missing_lines": [
            189,
            191,
            195,
            197,
            199,
            201,
            202
          ],
          "excluded_lines": [],
          "start_line": 166
        },
        "SrpEnergyClient.usage": {
          "executed_lines": [],
          "summary": {
            "covered_lines": 0,
            "num_statements": 36,
            "percent_covered": 0.0,
            "percent_covered_display": "0",
            "missing_lines": 36,
            "excluded_lines": 1,
            "percent_statements_covered": 0.0,
            "percent_statements_covered_display": "0"
          },
          "missing_lines": [
            253,
            254,
            256,
            257,
            260,
            261,
            264,
            265,
            267,
            270,
            271,
            273,
            278,
            279,
            281,
            292,
            293,
            295,
            296,
            298,
            299,
            301,
            308,
            309,
            311,
            319,
            321,
            323,
            324,
            326,
            328,
            330,
            337,
            339,
            341,
            342
          ],
          "excluded_lines": [
            205
          ],
          "start_line": 204
        },
        "": {
          "executed_lines": [
            7,
            8,
            9,
            11,
            12,
            14,
            17,
            23,
            29,
            115,
            138,
            166,
            204
          ],
          "summary": {
            "covered_lines": 13,
            "num_statements": 13,
            "percent_covered": 100.0,
            "percent_covered_display": "100",
            "missing_lines": 0,
            "excluded_lines": 0,
            "percent_statements_covered": 100.0,
            "percent_statements_covered_display": "100"
          },
          "missing_lines": [],
          "excluded_lines": [],
          "start_line": 1
        }
      },
      "classes": {
        "SrpEnergyClient": {
          "executed_lines": [
            141,
            142,
            144,
            145,
            147,
            148,
            150,
            151,
            153,
            154,
            156,
            157,
            159,
            160
          ],
          "summary": {
            "covered_lines": 14,
            "num_statements": 60,
            "percent_covered": 23.333333333333332,