{
  "files": {
    "chessdotcom/client.py": {
      "executed_lines": [
        1,
        2,
        3,
        4,
        5,
        7,
        8,
        10,
        11,
        14,
        22,
        23,
        24,
        26,
        27,
        28,
        30,
        31,
        32,
        37,
        39,
        40,
        41,
        42,
        43,
        46,
        58,
        59,
        60,
        61,
        63,
        64,
        65,
        67,
        69,
        70,
        73,
        74,
        77,
        81,
        83,
        84,
        85,
        86,
        88,
        89,
        91,
        92,
        94,
        102,
        104,
        105,
        118,
        119,
        120,
        135,
        149,
        157,
        159,
        166,
        169,
        171,
        173,
        174,
        176,
        179,
        181,
        182,
        183,
        186,
        189,
        190,
        192,
        201,
        202,
        203,
        204,
        206,
        207
      ],
      "summary": {
        "covered_lines": 79,
        "num_statements": 98,
        "percent_covered": 80.61224489795919,
        "percent_covered_display": "81",
        "missing_lines": 19,
        "excluded_lines": 0,
        "percent_statements_covered": 80.61224489795919,
        "percent_statements_covered_display": "81"
      },
      "missing_lines": [
        33,
        36,
        71,
        75,
        95,
        108,
        110,
        111,
        112,
        113,
        116,
        123,
        124,
        126,
        127,
        128,
        129,
        132,
        184
      ],
      "excluded_lines": [],
      "functions": {
        "RateLimitHandler.__init__": {
          "executed_lines": [
            23,
            24
          ],
          "summary": {
            "covered_lines": 2,
            "num_statements": 2,
            "percent_covered": 100.0,
            "percent_covered_display": "100",
            "missing_lines": 0,
            "excluded_lines": 0,
            "percent_statements_covered": 100.0,
            "percent_statements_covered_display": "100"
          },
          "missing_lines": [],
          "excluded_lines": [],
          "start_line": 22
        },
        "RateLimitHandler.retries": {
          "executed_lines": [
            32,
            37
          ],
          "summary": {
            "covered_lines": 2,
            "num_statements": 4,
            "percent_covered": 50.0,
            "percent_covered_display": "50",
            "missing_lines": 2,
            "excluded_lines": 0,
            "percent_statements_covered": 50.0,
            "percent_statements_covered_display": "50"
          },
          "missing_lines": [
            33,
            36
          ],
          "excluded_lines": [],
          "start_line": 31
        },
        "RateLimitHandler.should_try_again": {
          "executed_lines": [
            40,
            41,
            42,
            43
          ],
          "summary": {
            "covered_lines": 4,
            "num_statements": 4,
            "percent_covered": 100.0,
            "percent_covered_display": "100",
            "missing_lines": 0,
            "excluded_lines": 0,
            "percent_statements_covered": 100.0,
            "percent_statements_covered_display": "100"
          },
          "missing_lines": [],
          "excluded_lines": [],
          "start_line": 39
        },
        "Client.endpoint": {
          "executed_lines": [
            65,
            67
          ],
          "summary": {
            "covered_lines": 2,
            "num_statements": 2,
            "percent_covered": 100.0,
            "percent_covered_display": "100",
            "missing_lines": 0,
            "excluded_lines": 0,
            "percent_statements_covered": 100.0,
            "percent_statements_covered_display": "100"
          },
          "missing_lines": [],
          "excluded_lines": [],
          "start_line": 64
        },
        "Client.loop_callback": {
          "executed_lines": [],
          "summary": {
            "covered_lines": 0,
            "num_statements": 1,
            "percent_covered": 0.0,
            "percent_covered_display": "0",
            "missing_lines": 1,
            "excluded_lines": 0,
            "percent_statements_covered": 0.0,
            "percent_statements_covered_display": "0"
          },
          "missing_lines": [
            71
          ],
          "excluded_lines": [],
          "start_line": 70
        },
        "Client.do_get_request": {
          "executed_lines": [
            74,
            77,
            81
          ],
          "summary": {
            "covered_lines": 3,
            "num_statements": 4,
            "percent_covered": 75.0,
            "percent_covered_display": "75",
            "missing_lines": 1,
            "excluded_lines": 0,
            "percent_statements_covered": 75.0,
            "percent_statements_covered_display": "75"
          },
          "missing_lines": [
            75
          ],
          "excluded_lines": [],
          "start_line": 73
        },
        "Client.activate_endpoint": {
          "executed_lines": [
            85,
            88,
            89
          ],
          "summary": {
            "covered_lines": 3,
            "num_statements": 3,
            "percent_covered": 100.0,
            "percent_covered_display": "100",
            "missing_lines": 0,
            "excluded_lines": 0,
            "percent_statements_covered": 100.0,
            "percent_statements_covered_display": "100"
          },
          "missing_lines": [],
          "excluded_lines": [],
          "start_line": 83
        },
        "Client.activate_endpoint.wrapper": {
          "executed_lines": [
            86
          ],
          "summary": {
            "covered_lines": 1,
            "num_statements": 1,
            "percent_covered": 100.0,
            "percent_covered_display": "100",
            "missing_lines": 0,
            "excluded_lines": 0,
            "percent_statements_covered": 100.0,
            "percent_statements_covered_display": "100"
          },
          "missing_lines": [],
          "excluded_lines": [],
          "start_line": 85
        },
        "Client._build_request_options": {
          "executed_lines": [
            92,
            94,
            102
          ],
          "summary": {
            "covered_lines": 3,
            "num_statements": 4,
            "percent_covered": 75.0,
            "percent_covered_display": "75",
            "missing_lines": 1,
            "excluded_lines": 0,
            "percent_statements_covered": 75.0,
            "percent_statements_covered_display": "75"
          },
          "missing_lines": [
            95
          ],
          "excluded_lines": [],
          "start_line": 91
        },
        "Client._do_sync_get_request": {
          "executed_lines": [
            105
          ],
          "summary": {
            "covered_lines": 1,
            "num_statements": 7,
            "percent_covered": 14.285714285714286,
            "percent_covered_display": "14",
            "missing_lines": 6,
            "excluded_lines": 0,
            "percent_statements_covered": 14.285714285714286,
            "percent_statements_covered_display": "14"
          },
          "missing_lines": [
            108,
            110,
            111,
            112,
            113,
            116
          ],
          "excluded_lines": [],
          "start_line": 104
        },
        "Client._do_async_get_request": {
          "executed_lines": [
            119,
            120
          ],
          "summary": {
            "covered_lines": 2,
            "num_statements": 9,
            "percent_covered": 22.22222222222222,
            "percent_covered_display": "22",
            "missing_lines": 7,