{
  "files": {
    "cf_speedtest/speedtest.py": {
      "executed_lines": [
        2,
        4,
        5,
        6,
        7,
        8,
        10,
        11,
        13,
        14,
        16,
        18,
        19,
        20,
        22,
        29,
        30,
        31,
        33,
        34,
        35,
        36,
        37,
        39,
        40,
        41,
        42,
        43,
        49,
        51,
        73,
        94,
        113,
        114,
        115,
        116,
        118,
        119,
        127,
        129,
        130,
        135,
        136,
        138,
        139,
        140,
        141,
        148,
        150,
        152,
        153,
        155,
        156,
        157,
        158,
        159,
        161,
        163,
        164,
        166,
        168,
        174,
        175,
        176,
        178,
        179,
        181,
        182,
        183,
        185,
        186,
        187,
        188,
        189,
        190,
        192,
        193,
        194,
        195,
        197,
        198,
        199,
        200,
        201,
        202,
        204,
        208,
        210,
        211,
        215,
        218,
        219,
        224,
        228,
        230,
        231,
        235,
        238,
        239,
        244,
        245,
        246,
        247,
        249,
        259,
        261,
        263,
        264,
        266,
        267,
        268,
        269,
        270,
        271,
        273,
        274,
        276,
        277,
        278,
        279,
        280,
        282,
        287,
        289,
        299,
        301,
        302,
        303,
        304,
        306,
        311,
        313
      ],
      "summary": {
        "covered_lines": 132,
        "num_statements": 175,
        "percent_covered": 75.42857142857143,
        "percent_covered_display": "75",
        "missing_lines": 43,
        "excluded_lines": 0,
        "percent_statements_covered": 75.42857142857143,
        "percent_statements_covered_display": "75"
      },
      "missing_lines": [
        44,
        45,
        46,
        47,
        48,
        52,
        54,
        59,
        60,
        61,
        63,
        65,
        66,
        67,
        71,
        74,
        75,
        77,
        78,
        79,
        81,
        83,
        84,
        86,
        87,
        88,
        92,
        95,
        97,
        98,
        99,
        100,
        102,
        103,
        105,
        106,
        107,
        111,
        205,
        206,
        225,
        226,
        314
      ],
      "excluded_lines": [],
      "functions": {
        "percentile": {
          "executed_lines": [
            34,
            35,
            36,
            37
          ],
          "summary": {
            "covered_lines": 4,
            "num_statements": 4,
            "percent_covered": 100.0,
            "percent_covered_display": "100",
            "missing_lines": 0,
            "excluded_lines": 0,
            "percent_statements_covered": 100.0,
            "percent_statements_covered_display": "100"
          },
          "missing_lines": [],
          "excluded_lines": [],
          "start_line": 33
        },
        "get_server_timing": {
          "executed_lines": [
            40,
            41,
            42,
            43,
            49
          ],
          "summary": {
            "covered_lines": 5,
            "num_statements": 10,
            "percent_covered": 50.0,
            "percent_covered_display": "50",
            "missing_lines": 5,
            "excluded_lines": 0,
            "percent_statements_covered": 50.0,
            "percent_statements_covered_display": "50"
          },
          "missing_lines": [
            44,
            45,
            46,
            47,
            48
          ],
          "excluded_lines": [],
          "start_line": 39
        },
        "upload_test": {
          "executed_lines": [],
          "summary": {
            "covered_lines": 0,
            "num_statements": 10,
            "percent_covered": 0.0,
            "percent_covered_display": "0",
            "missing_lines": 10,
            "excluded_lines": 0,
            "percent_statements_covered": 0.0,
            "percent_statements_covered_display": "0"
          },
          "missing_lines": [
            52,
            54,
            59,
            60,
            61,
            63,
            65,
            66,
            67,
            71
          ],
          "excluded_lines": [],
          "start_line": 51
        },
        "download_test": {
          "executed_lines": [],
          "summary": {
            "covered_lines": 0,
            "num_statements": 12,
            "percent_covered": 0.0,
            "percent_covered_display": "0",
            "missing_lines": 12,
            "excluded_lines": 0,
            "percent_statements_covered": 0.0,
            "percent_statements_covered_display": "0"
          },
          "missing_lines": [
            74,
            75,
            77,
            78,
            79,
            81,
            83,
            84,
            86,
            87,
            88,
            92
          ],
          "excluded_lines": [],
          "start_line": 73
        },
        "latency_test": {
          "executed_lines": [],
          "summary": {
            "covered_lines": 0,
            "num_statements": 11,
            "percent_covered": 0.0,
            "percent_covered_display": "0",
            "missing_lines": 11,
            "excluded_lines": 0,
            "percent_statements_covered": 0.0,
            "percent_statements_covered_display": "0"
          },
          "missing_lines": [
            95,
            97,
            98,
            99,
            100,
            102,
            103,
            105,
            106,
            107,
            111
          ],
          "excluded_lines": [],
          "start_line": 94
        },
        "get_our_country": {
          "executed_lines": [
            114,
            115,
            116,
            118,
            119,
            127
          ],
          "summary": {
            "covered_lines": 6,
            "num_statements": 6,
            "percent_covered": 100.0,
            "percent_covered_display": "100",
            "missing_lines": 0,
            "excluded_lines": 0,
            "percent_statements_covered": 100.0,
            "percent_statements_covered_display": "100"
          },
          "missing_lines": [],
          "excluded_lines": [],
          "start_line": 113
        },
        "preamble": {
          "executed_lines": [
            130,
            135,
            136,
            138,
            139,
            140,
            141,
            148,
            150
          ],
          "summary": {
            "covered_lines": 9,
            "num_statements": 9,
            "percent_covered": 100.0,
            "percent_covered_display": "100",
            "missing_lines": 0,
            "excluded_lines": 0,
            "percent_statements_covered": 100.0,
            "percent_statements_covered_display": "100"
          },
          "missing_lines": [],
          "excluded_lines": [],
          "start_line": 129
        },
        "run_tests": {
          "executed_lines": [
            153,
            155,
            156,
            157,
            158,
            159,
            161,
            163,
            164,
            166
          ],
          "summary": {
            "covered_lines": 10,
            "num_statements": 10,
            "percent_covered": 100.0,
            "percent_covered_display": "100",
            "missing_lines": 0,
            "excluded_lines": 0,
            "percent_statements_covered": 100.0,
            "percent_statements_covered_display": "100"
          },