{
  "files": {
    "gantt.py": {
      "executed_lines": [
        7,
        8,
        9,
        10,
        12,
        13,
        16,
        17,
        23,
        33,
        35,
        37,
        38,
        39,
        41,
        42,
        43,
        44,
        46,
        47,
        48,
        49,
        51,
        52,
        53,
        54,
        56,
        57,
        58,
        59,
        62,
        67,
        75,
        78,
        79,
        81,
        82,
        84,
        92,
        93,
        96,
        98,
        99,
        101,
        104,
        105,
        106,
        107,
        108,
        109,
        111,
        112,
        113,
        114,
        115,
        116,
        117,
        118,
        120,
        123,
        124,
        125,
        127,
        128,
        129,
        130,
        132,
        133,
        135,
        164,
        187,
        193,
        226,
        227,
        231,
        232,
        239
      ],
      "summary": {
        "covered_lines": 77,
        "num_statements": 113,
        "percent_covered": 68.14159292035399,
        "percent_covered_display": "68",
        "missing_lines": 36,
        "excluded_lines": 0,
        "percent_statements_covered": 68.14159292035399,
        "percent_statements_covered_display": "68"
      },
      "missing_lines": [
        18,
        19,
        21,
        141,
        151,
        152,
        155,
        156,
        158,
        159,
        161,
        162,
        169,
        170,
        172,
        173,
        174,
        175,
        176,
        177,
        179,
        197,
        200,
        201,
        202,
        204,
        214,
        215,
        216,
        217,
        219,
        229,
        237,
        240,
        241,
        242
      ],
      "excluded_lines": [],
      "functions": {
        "Package.__init__": {
          "executed_lines": [
            35,
            37,
            38,
            39,
            41,
            42,
            43,
            44,
            46,
            47,
            48,
            49,
            51,
            52,
            53,
            54,
            56,
            57,
            58,
            59
          ],
          "summary": {
            "covered_lines": 20,
            "num_statements": 20,
            "percent_covered": 100.0,
            "percent_covered_display": "100",
            "missing_lines": 0,
            "excluded_lines": 0,
            "percent_statements_covered": 100.0,
            "percent_statements_covered_display": "100"
          },
          "missing_lines": [],
          "excluded_lines": [],
          "start_line": 33
        },
        "Gantt.__init__": {
          "executed_lines": [
            75,
            78,
            79,
            81,
            82
          ],
          "summary": {
            "covered_lines": 5,
            "num_statements": 5,
            "percent_covered": 100.0,
            "percent_covered_display": "100",
            "missing_lines": 0,
            "excluded_lines": 0,
            "percent_statements_covered": 100.0,
            "percent_statements_covered_display": "100"
          },
          "missing_lines": [],
          "excluded_lines": [],
          "start_line": 67
        },
        "Gantt._loadData": {
          "executed_lines": [
            92,
            93,
            96,
            98,
            99,
            101,
            104,
            105,
            106,
            107,
            108,
            109,
            111,
            112,
            113,
            114,
            115,
            116,
            117,
            118
          ],
          "summary": {
            "covered_lines": 20,
            "num_statements": 20,
            "percent_covered": 100.0,
            "percent_covered_display": "100",
            "missing_lines": 0,
            "excluded_lines": 0,
            "percent_statements_covered": 100.0,
            "percent_statements_covered_display": "100"
          },
          "missing_lines": [],
          "excluded_lines": [],
          "start_line": 84
        },
        "Gantt._procData": {
          "executed_lines": [
            123,
            124,
            125,
            127,
            128,
            129,
            130,
            132,
            133
          ],
          "summary": {
            "covered_lines": 9,
            "num_statements": 9,
            "percent_covered": 100.0,
            "percent_covered_display": "100",
            "missing_lines": 0,
            "excluded_lines": 0,
            "percent_statements_covered": 100.0,
            "percent_statements_covered_display": "100"
          },
          "missing_lines": [],
          "excluded_lines": [],
          "start_line": 120
        },
        "Gantt.format": {
          "executed_lines": [],
          "summary": {
            "covered_lines": 0,
            "num_statements": 9,
            "percent_covered": 0.0,
            "percent_covered_display": "0",
            "missing_lines": 9,
            "excluded_lines": 0,
            "percent_statements_covered": 0.0,
            "percent_statements_covered_display": "0"
          },
          "missing_lines": [
            141,
            151,
            152,
            155,
            156,
            158,
            159,
            161,
            162
          ],
          "excluded_lines": [],
          "start_line": 135
        },
        "Gantt.add_milestones": {
          "executed_lines": [],
          "summary": {
            "covered_lines": 0,
            "num_statements": 9,
            "percent_covered": 0.0,
            "percent_covered_display": "0",
            "missing_lines": 9,
            "excluded_lines": 0,
            "percent_statements_covered": 0.0,
            "percent_statements_covered_display": "0"
          },
          "missing_lines": [
            169,
            170,
            172,
            173,
            174,
            175,
            176,
            177,
            179
          ],
          "excluded_lines": [],
          "start_line": 164
        },
        "Gantt.add_legend": {
          "executed_lines": [],
          "summary": {
            "covered_lines": 0,
            "num_statements": 0,
            "percent_covered": 100.0,
            "percent_covered_display": "100",
            "missing_lines": 0,
            "excluded_lines": 0,
            "percent_statements_covered": 100.0,
            "percent_statements_covered_display": "100"
          },
          "missing_lines": [],
          "excluded_lines": [],
          "start_line": 187
        },
        "Gantt.render": {
          "executed_lines": [],
          "summary": {
            "covered_lines": 0,
            "num_statements": 10,
            "percent_covered": 0.0,
            "percent_covered_display": "0",
            "missing_lines": 10,
            "excluded_lines": 0,
            "percent_statements_covered": 0.0,
            "percent_statements_covered_display": "0"
          },
          "missing_lines": [
            197,
            200,
            201,
            202,
            204,
            214,
            215,
            216,
            217,
            219
          ],
          "excluded_lines": [],
          "start_line": 193
        },
        "Gantt.show": {
          "executed_lines": [],
          "summary": {
            "covered_lines": 0,
            "num_statements": 1,
            "percent_covered": 0.0,
            "percent_covered_display": "0",
            "missing_lines": 1,
            "excluded_lines": 0,
            "percent_statements_covered": 0.0,
            "percent_statements_covered_display": "0"
          },
          "missing_lines": [
            229
          ],
          "excluded_lines": [],
          "start_line": 227
        },