{
  "files": {
    "src/cl_sii/cte/f29/parse_datos_obj.py": {
      "executed_lines": [
        1,
        3,
        4,
        5,
        6,
        7,
        8,
        10,
        11,
        13,
        14,
        15,
        16,
        19,
        20,
        27,
        29,
        32,
        33,
        36,
        51,
        52,
        53,
        54,
        56,
        65,
        79,
        119,
        149,
        168,
        177,
        189,
        201,
        202,
        203,
        220
      ],
      "summary": {
        "covered_lines": 36,
        "num_statements": 97,
        "percent_covered": 37.11340206185567,
        "percent_covered_display": "37",
        "missing_lines": 61,
        "excluded_lines": 0,
        "percent_statements_covered": 37.11340206185567,
        "percent_statements_covered_display": "37"
      },
      "missing_lines": [
        61,
        62,
        81,
        84,
        85,
        88,
        92,
        97,
        98,
        99,
        101,
        105,
        116,
        128,
        129,
        133,
        134,
        135,
        136,
        137,
        138,
        139,
        140,
        141,
        142,
        144,
        146,
        157,
        158,
        162,
        163,
        165,
        178,
        179,
        181,
        182,
        183,
        184,
        186,
        204,
        206,
        207,
        209,
        212,
        213,
        215,
        217,
        231,
        233,
        234,
        237,
        238,
        243,
        244,
        248,
        249,
        252,
        253,
        258,
        259,
        263
      ],
      "excluded_lines": [],
      "functions": {
        "parse_sii_cte_f29_datos_obj": {
          "executed_lines": [
            51,
            52,
            53,
            54,
            56
          ],
          "summary": {
            "covered_lines": 5,
            "num_statements": 7,
            "percent_covered": 71.42857142857143,
            "percent_covered_display": "71",
            "missing_lines": 2,
            "excluded_lines": 0,
            "percent_statements_covered": 71.42857142857143,
            "percent_statements_covered_display": "71"
          },
          "missing_lines": [
            61,
            62
          ],
          "excluded_lines": [],
          "start_line": 36
        },
        "_parse_sii_cte_f29_datos_obj_to_dict": {
          "executed_lines": [
            79
          ],
          "summary": {
            "covered_lines": 1,
            "num_statements": 12,
            "percent_covered": 8.333333333333334,
            "percent_covered_display": "8",
            "missing_lines": 11,
            "excluded_lines": 0,
            "percent_statements_covered": 8.333333333333334,
            "percent_statements_covered_display": "8"
          },
          "missing_lines": [
            81,
            84,
            85,
            88,
            92,
            97,
            98,
            99,
            101,
            105,
            116
          ],
          "excluded_lines": [],
          "start_line": 65
        },
        "cte_f29_datos_obj_campo_default_deserializer": {
          "executed_lines": [],
          "summary": {
            "covered_lines": 0,
            "num_statements": 14,
            "percent_covered": 0.0,
            "percent_covered_display": "0",
            "missing_lines": 14,
            "excluded_lines": 0,
            "percent_statements_covered": 0.0,
            "percent_statements_covered_display": "0"
          },
          "missing_lines": [
            128,
            129,
            133,
            134,
            135,
            136,
            137,
            138,
            139,
            140,
            141,
            142,
            144,
            146
          ],
          "excluded_lines": [],
          "start_line": 119
        },
        "cte_f29_datos_obj_campo_best_effort_deserializer": {
          "executed_lines": [],
          "summary": {
            "covered_lines": 0,
            "num_statements": 5,
            "percent_covered": 0.0,
            "percent_covered_display": "0",
            "missing_lines": 5,
            "excluded_lines": 0,
            "percent_statements_covered": 0.0,
            "percent_statements_covered_display": "0"
          },
          "missing_lines": [
            157,
            158,
            162,
            163,
            165
          ],
          "excluded_lines": [],
          "start_line": 149
        },
        "cte_f29_datos_schema_default_validator": {
          "executed_lines": [
            177
          ],
          "summary": {
            "covered_lines": 1,
            "num_statements": 8,
            "percent_covered": 12.5,
            "percent_covered_display": "12",
            "missing_lines": 7,
            "excluded_lines": 0,
            "percent_statements_covered": 12.5,
            "percent_statements_covered_display": "12"
          },
          "missing_lines": [
            178,
            179,
            181,
            182,
            183,
            184,
            186
          ],
          "excluded_lines": [],
          "start_line": 168
        },
        "cte_f29_datos_schema_best_effort_validator": {
          "executed_lines": [
            201,
            202,
            203
          ],
          "summary": {
            "covered_lines": 3,
            "num_statements": 11,
            "percent_covered": 27.272727272727273,
            "percent_covered_display": "27",
            "missing_lines": 8,
            "excluded_lines": 0,
            "percent_statements_covered": 27.272727272727273,
            "percent_statements_covered_display": "27"
          },
          "missing_lines": [
            204,
            206,
            207,
            209,
            212,
            213,
            215,
            217
          ],
          "excluded_lines": [],
          "start_line": 189
        },
        "try_fix_cte_f29_datos": {
          "executed_lines": [],
          "summary": {
            "covered_lines": 0,
            "num_statements": 14,
            "percent_covered": 0.0,
            "percent_covered_display": "0",
            "missing_lines": 14,
            "excluded_lines": 0,
            "percent_statements_covered": 0.0,
            "percent_statements_covered_display": "0"
          },
          "missing_lines": [
            231,
            233,
            234,
            237,
            238,
            243,
            244,
            248,
            249,
            252,
            253,
            258,
            259,
            263
          ],
          "excluded_lines": [],
          "start_line": 220
        },
        "": {
          "executed_lines": [
            1,
            3,
            4,
            5,
            6,
            7,
            8,
            10,
            11,
            13,
            14,
            15,
            16,
            19,
            20,
            27,
            29,
            32,
            33,
            36,
            65,
            119,
            149,
            168,
            189,
            220
          ],
          "summary": {
            "covered_lines": 26,
            "num_statements": 26,
            "percent_covered": 100.0,
            "percent_covered_display": "100",
            "missing_lines": 0,
            "excluded_lines": 0,
            "percent_statements_covered": 100.0,
            "percent_statements_covered_display": "100"
          },
          "missing_lines": [],
          "excluded_lines": [],
          "start_line": 1
        }
      },