{
  "files": {
    "bpemb/util.py": {
      "executed_lines": [
        1,
        2,
        5,
        7,
        8,
        9,
        10,
        14,
        15,
        16,
        17,
        20,
        24,
        25,
        26,
        27,
        29,
        30,
        31,
        32,
        33,
        34,
        37,
        38,
        39,
        40,
        41,
        42,
        43,
        44,
        48,
        49,
        50,
        51,
        52,
        54,
        56,
        57,
        58,
        59,
        60,
        61,
        62,
        63,
        65,
        66,
        67,
        68,
        69,
        70,
        73,
        74,
        75,
        78,
        80,
        81,
        82,
        83,
        84,
        85,
        86,
        89,
        92,
        93,
        94,
        95,
        96,
        97,
        98
      ],
      "summary": {
        "covered_lines": 69,
        "num_statements": 73,
        "percent_covered": 94.52054794520548,
        "percent_covered_display": "95",
        "missing_lines": 4,
        "excluded_lines": 0
      },
      "missing_lines": [
        35,
        36,
        64,
        88
      ],
      "excluded_lines": [],
      "functions": {
        "sentencepiece_load": {
          "executed_lines": [
            7,
            8,
            9,
            10
          ],
          "summary": {
            "covered_lines": 4,
            "num_statements": 4,
            "percent_covered": 100.0,
            "percent_covered_display": "100",
            "missing_lines": 0,
            "excluded_lines": 0
          },
          "missing_lines": [],
          "excluded_lines": []
        },
        "http_get_temp": {
          "executed_lines": [
            15,
            16,
            17,
            20,
            24,
            25,
            26,
            27,
            29,
            30,
            31,
            32,
            33,
            34,
            37,
            38,
            39,
            40,
            41,
            42,
            43,
            44
          ],
          "summary": {
            "covered_lines": 22,
            "num_statements": 24,
            "percent_covered": 91.66666666666667,
            "percent_covered_display": "92",
            "missing_lines": 2,
            "excluded_lines": 0
          },
          "missing_lines": [
            35,
            36
          ],
          "excluded_lines": []
        },
        "http_get": {
          "executed_lines": [
            49,
            50,
            51,
            52,
            54,
            56,
            57,
            58,
            59,
            60,
            61,
            62,
            63,
            65,
            66,
            67,
            68,
            69,
            70,
            73,
            74,
            75
          ],
          "summary": {
            "covered_lines": 22,
            "num_statements": 23,
            "percent_covered": 95.65217391304348,
            "percent_covered_display": "96",
            "missing_lines": 1,
            "excluded_lines": 0
          },
          "missing_lines": [
            64
          ],
          "excluded_lines": []
        },
        "load_word2vec_file": {
          "executed_lines": [
            80,
            81,
            82,
            83,
            84,
            85,
            86,
            89
          ],
          "summary": {
            "covered_lines": 8,
            "num_statements": 9,
            "percent_covered": 88.88888888888889,
            "percent_covered_display": "89",
            "missing_lines": 1,
            "excluded_lines": 0
          },
          "missing_lines": [
            88
          ],
          "excluded_lines": []
        },
        "add_embeddings": {
          "executed_lines": [
            93,
            94,
            95,
            96,
            97,
            98
          ],
          "summary": {
            "covered_lines": 6,
            "num_statements": 6,
            "percent_covered": 100.0,
            "percent_covered_display": "100",
            "missing_lines": 0,
            "excluded_lines": 0
          },
          "missing_lines": [],
          "excluded_lines": []
        },
        "": {
          "executed_lines": [
            1,
            2,
            5,
            14,
            48,
            78,
            92
          ],
          "summary": {
            "covered_lines": 7,
            "num_statements": 7,
            "percent_covered": 100.0,
            "percent_covered_display": "100",
            "missing_lines": 0,
            "excluded_lines": 0
          },
          "missing_lines": [],
          "excluded_lines": []
        }
      },
      "classes": {
        "": {
          "executed_lines": [
            1,
            2,
            5,
            7,
            8,
            9,
            10,
            14,
            15,
            16,
            17,
            20,
            24,
            25,
            26,
            27,
            29,
            30,
            31,
            32,
            33,
            34,
            37,
            38,
            39,
            40,
            41,
            42,
            43,
            44,
            48,
            49,
            50,
            51,
            52,
            54,
            56,
            57,
            58,
            59,
            60,
            61,
            62,
            63,
            65,
            66,
            67,
            68,
            69,
            70,
            73,
            74,
            75,
            78,
            80,
            81,
            82,
            83,
            84,
            85,
            86,
            89,
            92,
            93,
            94,
            95,
            96,
            97,
            98
          ],
          "summary": {
            "covered_lines": 69,
            "num_statements": 73,
            "percent_covered": 94.52054794520548,
            "percent_covered_display": "95",
            "missing_lines": 4,
            "excluded_lines": 0
          },
          "missing_lines": [
            35,
            36,
            64,
            88
          ],
          "excluded_lines": []
        }
      }
    }
  },
  "meta": {
    "format": 3,
    "version": "7.8.0",
    "branch_coverage": false,
    "show_contexts": false
  },
  "totals": {
    "covered_lines": 69,
    "num_statements": 73,
    "percent_covered": 94.52054794520548,
    "percent_covered_display": "95",
    "missing_lines": 4,
    "excluded_lines": 0
  }
}