{
  "files": {
    "srpenergy/client.py": {
      "executed_lines": [
        7,
        8,
        9,
        11,
        12,
        13,
        15,
        18,
        24,
        30,
        49,
        50,
        52,
        53,
        54,
        55,
        59,
        60,
        62,
        63,
        67,
        70,
        71,
        72,
        75,
        78,
        79,
        81,
        83,
        86,
        87,
        88,
        90,
        94,
        95,
        96,
        102,
        104,
        105,
        107,
        108,
        109,
        111,
        113,
        116,
        139,
        142,
        143,
        145,
        146,
        148,
        149,
        151,
        152,
        154,
        155,
        157,
        158,
        160,
        161,
        167,
        205
      ],
      "summary": {
        "covered_lines": 62,
        "num_statements": 114,
        "percent_covered": 54.3859649122807,
        "percent_covered_display": "54",
        "missing_lines": 52,
        "excluded_lines": 1,
        "percent_statements_covered": 54.3859649122807,
        "percent_statements_covered_display": "54"
      },
      "missing_lines": [
        20,
        21,
        26,
        27,
        163,
        164,
        165,
        190,
        191,
        192,
        196,
        198,
        200,
        202,
        203,
        254,
        255,
        257,
        258,
        261,
        262,
        265,
        266,
        268,
        270,
        271,
        273,
        274,
        279,
        280,
        282,
        293,
        294,
        296,
        297,
        299,
        300,
        302,
        309,
        310,
        312,
        320,
        322,
        324,
        325,
        327,
        329,
        331,
        338,
        340,
        342,
        343
      ],
      "excluded_lines": [
        206
      ],
      "functions": {
        "get_pretty_date": {
          "executed_lines": [],
          "summary": {
            "covered_lines": 0,
            "num_statements": 2,
            "percent_covered": 0.0,
            "percent_covered_display": "0",
            "missing_lines": 2,
            "excluded_lines": 0,
            "percent_statements_covered": 0.0,
            "percent_statements_covered_display": "0"
          },
          "missing_lines": [
            20,
            21
          ],
          "excluded_lines": [],
          "start_line": 18
        },
        "get_pretty_time": {
          "executed_lines": [],
          "summary": {
            "covered_lines": 0,
            "num_statements": 2,
            "percent_covered": 0.0,
            "percent_covered_display": "0",
            "missing_lines": 2,
            "excluded_lines": 0,
            "percent_statements_covered": 0.0,
            "percent_statements_covered_display": "0"
          },
          "missing_lines": [
            26,
            27
          ],
          "excluded_lines": [],
          "start_line": 24
        },
        "get_rate": {
          "executed_lines": [
            49,
            50,
            52,
            53,
            54,
            55,
            59,
            60,
            62,
            63,
            67,
            70,
            71,
            72,
            75,
            78,
            79,
            81,
            83,
            86,
            87,
            88,
            90,
            94,
            95,
            96,
            102,
            104,
            105,
            107,
            108,
            109,
            111,
            113
          ],
          "summary": {
            "covered_lines": 34,
            "num_statements": 34,
            "percent_covered": 100.0,
            "percent_covered_display": "100",
            "missing_lines": 0,
            "excluded_lines": 0,
            "percent_statements_covered": 100.0,
            "percent_statements_covered_display": "100"
          },
          "missing_lines": [],
          "excluded_lines": [],
          "start_line": 30
        },
        "SrpEnergyClient.__init__": {
          "executed_lines": [
            142,
            143,
            145,
            146,
            148,
            149,
            151,
            152,
            154,
            155,
            157,
            158,
            160,
            161
          ],
          "summary": {
            "covered_lines": 14,
            "num_statements": 17,
            "percent_covered": 82.3529411764706,
            "percent_covered_display": "82",
            "missing_lines": 3,
            "excluded_lines": 0,
            "percent_statements_covered": 82.3529411764706,
            "percent_statements_covered_display": "82"
          },
          "missing_lines": [
            163,
            164,
            165
          ],
          "excluded_lines": [],
          "start_line": 139
        },
        "SrpEnergyClient.validate": {
          "executed_lines": [],
          "summary": {
            "covered_lines": 0,
            "num_statements": 8,
            "percent_covered": 0.0,
            "percent_covered_display": "0",
            "missing_lines": 8,
            "excluded_lines": 0,
            "percent_statements_covered": 0.0,
            "percent_statements_covered_display": "0"
          },
          "missing_lines": [
            190,
            191,
            192,
            196,
            198,
            200,
            202,
            203
          ],
          "excluded_lines": [],
          "start_line": 167
        },
        "SrpEnergyClient.usage": {
          "executed_lines": [],
          "summary": {
            "covered_lines": 0,
            "num_statements": 37,
            "percent_covered": 0.0,
            "percent_covered_display": "0",
            "missing_lines": 37,
            "excluded_lines": 1,
            "percent_statements_covered": 0.0,
            "percent_statements_covered_display": "0"
          },
          "missing_lines": [
            254,
            255,
            257,
            258,
            261,
            262,
            265,
            266,
            268,
            270,
            271,
            273,
            274,
            279,
            280,
            282,
            293,
            294,
            296,
            297,
            299,
            300,
            302,
            309,
            310,
            312,
            320,
            322,
            324,
            325,
            327,
            329,
            331,
            338,
            340,
            342,
            343
          ],
          "excluded_lines": [
            206
          ],
          "start_line": 205
        },
        "": {
          "executed_lines": [
            7,
            8,
            9,
            11,
            12,
            13,
            15,
            18,
            24,
            30,
            116,
            139,
            167,
            205
          ],
          "summary": {
            "covered_lines": 14,
            "num_statements": 14,
            "percent_covered": 100.0,
            "percent_covered_display": "100",
            "missing_lines": 0,
            "excluded_lines": 0,
            "percent_statements_covered": 100.0,
            "percent_statements_covered_display": "100"
          },
          "missing_lines": [],
          "excluded_lines": [],
          "start_line": 1
        }
      },
      "classes": {
        "SrpEnergyClient": {
          "executed_lines": [
            142,
            143,
            145,
            146,
            148,
            149,
            151,
            152,
            154,
            155,
            157,
            158,
            160,
            161
          ],
          "summary": {
            "covered_lines": 14,