{
  "files": {
    "common/psapi.py": {
      "executed_lines": [
        1,
        2,
        3,
        5,
        7,
        8,
        12,
        25,
        54,
        75,
        90,
        105
      ],
      "summary": {
        "covered_lines": 12,
        "num_statements": 95,
        "percent_covered": 12.631578947368421,
        "percent_covered_display": "13",
        "missing_lines": 83,
        "excluded_lines": 0,
        "percent_statements_covered": 12.631578947368421,
        "percent_statements_covered_display": "13"
      },
      "missing_lines": [
        13,
        15,
        16,
        17,
        19,
        20,
        21,
        23,
        26,
        28,
        29,
        31,
        32,
        33,
        34,
        35,
        36,
        37,
        39,
        40,
        41,
        42,
        44,
        45,
        47,
        48,
        50,
        52,
        55,
        57,
        58,
        59,
        61,
        62,
        63,
        64,
        65,
        67,
        68,
        70,
        71,
        73,
        76,
        78,
        79,
        80,
        81,
        82,
        83,
        85,
        86,
        88,
        91,
        93,
        94,
        95,
        96,
        97,
        98,
        100,
        101,
        103,
        106,
        108,
        109,
        111,
        112,
        113,
        114,
        115,
        116,
        118,
        119,
        120,
        121,
        123,
        125,
        130,
        132,
        133,
        135,
        137,
        138
      ],
      "excluded_lines": [],
      "functions": {
        "get_all_podcast_episodes_all_seasons": {
          "executed_lines": [],
          "summary": {
            "covered_lines": 0,
            "num_statements": 8,
            "percent_covered": 0.0,
            "percent_covered_display": "0",
            "missing_lines": 8,
            "excluded_lines": 0,
            "percent_statements_covered": 0.0,
            "percent_statements_covered_display": "0"
          },
          "missing_lines": [
            13,
            15,
            16,
            17,
            19,
            20,
            21,
            23
          ],
          "excluded_lines": [],
          "start_line": 12
        },
        "get_all_podcast_episodes": {
          "executed_lines": [],
          "summary": {
            "covered_lines": 0,
            "num_statements": 20,
            "percent_covered": 0.0,
            "percent_covered_display": "0",
            "missing_lines": 20,
            "excluded_lines": 0,
            "percent_statements_covered": 0.0,
            "percent_statements_covered_display": "0"
          },
          "missing_lines": [
            26,
            28,
            29,
            31,
            32,
            33,
            34,
            35,
            36,
            37,
            39,
            40,
            41,
            42,
            44,
            45,
            47,
            48,
            50,
            52
          ],
          "excluded_lines": [],
          "start_line": 25
        },
        "get_podcast_episodes": {
          "executed_lines": [],
          "summary": {
            "covered_lines": 0,
            "num_statements": 14,
            "percent_covered": 0.0,
            "percent_covered_display": "0",
            "missing_lines": 14,
            "excluded_lines": 0,
            "percent_statements_covered": 0.0,
            "percent_statements_covered_display": "0"
          },
          "missing_lines": [
            55,
            57,
            58,
            59,
            61,
            62,
            63,
            64,
            65,
            67,
            68,
            70,
            71,
            73
          ],
          "excluded_lines": [],
          "start_line": 54
        },
        "get_episode_manifest": {
          "executed_lines": [],
          "summary": {
            "covered_lines": 0,
            "num_statements": 10,
            "percent_covered": 0.0,
            "percent_covered_display": "0",
            "missing_lines": 10,
            "excluded_lines": 0,
            "percent_statements_covered": 0.0,
            "percent_statements_covered_display": "0"
          },
          "missing_lines": [
            76,
            78,
            79,
            80,
            81,
            82,
            83,
            85,
            86,
            88
          ],
          "excluded_lines": [],
          "start_line": 75
        },
        "get_podcast_metadata": {
          "executed_lines": [],
          "summary": {
            "covered_lines": 0,
            "num_statements": 10,
            "percent_covered": 0.0,
            "percent_covered_display": "0",
            "missing_lines": 10,
            "excluded_lines": 0,
            "percent_statements_covered": 0.0,
            "percent_statements_covered_display": "0"
          },
          "missing_lines": [
            91,
            93,
            94,
            95,
            96,
            97,
            98,
            100,
            101,
            103
          ],
          "excluded_lines": [],
          "start_line": 90
        },
        "get_all_podcasts": {
          "executed_lines": [],
          "summary": {
            "covered_lines": 0,
            "num_statements": 21,
            "percent_covered": 0.0,
            "percent_covered_display": "0",
            "missing_lines": 21,
            "excluded_lines": 0,
            "percent_statements_covered": 0.0,
            "percent_statements_covered_display": "0"
          },
          "missing_lines": [
            106,
            108,
            109,
            111,
            112,
            113,
            114,
            115,
            116,
            118,
            119,
            120,
            121,
            123,
            125,
            130,
            132,
            133,
            135,
            137,
            138
          ],
          "excluded_lines": [],
          "start_line": 105
        },
        "": {
          "executed_lines": [
            1,
            2,
            3,
            5,
            7,
            8,
            12,
            25,
            54,
            75,
            90,
            105
          ],
          "summary": {
            "covered_lines": 12,
            "num_statements": 12,
            "percent_covered": 100.0,
            "percent_covered_display": "100",
            "missing_lines": 0,
            "excluded_lines": 0,
            "percent_statements_covered": 100.0,
            "percent_statements_covered_display": "100"
          },
          "missing_lines": [],
          "excluded_lines": [],
          "start_line": 1
        }
      },
      "classes": {
        "": {
          "executed_lines": [
            1,
            2,
            3,
            5,
            7,
            8,
            12,
            25,
            54,
            75,
            90,
            105
          ],
          "summary": {
            "covered_lines": 12,
            "num_statements": 95,
            "percent_covered": 12.631578947368421,
            "percent_covered_display": "13",
            "missing_lines": 83,
            "excluded_lines": 0,
            "percent_statements_covered": 12.631578947368421,
            "percent_statements_covered_display": "13"
          },