{
  "files": {
    "cf_speedtest/speedtest.py": {
      "executed_lines": [
        2,
        4,
        5,
        6,
        7,
        8,
        9,
        10,
        12,
        13,
        15,
        16,
        17,
        19,
        26,
        27,
        28,
        31,
        33,
        34,
        35,
        37,
        38,
        39,
        40,
        67,
        71,
        74,
        75,
        76,
        77,
        78,
        84,
        87,
        111,
        134,
        155,
        156,
        173,
        174
      ],
      "summary": {
        "covered_lines": 40,
        "num_statements": 111,
        "percent_covered": 36.03603603603604,
        "percent_covered_display": "36",
        "missing_lines": 71,
        "excluded_lines": 0
      },
      "missing_lines": [
        42,
        43,
        45,
        46,
        47,
        48,
        50,
        51,
        52,
        54,
        55,
        56,
        57,
        59,
        61,
        62,
        63,
        65,
        68,
        79,
        80,
        81,
        82,
        83,
        88,
        90,
        91,
        95,
        96,
        98,
        100,
        102,
        103,
        104,
        108,
        112,
        113,
        115,
        117,
        118,
        120,
        122,
        123,
        125,
        126,
        127,
        131,
        135,
        137,
        138,
        140,
        141,
        143,
        144,
        146,
        147,
        148,
        152,
        158,
        159,
        161,
        162,
        170,
        178,
        179,
        181,
        182,
        183,
        184,
        191,
        193
      ],
      "excluded_lines": [],
      "functions": {
        "make_request": {
          "executed_lines": [
            33,
            34,
            35,
            37,
            38,
            39,
            40,
            67,
            71
          ],
          "summary": {
            "covered_lines": 9,
            "num_statements": 28,
            "percent_covered": 32.142857142857146,
            "percent_covered_display": "32",
            "missing_lines": 19,
            "excluded_lines": 0
          },
          "missing_lines": [
            42,
            43,
            45,
            46,
            47,
            48,
            50,
            51,
            52,
            54,
            55,
            56,
            57,
            59,
            61,
            62,
            63,
            65,
            68
          ],
          "excluded_lines": []
        },
        "get_server_timing": {
          "executed_lines": [
            75,
            76,
            77,
            78,
            84
          ],
          "summary": {
            "covered_lines": 5,
            "num_statements": 10,
            "percent_covered": 50.0,
            "percent_covered_display": "50",
            "missing_lines": 5,
            "excluded_lines": 0
          },
          "missing_lines": [
            79,
            80,
            81,
            82,
            83
          ],
          "excluded_lines": []
        },
        "upload_test": {
          "executed_lines": [],
          "summary": {
            "covered_lines": 0,
            "num_statements": 11,
            "percent_covered": 0.0,
            "percent_covered_display": "0",
            "missing_lines": 11,
            "excluded_lines": 0
          },
          "missing_lines": [
            88,
            90,
            91,
            95,
            96,
            98,
            100,
            102,
            103,
            104,
            108
          ],
          "excluded_lines": []
        },
        "download_test": {
          "executed_lines": [],
          "summary": {
            "covered_lines": 0,
            "num_statements": 12,
            "percent_covered": 0.0,
            "percent_covered_display": "0",
            "missing_lines": 12,
            "excluded_lines": 0
          },
          "missing_lines": [
            112,
            113,
            115,
            117,
            118,
            120,
            122,
            123,
            125,
            126,
            127,
            131
          ],
          "excluded_lines": []
        },
        "latency_test": {
          "executed_lines": [],
          "summary": {
            "covered_lines": 0,
            "num_statements": 11,
            "percent_covered": 0.0,
            "percent_covered_display": "0",
            "missing_lines": 11,
            "excluded_lines": 0
          },
          "missing_lines": [
            135,
            137,
            138,
            140,
            141,
            143,
            144,
            146,
            147,
            148,
            152
          ],
          "excluded_lines": []
        },
        "get_our_country": {
          "executed_lines": [
            156
          ],
          "summary": {
            "covered_lines": 1,
            "num_statements": 6,
            "percent_covered": 16.666666666666668,
            "percent_covered_display": "17",
            "missing_lines": 5,
            "excluded_lines": 0
          },
          "missing_lines": [
            158,
            159,
            161,
            162,
            170
          ],
          "excluded_lines": []
        },
        "preamble": {
          "executed_lines": [
            174
          ],
          "summary": {
            "covered_lines": 1,
            "num_statements": 9,
            "percent_covered": 11.11111111111111,
            "percent_covered_display": "11",
            "missing_lines": 8,
            "excluded_lines": 0
          },
          "missing_lines": [
            178,
            179,
            181,
            182,
            183,
            184,
            191,
            193
          ],
          "excluded_lines": []
        },
        "": {
          "executed_lines": [
            2,
            4,
            5,
            6,
            7,
            8,
            9,
            10,
            12,
            13,
            15,
            16,
            17,
            19,
            26,
            27,
            28,
            31,
            74,
            87,
            111,
            134,
            155,
            173
          ],
          "summary": {
            "covered_lines": 24,
            "num_statements": 24,
            "percent_covered": 100.0,
            "percent_covered_display": "100",
            "missing_lines": 0,
            "excluded_lines": 0
          },
          "missing_lines": [],
          "excluded_lines": []
        }
      },
      "classes": {
        "": {
          "executed_lines": [
            2,
            4,
            5,
            6,
            7,
            8,
            9,
            10,
            12,
            13,
            15,
            16,
            17,
            19,
            26,
            27,
            28,
            31,
            33,
            34,
            35,
            37,
            38,
            39,
            40,
            67,
            71,
            74,
            75,
            76,
            77,
            78,
            84,
            87,
            111,
            134,
            155,
            156,
            173,
            174
          ],
          "summary": {
            "covered_lines": 40,
            "num_statements": 111,