{
  "files": {
    "maproulette/api/maproulette_server.py": {
      "executed_lines": [
        1,
        4,
        5,
        6,
        7,
        8,
        9,
        12,
        13,
        14,
        15,
        16,
        17,
        18,
        19,
        20,
        25,
        26,
        28,
        35,
        36,
        37,
        41,
        45,
        54,
        68,
        84,
        100,
        116,
        130,
        164,
        165,
        178,
        179
      ],
      "summary": {
        "covered_lines": 32,
        "num_statements": 88,
        "percent_covered": 36.36363636363637,
        "percent_covered_display": "36",
        "missing_lines": 56,
        "excluded_lines": 0
      },
      "missing_lines": [
        42,
        43,
        46,
        47,
        48,
        50,
        62,
        63,
        64,
        65,
        66,
        77,
        78,
        79,
        80,
        81,
        82,
        93,
        94,
        95,
        96,
        97,
        98,
        109,
        110,
        111,
        112,
        113,
        114,
        124,
        125,
        126,
        127,
        128,
        132,
        133,
        134,
        138,
        139,
        143,
        144,
        149,
        153,
        154,
        158,
        159,
        171,
        172,
        173,
        174,
        175,
        176,
        185,
        186,
        187,
        188
      ],
      "excluded_lines": [],
      "functions": {
        "MapRouletteServer.__init__": {
          "executed_lines": [
            15,
            16,
            17,
            18,
            19,
            20,
            25,
            26
          ],
          "summary": {
            "covered_lines": 8,
            "num_statements": 8,
            "percent_covered": 100.0,
            "percent_covered_display": "100",
            "missing_lines": 0,
            "excluded_lines": 0
          },
          "missing_lines": [],
          "excluded_lines": []
        },
        "MapRouletteServer.__check_health": {
          "executed_lines": [
            35,
            36,
            37,
            41,
            45
          ],
          "summary": {
            "covered_lines": 5,
            "num_statements": 11,
            "percent_covered": 45.45454545454545,
            "percent_covered_display": "45",
            "missing_lines": 6,
            "excluded_lines": 0
          },
          "missing_lines": [
            42,
            43,
            46,
            47,
            48,
            50
          ],
          "excluded_lines": []
        },
        "MapRouletteServer.get": {
          "executed_lines": [],
          "summary": {
            "covered_lines": 0,
            "num_statements": 5,
            "percent_covered": 0.0,
            "percent_covered_display": "0",
            "missing_lines": 5,
            "excluded_lines": 0
          },
          "missing_lines": [
            62,
            63,
            64,
            65,
            66
          ],
          "excluded_lines": []
        },
        "MapRouletteServer.post": {
          "executed_lines": [],
          "summary": {
            "covered_lines": 0,
            "num_statements": 6,
            "percent_covered": 0.0,
            "percent_covered_display": "0",
            "missing_lines": 6,
            "excluded_lines": 0
          },
          "missing_lines": [
            77,
            78,
            79,
            80,
            81,
            82
          ],
          "excluded_lines": []
        },
        "MapRouletteServer.put": {
          "executed_lines": [],
          "summary": {
            "covered_lines": 0,
            "num_statements": 6,
            "percent_covered": 0.0,
            "percent_covered_display": "0",
            "missing_lines": 6,
            "excluded_lines": 0
          },
          "missing_lines": [
            93,
            94,
            95,
            96,
            97,
            98
          ],
          "excluded_lines": []
        },
        "MapRouletteServer.put_file": {
          "executed_lines": [],
          "summary": {
            "covered_lines": 0,
            "num_statements": 6,
            "percent_covered": 0.0,
            "percent_covered_display": "0",
            "missing_lines": 6,
            "excluded_lines": 0
          },
          "missing_lines": [
            109,
            110,
            111,
            112,
            113,
            114
          ],
          "excluded_lines": []
        },
        "MapRouletteServer.delete": {
          "executed_lines": [],
          "summary": {
            "covered_lines": 0,
            "num_statements": 5,
            "percent_covered": 0.0,
            "percent_covered_display": "0",
            "missing_lines": 5,
            "excluded_lines": 0
          },
          "missing_lines": [
            124,
            125,
            126,
            127,
            128
          ],
          "excluded_lines": []
        },
        "MapRouletteServer.__handle_response": {
          "executed_lines": [],
          "summary": {
            "covered_lines": 0,
            "num_statements": 12,
            "percent_covered": 0.0,
            "percent_covered_display": "0",
            "missing_lines": 12,
            "excluded_lines": 0
          },
          "missing_lines": [
            132,
            133,
            134,
            138,
            139,
            143,
            144,
            149,
            153,
            154,
            158,
            159
          ],
          "excluded_lines": []
        },
        "MapRouletteServer.is_json": {
          "executed_lines": [],
          "summary": {
            "covered_lines": 0,
            "num_statements": 6,
            "percent_covered": 0.0,
            "percent_covered_display": "0",
            "missing_lines": 6,
            "excluded_lines": 0
          },
          "missing_lines": [
            171,
            172,
            173,
            174,
            175,
            176
          ],
          "excluded_lines": []
        },
        "MapRouletteServer.parse_response_message": {
          "executed_lines": [],
          "summary": {
            "covered_lines": 0,
            "num_statements": 4,
            "percent_covered": 0.0,
            "percent_covered_display": "0",
            "missing_lines": 4,
            "excluded_lines": 0
          },
          "missing_lines": [
            185,
            186,
            187,
            188
          ],
          "excluded_lines": []
        },
        "": {
          "executed_lines": [
            1,
            4,
            5,
            6,
            7,
            8,
            9,
            12,
            13,
            14,
            28,
            54,
            68,
            84,
            100,
            116,
            130,
            164,
            165,
            178,
            179
          ],
          "summary": {
            "covered_lines": 19,
            "num_statements": 19,
            "percent_covered": 100.0,
            "percent_covered_display": "100",
            "missing_lines": 0,
            "excluded_lines": 0
          },
          "missing_lines": [],
          "excluded_lines": []
        }
      },