{
  "files": {
    "common/psapi.py": {
      "executed_lines": [
        1,
        2,
        4,
        6,
        7,
        11,
        12,
        14,
        15,
        16,
        18,
        19,
        20,
        22,
        24,
        25,
        27,
        28,
        30,
        31,
        32,
        33,
        37,
        38,
        39,
        41,
        42,
        44,
        45,
        47,
        49,
        51,
        52,
        54,
        55,
        56,
        58,
        59,
        60,
        61,
        63,
        66,
        67,
        69,
        71,
        72,
        74,
        75,
        77,
        81,
        84,
        86,
        87,
        89,
        90,
        92,
        93,
        94,
        96,
        99,
        101,
        102,
        104,
        105,
        107,
        108,
        109,
        113,
        114,
        115,
        117,
        119,
        124,
        126,
        127,
        131,
        132
      ],
      "summary": {
        "covered_lines": 77,
        "num_statements": 87,
        "percent_covered": 88.50574712643679,
        "percent_covered_display": "89",
        "missing_lines": 10,
        "excluded_lines": 0,
        "percent_statements_covered": 88.50574712643679,
        "percent_statements_covered_display": "89"
      },
      "missing_lines": [
        34,
        35,
        64,
        78,
        79,
        82,
        97,
        110,
        111,
        129
      ],
      "excluded_lines": [],
      "functions": {
        "get_all_podcast_episodes_all_seasons": {
          "executed_lines": [
            12,
            14,
            15,
            16,
            18,
            19,
            20,
            22
          ],
          "summary": {
            "covered_lines": 8,
            "num_statements": 8,
            "percent_covered": 100.0,
            "percent_covered_display": "100",
            "missing_lines": 0,
            "excluded_lines": 0,
            "percent_statements_covered": 100.0,
            "percent_statements_covered_display": "100"
          },
          "missing_lines": [],
          "excluded_lines": [],
          "start_line": 11
        },
        "get_all_podcast_episodes": {
          "executed_lines": [
            25,
            27,
            28,
            30,
            31,
            32,
            33,
            37,
            38,
            39,
            41,
            42,
            44,
            45,
            47,
            49
          ],
          "summary": {
            "covered_lines": 16,
            "num_statements": 18,
            "percent_covered": 88.88888888888889,
            "percent_covered_display": "89",
            "missing_lines": 2,
            "excluded_lines": 0,
            "percent_statements_covered": 88.88888888888889,
            "percent_statements_covered_display": "89"
          },
          "missing_lines": [
            34,
            35
          ],
          "excluded_lines": [],
          "start_line": 24
        },
        "get_podcast_episodes": {
          "executed_lines": [
            52,
            54,
            55,
            56,
            58,
            59,
            60,
            61,
            63,
            66,
            67,
            69
          ],
          "summary": {
            "covered_lines": 12,
            "num_statements": 13,
            "percent_covered": 92.3076923076923,
            "percent_covered_display": "92",
            "missing_lines": 1,
            "excluded_lines": 0,
            "percent_statements_covered": 92.3076923076923,
            "percent_statements_covered_display": "92"
          },
          "missing_lines": [
            64
          ],
          "excluded_lines": [],
          "start_line": 51
        },
        "get_episode_manifest": {
          "executed_lines": [
            72,
            74,
            75,
            77,
            81,
            84
          ],
          "summary": {
            "covered_lines": 6,
            "num_statements": 9,
            "percent_covered": 66.66666666666667,
            "percent_covered_display": "67",
            "missing_lines": 3,
            "excluded_lines": 0,
            "percent_statements_covered": 66.66666666666667,
            "percent_statements_covered_display": "67"
          },
          "missing_lines": [
            78,
            79,
            82
          ],
          "excluded_lines": [],
          "start_line": 71
        },
        "get_podcast_metadata": {
          "executed_lines": [
            87,
            89,
            90,
            92,
            93,
            94,
            96,
            99
          ],
          "summary": {
            "covered_lines": 8,
            "num_statements": 9,
            "percent_covered": 88.88888888888889,
            "percent_covered_display": "89",
            "missing_lines": 1,
            "excluded_lines": 0,
            "percent_statements_covered": 88.88888888888889,
            "percent_statements_covered_display": "89"
          },
          "missing_lines": [
            97
          ],
          "excluded_lines": [],
          "start_line": 86
        },
        "get_all_podcasts": {
          "executed_lines": [
            102,
            104,
            105,
            107,
            108,
            109,
            113,
            114,
            115,
            117,
            119,
            124,
            126,
            127,
            131,
            132
          ],
          "summary": {
            "covered_lines": 16,
            "num_statements": 19,
            "percent_covered": 84.21052631578948,
            "percent_covered_display": "84",
            "missing_lines": 3,
            "excluded_lines": 0,
            "percent_statements_covered": 84.21052631578948,
            "percent_statements_covered_display": "84"
          },
          "missing_lines": [
            110,
            111,
            129
          ],
          "excluded_lines": [],
          "start_line": 101
        },
        "": {
          "executed_lines": [
            1,
            2,
            4,
            6,
            7,
            11,
            24,
            51,
            71,
            86,
            101
          ],
          "summary": {
            "covered_lines": 11,
            "num_statements": 11,
            "percent_covered": 100.0,
            "percent_covered_display": "100",
            "missing_lines": 0,
            "excluded_lines": 0,
            "percent_statements_covered": 100.0,
            "percent_statements_covered_display": "100"
          },
          "missing_lines": [],
          "excluded_lines": [],
          "start_line": 1
        }
      },