{
  "files": {
    "common/psapi.py": {
      "executed_lines": [
        1,
        2,
        3,
        4,
        6,
        8,
        9,
        13,
        15,
        16,
        17,
        18,
        19,
        20,
        21,
        22,
        23,
        24,
        25,
        30,
        31,
        33,
        34,
        35,
        37,
        38,
        39,
        41,
        43,
        44,
        46,
        47,
        49,
        50,
        51,
        52,
        56,
        57,
        58,
        59,
        61,
        62,
        64,
        65,
        67,
        69,
        71,
        72,
        74,
        75,
        76,
        78,
        79,
        83,
        86,
        87,
        88,
        90,
        92,
        93,
        95,
        96,
        98,
        102,
        105,
        107,
        108,
        110,
        111,
        113,
        114,
        115,
        117,
        120,
        122,
        123,
        125,
        126,
        128,
        129,
        130,
        134,
        135,
        136,
        137,
        139,
        141,
        146,
        148,
        149,
        153,
        154
      ],
      "summary": {
        "covered_lines": 92,
        "num_statements": 107,
        "percent_covered": 85.98130841121495,
        "percent_covered_display": "86",
        "missing_lines": 15,
        "excluded_lines": 0
      },
      "missing_lines": [
        26,
        27,
        28,
        53,
        54,
        80,
        81,
        84,
        99,
        100,
        103,
        118,
        131,
        132,
        151
      ],
      "excluded_lines": [],
      "functions": {
        "make_request": {
          "executed_lines": [
            15,
            16,
            17,
            18,
            19,
            20,
            21,
            22,
            23,
            24,
            25
          ],
          "summary": {
            "covered_lines": 11,
            "num_statements": 14,
            "percent_covered": 78.57142857142857,
            "percent_covered_display": "79",
            "missing_lines": 3,
            "excluded_lines": 0
          },
          "missing_lines": [
            26,
            27,
            28
          ],
          "excluded_lines": []
        },
        "get_all_podcast_episodes_all_seasons": {
          "executed_lines": [
            31,
            33,
            34,
            35,
            37,
            38,
            39,
            41
          ],
          "summary": {
            "covered_lines": 8,
            "num_statements": 8,
            "percent_covered": 100.0,
            "percent_covered_display": "100",
            "missing_lines": 0,
            "excluded_lines": 0
          },
          "missing_lines": [],
          "excluded_lines": []
        },
        "get_all_podcast_episodes": {
          "executed_lines": [
            44,
            46,
            47,
            49,
            50,
            51,
            52,
            56,
            57,
            58,
            59,
            61,
            62,
            64,
            65,
            67,
            69
          ],
          "summary": {
            "covered_lines": 17,
            "num_statements": 19,
            "percent_covered": 89.47368421052632,
            "percent_covered_display": "89",
            "missing_lines": 2,
            "excluded_lines": 0
          },
          "missing_lines": [
            53,
            54
          ],
          "excluded_lines": []
        },
        "get_podcast_episodes": {
          "executed_lines": [
            72,
            74,
            75,
            76,
            78,
            79,
            83,
            86,
            87,
            88,
            90
          ],
          "summary": {
            "covered_lines": 11,
            "num_statements": 14,
            "percent_covered": 78.57142857142857,
            "percent_covered_display": "79",
            "missing_lines": 3,
            "excluded_lines": 0
          },
          "missing_lines": [
            80,
            81,
            84
          ],
          "excluded_lines": []
        },
        "get_episode_manifest": {
          "executed_lines": [
            93,
            95,
            96,
            98,
            102,
            105
          ],
          "summary": {
            "covered_lines": 6,
            "num_statements": 9,
            "percent_covered": 66.66666666666667,
            "percent_covered_display": "67",
            "missing_lines": 3,
            "excluded_lines": 0
          },
          "missing_lines": [
            99,
            100,
            103
          ],
          "excluded_lines": []
        },
        "get_podcast_metadata": {
          "executed_lines": [
            108,
            110,
            111,
            113,
            114,
            115,
            117,
            120
          ],
          "summary": {
            "covered_lines": 8,
            "num_statements": 9,
            "percent_covered": 88.88888888888889,
            "percent_covered_display": "89",
            "missing_lines": 1,
            "excluded_lines": 0
          },
          "missing_lines": [
            118
          ],
          "excluded_lines": []
        },
        "get_all_podcasts": {
          "executed_lines": [
            123,
            125,
            126,
            128,
            129,
            130,
            134,
            135,
            136,
            137,
            139,
            141,
            146,
            148,
            149,
            153,
            154
          ],
          "summary": {
            "covered_lines": 17,
            "num_statements": 20,
            "percent_covered": 85.0,
            "percent_covered_display": "85",
            "missing_lines": 3,
            "excluded_lines": 0
          },
          "missing_lines": [
            131,
            132,
            151
          ],
          "excluded_lines": []
        },
        "": {
          "executed_lines": [
            1,
            2,
            3,
            4,
            6,
            8,
            9,
            13,
            30,
            43,
            71,
            92,
            107,
            122
          ],
          "summary": {
            "covered_lines": 14,
            "num_statements": 14,
            "percent_covered": 100.0,
            "percent_covered_display": "100",
            "missing_lines": 0,
            "excluded_lines": 0
          },
          "missing_lines": [],
          "excluded_lines": []
        }
      },