{
  "files": {
    "fmi_weather_client/http.py": {
      "executed_lines": [
        1,
        2,
        3,
        4,
        5,
        6,
        8,
        10,
        12,
        14,
        16,
        17,
        20,
        28,
        29,
        32,
        39,
        40,
        43,
        52,
        53,
        54,
        57,
        65,
        66,
        67,
        70,
        84,
        85,
        87,
        88,
        89,
        90,
        91,
        92,
        94,
        96,
        112,
        113,
        115,
        116,
        118,
        121,
        127,
        129,
        130,
        132,
        133,
        137,
        139,
        142,
        144,
        145,
        146,
        147,
        148,
        149
      ],
      "summary": {
        "covered_lines": 57,
        "num_statements": 59,
        "percent_covered": 95.89041095890411,
        "percent_covered_display": "96",
        "missing_lines": 2,
        "excluded_lines": 0,
        "percent_statements_covered": 96.61016949152543,
        "percent_statements_covered_display": "97",
        "num_branches": 14,
        "num_partial_branches": 1,
        "covered_branches": 13,
        "missing_branches": 1,
        "percent_branches_covered": 92.85714285714286,
        "percent_branches_covered_display": "93"
      },
      "missing_lines": [
        150,
        152
      ],
      "excluded_lines": [],
      "executed_branches": [
        [
          84,
          85
        ],
        [
          84,
          87
        ],
        [
          87,
          88
        ],
        [
          87,
          90
        ],
        [
          90,
          91
        ],
        [
          90,
          94
        ],
        [
          112,
          113
        ],
        [
          112,
          115
        ],
        [
          115,
          116
        ],
        [
          115,
          118
        ],
        [
          132,
          133
        ],
        [
          132,
          137
        ],
        [
          144,
          145
        ]
      ],
      "missing_branches": [
        [
          144,
          152
        ]
      ],
      "functions": {
        "request_weather_by_coordinates": {
          "executed_lines": [
            28,
            29
          ],
          "summary": {
            "covered_lines": 2,
            "num_statements": 2,
            "percent_covered": 100.0,
            "percent_covered_display": "100",
            "missing_lines": 0,
            "excluded_lines": 0,
            "percent_statements_covered": 100.0,
            "percent_statements_covered_display": "100",
            "num_branches": 0,
            "num_partial_branches": 0,
            "covered_branches": 0,
            "missing_branches": 0,
            "percent_branches_covered": 100.0,
            "percent_branches_covered_display": "100"
          },
          "missing_lines": [],
          "excluded_lines": [],
          "start_line": 20,
          "executed_branches": [],
          "missing_branches": []
        },
        "request_weather_by_place": {
          "executed_lines": [
            39,
            40
          ],
          "summary": {
            "covered_lines": 2,
            "num_statements": 2,
            "percent_covered": 100.0,
            "percent_covered_display": "100",
            "missing_lines": 0,
            "excluded_lines": 0,
            "percent_statements_covered": 100.0,
            "percent_statements_covered_display": "100",
            "num_branches": 0,
            "num_partial_branches": 0,
            "covered_branches": 0,
            "missing_branches": 0,
            "percent_branches_covered": 100.0,
            "percent_branches_covered_display": "100"
          },
          "missing_lines": [],
          "excluded_lines": [],
          "start_line": 32,
          "executed_branches": [],
          "missing_branches": []
        },
        "request_forecast_by_coordinates": {
          "executed_lines": [
            52,
            53,
            54
          ],
          "summary": {
            "covered_lines": 3,
            "num_statements": 3,
            "percent_covered": 100.0,
            "percent_covered_display": "100",
            "missing_lines": 0,
            "excluded_lines": 0,
            "percent_statements_covered": 100.0,
            "percent_statements_covered_display": "100",
            "num_branches": 0,
            "num_partial_branches": 0,
            "covered_branches": 0,
            "missing_branches": 0,
            "percent_branches_covered": 100.0,
            "percent_branches_covered_display": "100"
          },
          "missing_lines": [],
          "excluded_lines": [],
          "start_line": 43,
          "executed_branches": [],
          "missing_branches": []
        },
        "request_forecast_by_place": {
          "executed_lines": [
            65,
            66,
            67
          ],
          "summary": {
            "covered_lines": 3,
            "num_statements": 3,
            "percent_covered": 100.0,
            "percent_covered_display": "100",
            "missing_lines": 0,
            "excluded_lines": 0,
            "percent_statements_covered": 100.0,
            "percent_statements_covered_display": "100",
            "num_branches": 0,
            "num_partial_branches": 0,
            "covered_branches": 0,
            "missing_branches": 0,
            "percent_branches_covered": 100.0,
            "percent_branches_covered_display": "100"
          },
          "missing_lines": [],
          "excluded_lines": [],
          "start_line": 57,
          "executed_branches": [],
          "missing_branches": []
        },
        "_create_params": {
          "executed_lines": [
            84,
            85,
            87,
            88,
            89,
            90,
            91,
            92,
            94,
            96,
            112,
            113,
            115,
            116,
            118
          ],
          "summary": {
            "covered_lines": 15,
            "num_statements": 15,
            "percent_covered": 100.0,
            "percent_covered_display": "100",
            "missing_lines": 0,
            "excluded_lines": 0,
            "percent_statements_covered": 100.0,
            "percent_statements_covered_display": "100",
            "num_branches": 10,
            "num_partial_branches": 0,
            "covered_branches": 10,
            "missing_branches": 0,
            "percent_branches_covered": 100.0,
            "percent_branches_covered_display": "100"
          },
          "missing_lines": [],
          "excluded_lines": [],
          "start_line": 70,
          "executed_branches": [
            [
              84,
              85
            ],
            [
              84,
              87
            ],
            [
              87,
              88
            ],
            [
              87,
              90
            ],
            [
              90,
              91
            ],
            [
              90,
              94
            ],
            [
              112,
              113
            ],
            [
              112,
              115
            ],
            [
              115,
              116
            ],
            [
              115,
              118
            ]
          ],
          "missing_branches": []
        },
        "_send_request": {
          "executed_lines": [
            127,
            129,
            130,
            132,
            133,
            137,
            139
          ],
          "summary": {
            "covered_lines": 7,
            "num_statements": 7,
            "percent_covered": 100.0,
            "percent_covered_display": "100",
            "missing_lines": 0,
            "excluded_lines": 0,
            "percent_statements_covered": 100.0,