{
  "files": {
    "scripts/utils.py": {
      "executed_lines": [
        1,
        2,
        3,
        4,
        5,
        6,
        8,
        9,
        11,
        13,
        19,
        24,
        25,
        28,
        29,
        31,
        43,
        107,
        114,
        115,
        116,
        117,
        118,
        127,
        137,
        138,
        139,
        140,
        152,
        163,
        170,
        171,
        174,
        186,
        188,
        189,
        192,
        203,
        206,
        211,
        214,
        222,
        223,
        224,
        225,
        227,
        228,
        229,
        230,
        231,
        234,
        244,
        245,
        246,
        248,
        261,
        262,
        263,
        266,
        273,
        274,
        279,
        280,
        281,
        282,
        283,
        284,
        285,
        286,
        294,
        307,
        308,
        320,
        325,
        333,
        336,
        337
      ],
      "summary": {
        "covered_lines": 77,
        "num_statements": 92,
        "percent_covered": 83.69565217391305,
        "percent_covered_display": "84",
        "missing_lines": 15,
        "excluded_lines": 0
      },
      "missing_lines": [
        14,
        16,
        119,
        120,
        121,
        122,
        123,
        124,
        141,
        142,
        143,
        144,
        145,
        146,
        330
      ],
      "excluded_lines": [],
      "functions": {
        "fetch_gists": {
          "executed_lines": [
            114,
            115,
            116,
            117,
            118
          ],
          "summary": {
            "covered_lines": 5,
            "num_statements": 11,
            "percent_covered": 45.45454545454545,
            "percent_covered_display": "45",
            "missing_lines": 6,
            "excluded_lines": 0
          },
          "missing_lines": [
            119,
            120,
            121,
            122,
            123,
            124
          ],
          "excluded_lines": []
        },
        "fetch_gist_content": {
          "executed_lines": [
            137,
            138,
            139,
            140
          ],
          "summary": {
            "covered_lines": 4,
            "num_statements": 10,
            "percent_covered": 40.0,
            "percent_covered_display": "40",
            "missing_lines": 6,
            "excluded_lines": 0
          },
          "missing_lines": [
            141,
            142,
            143,
            144,
            145,
            146
          ],
          "excluded_lines": []
        },
        "format_date": {
          "executed_lines": [
            163,
            170,
            171
          ],
          "summary": {
            "covered_lines": 3,
            "num_statements": 3,
            "percent_covered": 100.0,
            "percent_covered_display": "100",
            "missing_lines": 0,
            "excluded_lines": 0
          },
          "missing_lines": [],
          "excluded_lines": []
        },
        "sanitise_folder_name": {
          "executed_lines": [
            186,
            188,
            189
          ],
          "summary": {
            "covered_lines": 3,
            "num_statements": 3,
            "percent_covered": 100.0,
            "percent_covered_display": "100",
            "missing_lines": 0,
            "excluded_lines": 0
          },
          "missing_lines": [],
          "excluded_lines": []
        },
        "generate_folder_name": {
          "executed_lines": [
            203,
            206,
            211
          ],
          "summary": {
            "covered_lines": 3,
            "num_statements": 3,
            "percent_covered": 100.0,
            "percent_covered_display": "100",
            "missing_lines": 0,
            "excluded_lines": 0
          },
          "missing_lines": [],
          "excluded_lines": []
        },
        "save_gist_files": {
          "executed_lines": [
            222,
            223,
            224,
            225,
            227,
            228,
            229,
            230,
            231
          ],
          "summary": {
            "covered_lines": 9,
            "num_statements": 9,
            "percent_covered": 100.0,
            "percent_covered_display": "100",
            "missing_lines": 0,
            "excluded_lines": 0
          },
          "missing_lines": [],
          "excluded_lines": []
        },
        "create_gist_index": {
          "executed_lines": [
            244,
            245,
            246,
            248,
            261,
            262,
            263
          ],
          "summary": {
            "covered_lines": 7,
            "num_statements": 7,
            "percent_covered": 100.0,
            "percent_covered_display": "100",
            "missing_lines": 0,
            "excluded_lines": 0
          },
          "missing_lines": [],
          "excluded_lines": []
        },
        "update_readme": {
          "executed_lines": [
            273,
            274,
            279,
            280,
            281,
            282,
            283,
            284,
            285,
            286,
            294,
            307,
            308,
            320,
            325,
            333,
            336,
            337
          ],
          "summary": {
            "covered_lines": 18,
            "num_statements": 19,
            "percent_covered": 94.73684210526316,
            "percent_covered_display": "95",
            "missing_lines": 1,
            "excluded_lines": 0
          },
          "missing_lines": [
            330
          ],
          "excluded_lines": []
        },
        "": {
          "executed_lines": [
            1,
            2,
            3,
            4,
            5,
            6,
            8,
            9,
            11,
            13,
            19,
            24,
            25,
            28,
            29,
            31,
            43,
            107,
            127,
            152,
            174,
            192,
            214,
            234,
            266
          ],
          "summary": {
            "covered_lines": 25,
            "num_statements": 27,
            "percent_covered": 92.5925925925926,
            "percent_covered_display": "93",
            "missing_lines": 2,
            "excluded_lines": 0
          },
          "missing_lines": [
            14,
            16
          ],
          "excluded_lines": []
        }
      },