{
  "files": {
    "currencycom/client.py": {
      "executed_lines": [
        1,
        2,
        3,
        4,
        6,
        7,
        10,
        11,
        12,
        13,
        17,
        18,
        19,
        22,
        23,
        26,
        27,
        28,
        29,
        32,
        33,
        36,
        37,
        40,
        41,
        42,
        43,
        44,
        47,
        48,
        49,
        50,
        52,
        53,
        54,
        55,
        59,
        67,
        73,
        81,
        89,
        97,
        105,
        127,
        135,
        143,
        144,
        148,
        163,
        164
      ],
      "summary": {
        "covered_lines": 50,
        "num_statements": 91,
        "percent_covered": 54.94505494505494,
        "percent_covered_display": "55",
        "missing_lines": 41,
        "excluded_lines": 0
      },
      "missing_lines": [
        57,
        60,
        61,
        62,
        63,
        65,
        68,
        74,
        79,
        82,
        87,
        90,
        95,
        98,
        99,
        106,
        107,
        111,
        112,
        117,
        119,
        120,
        122,
        123,
        125,
        128,
        129,
        136,
        137,
        145,
        146,
        149,
        150,
        154,
        156,
        157,
        158,
        159,
        161,
        165,
        166
      ],
      "excluded_lines": [],
      "functions": {
        "Client.__init__": {
          "executed_lines": [
            49,
            50
          ],
          "summary": {
            "covered_lines": 2,
            "num_statements": 2,
            "percent_covered": 100.0,
            "percent_covered_display": "100",
            "missing_lines": 0,
            "excluded_lines": 0
          },
          "missing_lines": [],
          "excluded_lines": []
        },
        "Client._to_epoch_miliseconds": {
          "executed_lines": [
            54,
            55
          ],
          "summary": {
            "covered_lines": 2,
            "num_statements": 3,
            "percent_covered": 66.66666666666667,
            "percent_covered_display": "67",
            "missing_lines": 1,
            "excluded_lines": 0
          },
          "missing_lines": [
            57
          ],
          "excluded_lines": []
        },
        "Client._get_params_with_signature": {
          "executed_lines": [],
          "summary": {
            "covered_lines": 0,
            "num_statements": 5,
            "percent_covered": 0.0,
            "percent_covered_display": "0",
            "missing_lines": 5,
            "excluded_lines": 0
          },
          "missing_lines": [
            60,
            61,
            62,
            63,
            65
          ],
          "excluded_lines": []
        },
        "Client._get_header": {
          "executed_lines": [],
          "summary": {
            "covered_lines": 0,
            "num_statements": 1,
            "percent_covered": 0.0,
            "percent_covered_display": "0",
            "missing_lines": 1,
            "excluded_lines": 0
          },
          "missing_lines": [
            68
          ],
          "excluded_lines": []
        },
        "Client._get": {
          "executed_lines": [],
          "summary": {
            "covered_lines": 0,
            "num_statements": 2,
            "percent_covered": 0.0,
            "percent_covered_display": "0",
            "missing_lines": 2,
            "excluded_lines": 0
          },
          "missing_lines": [
            74,
            79
          ],
          "excluded_lines": []
        },
        "Client._post": {
          "executed_lines": [],
          "summary": {
            "covered_lines": 0,
            "num_statements": 2,
            "percent_covered": 0.0,
            "percent_covered_display": "0",
            "missing_lines": 2,
            "excluded_lines": 0
          },
          "missing_lines": [
            82,
            87
          ],
          "excluded_lines": []
        },
        "Client._delete": {
          "executed_lines": [],
          "summary": {
            "covered_lines": 0,
            "num_statements": 2,
            "percent_covered": 0.0,
            "percent_covered_display": "0",
            "missing_lines": 2,
            "excluded_lines": 0
          },
          "missing_lines": [
            90,
            95
          ],
          "excluded_lines": []
        },
        "Client.get_account_info": {
          "executed_lines": [],
          "summary": {
            "covered_lines": 0,
            "num_statements": 2,
            "percent_covered": 0.0,
            "percent_covered_display": "0",
            "missing_lines": 2,
            "excluded_lines": 0
          },
          "missing_lines": [
            98,
            99
          ],
          "excluded_lines": []
        },
        "Client.get_agg_trades": {
          "executed_lines": [],
          "summary": {
            "covered_lines": 0,
            "num_statements": 10,
            "percent_covered": 0.0,
            "percent_covered_display": "0",
            "missing_lines": 10,
            "excluded_lines": 0
          },
          "missing_lines": [
            106,
            107,
            111,
            112,
            117,
            119,
            120,
            122,
            123,
            125
          ],
          "excluded_lines": []
        },
        "Client.close_trading_position": {
          "executed_lines": [],
          "summary": {
            "covered_lines": 0,
            "num_statements": 2,
            "percent_covered": 0.0,
            "percent_covered_display": "0",
            "missing_lines": 2,
            "excluded_lines": 0
          },
          "missing_lines": [
            128,
            129
          ],
          "excluded_lines": []
        },
        "Client.get_order_book": {
          "executed_lines": [],
          "summary": {
            "covered_lines": 0,
            "num_statements": 2,
            "percent_covered": 0.0,
            "percent_covered_display": "0",
            "missing_lines": 2,
            "excluded_lines": 0
          },
          "missing_lines": [
            136,
            137
          ],
          "excluded_lines": []
        },
        "Client.get_exchange_info": {
          "executed_lines": [],
          "summary": {
            "covered_lines": 0,
            "num_statements": 2,
            "percent_covered": 0.0,
            "percent_covered_display": "0",
            "missing_lines": 2,
            "excluded_lines": 0
          },
          "missing_lines": [
            145,
            146
          ],
          "excluded_lines": []
        },
        "Client.get_klines": {
          "executed_lines": [],
          "summary": {
            "covered_lines": 0,
            "num_statements": 8,
            "percent_covered": 0.0,
            "percent_covered_display": "0",
            "missing_lines": 8,
            "excluded_lines": 0
          },
          "missing_lines": [
            149,
            150,
            154,
            156,
            157,
            158,
            159,
            161
          ],
          "excluded_lines": []
        },
        "Client.get_server_time": {
          "executed_lines": [],
          "summary": {
            "covered_lines": 0,
            "num_statements": 2,
            "percent_covered": 0.0,
            "percent_covered_display": "0",
            "missing_lines": 2,