{
  "files": {
    "git_pw/utils.py": {
      "executed_lines": [
        5,
        6,
        7,
        8,
        9,
        10,
        11,
        13,
        14,
        15,
        17,
        20,
        21,
        23,
        24,
        28,
        31,
        33,
        36,
        42,
        44,
        45,
        47,
        48,
        49,
        50,
        52,
        55,
        76,
        81,
        83,
        84,
        85,
        86,
        87,
        88,
        89,
        96,
        105,
        106,
        110,
        116,
        142,
        156,
        158,
        159,
        160,
        161,
        163,
        164,
        165,
        166,
        168,
        169,
        170,
        171,
        173,
        176,
        181,
        184,
        190,
        191,
        197,
        206,
        214,
        216,
        219,
        222,
        223,
        229,
        236,
        238,
        241,
        247,
        248,
        260,
        261,
        271,
        273,
        274,
        276
      ],
      "summary": {
        "covered_lines": 81,
        "num_statements": 127,
        "percent_covered": 63.77952755905512,
        "percent_covered_display": "64",
        "missing_lines": 46,
        "excluded_lines": 0,
        "percent_statements_covered": 63.77952755905512,
        "percent_statements_covered_display": "64"
      },
      "missing_lines": [
        22,
        25,
        26,
        57,
        58,
        59,
        61,
        62,
        64,
        65,
        67,
        68,
        69,
        70,
        71,
        73,
        90,
        91,
        92,
        93,
        94,
        95,
        97,
        98,
        101,
        102,
        103,
        104,
        112,
        113,
        117,
        120,
        121,
        123,
        125,
        126,
        127,
        128,
        130,
        131,
        133,
        134,
        135,
        136,
        137,
        139
      ],
      "excluded_lines": [],
      "functions": {
        "ensure_str": {
          "executed_lines": [
            21,
            23,
            24,
            28
          ],
          "summary": {
            "covered_lines": 4,
            "num_statements": 7,
            "percent_covered": 57.142857142857146,
            "percent_covered_display": "57",
            "missing_lines": 3,
            "excluded_lines": 0,
            "percent_statements_covered": 57.142857142857146,
            "percent_statements_covered_display": "57"
          },
          "missing_lines": [
            22,
            25,
            26
          ],
          "excluded_lines": [],
          "start_line": 20
        },
        "trim": {
          "executed_lines": [
            33
          ],
          "summary": {
            "covered_lines": 1,
            "num_statements": 1,
            "percent_covered": 100.0,
            "percent_covered_display": "100",
            "missing_lines": 0,
            "excluded_lines": 0,
            "percent_statements_covered": 100.0,
            "percent_statements_covered_display": "100"
          },
          "missing_lines": [],
          "excluded_lines": [],
          "start_line": 31
        },
        "git_config": {
          "executed_lines": [
            42,
            44,
            45,
            47,
            48,
            49,
            50,
            52
          ],
          "summary": {
            "covered_lines": 8,
            "num_statements": 8,
            "percent_covered": 100.0,
            "percent_covered_display": "100",
            "missing_lines": 0,
            "excluded_lines": 0,
            "percent_statements_covered": 100.0,
            "percent_statements_covered_display": "100"
          },
          "missing_lines": [],
          "excluded_lines": [],
          "start_line": 36
        },
        "git_am": {
          "executed_lines": [],
          "summary": {
            "covered_lines": 0,
            "num_statements": 13,
            "percent_covered": 0.0,
            "percent_covered_display": "0",
            "missing_lines": 13,
            "excluded_lines": 0,
            "percent_statements_covered": 0.0,
            "percent_statements_covered_display": "0"
          },
          "missing_lines": [
            57,
            58,
            59,
            61,
            62,
            64,
            65,
            67,
            68,
            69,
            70,
            71,
            73
          ],
          "excluded_lines": [],
          "start_line": 55
        },
        "_tabulate": {
          "executed_lines": [
            81,
            83,
            84,
            85,
            86,
            87,
            88,
            89,
            96,
            105,
            106,
            110
          ],
          "summary": {
            "covered_lines": 12,
            "num_statements": 26,
            "percent_covered": 46.15384615384615,
            "percent_covered_display": "46",
            "missing_lines": 14,
            "excluded_lines": 0,
            "percent_statements_covered": 46.15384615384615,
            "percent_statements_covered_display": "46"
          },
          "missing_lines": [
            90,
            91,
            92,
            93,
            94,
            95,
            97,
            98,
            101,
            102,
            103,
            104,
            112,
            113
          ],
          "excluded_lines": [],
          "start_line": 76
        },
        "_echo_via_pager": {
          "executed_lines": [],
          "summary": {
            "covered_lines": 0,
            "num_statements": 16,
            "percent_covered": 0.0,
            "percent_covered_display": "0",
            "missing_lines": 16,
            "excluded_lines": 0,
            "percent_statements_covered": 0.0,
            "percent_statements_covered_display": "0"
          },
          "missing_lines": [
            117,
            120,
            121,
            123,
            125,
            126,
            127,
            128,
            130,
            131,
            133,
            134,
            135,
            136,
            137,
            139
          ],
          "excluded_lines": [],
          "start_line": 116
        },
        "echo_via_pager": {
          "executed_lines": [
            156,
            158,
            159,
            160,
            161,
            163,
            164,
            165,
            166,
            168,
            169,
            170,
            171,
            173
          ],
          "summary": {
            "covered_lines": 14,
            "num_statements": 14,
            "percent_covered": 100.0,
            "percent_covered_display": "100",
            "missing_lines": 0,
            "excluded_lines": 0,
            "percent_statements_covered": 100.0,
            "percent_statements_covered_display": "100"
          },
          "missing_lines": [],
          "excluded_lines": [],
          "start_line": 142
        },
        "echo": {
          "executed_lines": [
            181
          ],
          "summary": {
            "covered_lines": 1,
            "num_statements": 1,
            "percent_covered": 100.0,
            "percent_covered_display": "100",
            "missing_lines": 0,
            "excluded_lines": 0,
            "percent_statements_covered": 100.0,
            "percent_statements_covered_display": "100"
          },
          "missing_lines": [],
          "excluded_lines": [],
          "start_line": 176
        },
        "pagination_options": {
          "executed_lines": [
            190,
            216
          ],
          "summary": {
            "covered_lines": 2,
            "num_statements": 2,
            "percent_covered": 100.0,