{
  "files": {
    "nyaapy/anime_site.py": {
      "executed_lines": [
        1,
        2,
        3,
        4,
        7,
        8,
        9,
        11,
        12,
        13,
        14,
        15,
        16,
        17,
        19,
        22,
        23,
        29,
        30,
        31,
        33,
        34,
        35,
        36,
        37,
        38,
        41,
        43,
        45,
        58,
        69,
        70,
        72,
        73,
        74,
        75,
        76,
        95,
        96,
        97,
        98,
        99,
        100,
        101,
        103,
        106,
        107,
        111,
        112,
        113,
        114,
        115,
        116,
        117,
        119,
        122,
        123,
        124
      ],
      "summary": {
        "covered_lines": 58,
        "num_statements": 71,
        "percent_covered": 81.69014084507042,
        "percent_covered_display": "82",
        "missing_lines": 13,
        "excluded_lines": 0,
        "percent_statements_covered": 81.69014084507042,
        "percent_statements_covered_display": "82"
      },
      "missing_lines": [
        20,
        27,
        46,
        78,
        79,
        81,
        83,
        84,
        88,
        93,
        104,
        109,
        120
      ],
      "excluded_lines": [],
      "functions": {
        "AnimeTorrentSite.last_uploads": {
          "executed_lines": [
            13,
            14,
            15,
            16,
            17,
            19,
            22,
            23
          ],
          "summary": {
            "covered_lines": 8,
            "num_statements": 10,
            "percent_covered": 80.0,
            "percent_covered_display": "80",
            "missing_lines": 2,
            "excluded_lines": 0,
            "percent_statements_covered": 80.0,
            "percent_statements_covered_display": "80"
          },
          "missing_lines": [
            20,
            27
          ],
          "excluded_lines": [],
          "start_line": 12
        },
        "AnimeTorrentSite.search": {
          "executed_lines": [
            31,
            33,
            34,
            35,
            36,
            37,
            38,
            41,
            43,
            45,
            58,
            69,
            70,
            72,
            73,
            74,
            75,
            76
          ],
          "summary": {
            "covered_lines": 18,
            "num_statements": 26,
            "percent_covered": 69.23076923076923,
            "percent_covered_display": "69",
            "missing_lines": 8,
            "excluded_lines": 0,
            "percent_statements_covered": 69.23076923076923,
            "percent_statements_covered_display": "69"
          },
          "missing_lines": [
            46,
            78,
            79,
            81,
            83,
            84,
            88,
            93
          ],
          "excluded_lines": [],
          "start_line": 30
        },
        "AnimeTorrentSite.get": {
          "executed_lines": [
            97,
            98,
            99,
            100,
            101,
            103,
            106,
            107
          ],
          "summary": {
            "covered_lines": 8,
            "num_statements": 10,
            "percent_covered": 80.0,
            "percent_covered_display": "80",
            "missing_lines": 2,
            "excluded_lines": 0,
            "percent_statements_covered": 80.0,
            "percent_statements_covered_display": "80"
          },
          "missing_lines": [
            104,
            109
          ],
          "excluded_lines": [],
          "start_line": 96
        },
        "AnimeTorrentSite.get_from_user": {
          "executed_lines": [
            113,
            114,
            115,
            116,
            117,
            119,
            122,
            123,
            124
          ],
          "summary": {
            "covered_lines": 9,
            "num_statements": 10,
            "percent_covered": 90.0,
            "percent_covered_display": "90",
            "missing_lines": 1,
            "excluded_lines": 0,
            "percent_statements_covered": 90.0,
            "percent_statements_covered_display": "90"
          },
          "missing_lines": [
            120
          ],
          "excluded_lines": [],
          "start_line": 112
        },
        "": {
          "executed_lines": [
            1,
            2,
            3,
            4,
            7,
            8,
            9,
            11,
            12,
            29,
            30,
            95,
            96,
            111,
            112
          ],
          "summary": {
            "covered_lines": 15,
            "num_statements": 15,
            "percent_covered": 100.0,
            "percent_covered_display": "100",
            "missing_lines": 0,
            "excluded_lines": 0,
            "percent_statements_covered": 100.0,
            "percent_statements_covered_display": "100"
          },
          "missing_lines": [],
          "excluded_lines": [],
          "start_line": 1
        }
      },
      "classes": {
        "AnimeTorrentSite": {
          "executed_lines": [
            13,
            14,
            15,
            16,
            17,
            19,
            22,
            23,
            31,
            33,
            34,
            35,
            36,
            37,
            38,
            41,
            43,
            45,
            58,
            69,
            70,
            72,
            73,
            74,
            75,
            76,
            97,
            98,
            99,
            100,
            101,
            103,
            106,
            107,
            113,
            114,
            115,
            116,
            117,
            119,
            122,
            123,
            124
          ],
          "summary": {
            "covered_lines": 43,
            "num_statements": 56,
            "percent_covered": 76.78571428571429,
            "percent_covered_display": "77",
            "missing_lines": 13,
            "excluded_lines": 0,
            "percent_statements_covered": 76.78571428571429,
            "percent_statements_covered_display": "77"
          },
          "missing_lines": [
            20,
            27,
            46,
            78,
            79,
            81,
            83,
            84,
            88,
            93,
            104,
            109,
            120
          ],
          "excluded_lines": [],
          "start_line": 7
        },
        "": {
          "executed_lines": [
            1,
            2,
            3,
            4,
            7,
            8,
            9,
            11,
            12,
            29,
            30,
            95,
            96,
            111,
            112
          ],
          "summary": {
            "covered_lines": 15,
            "num_statements": 15,
            "percent_covered": 100.0,
            "percent_covered_display": "100",
            "missing_lines": 0,
            "excluded_lines": 0,
            "percent_statements_covered": 100.0,
            "percent_statements_covered_display": "100"
          },
          "missing_lines": [],
          "excluded_lines": [],
          "start_line": 1
        }
      }
    }
  },
  "meta": {
    "format": 3,
    "version": "7.13.4",
    "branch_coverage": false,
    "show_contexts": false
  },
  "totals": {
    "covered_lines": 58,
    "num_statements": 71,
    "percent_covered": 81.69014084507042,
    "percent_covered_display": "82",
    "missing_lines": 13,
    "excluded_lines": 0,
    "percent_statements_covered": 81.69014084507042,
    "percent_statements_covered_display": "82"
  }
}