{
  "files": {
    "api/tokens.py": {
      "executed_lines": [
        1,
        2,
        3,
        4,
        6,
        7,
        8,
        10,
        11,
        12,
        13,
        14,
        17,
        18,
        19,
        22,
        23,
        24,
        25,
        26,
        27,
        28,
        32,
        39,
        40,
        41,
        42,
        43,
        51,
        52,
        53,
        54,
        55,
        56,
        59,
        60,
        61,
        62,
        63,
        70,
        71,
        73,
        74,
        75,
        76,
        77,
        78,
        79,
        80,
        81,
        82,
        85,
        86,
        87,
        88,
        89,
        91,
        92,
        95,
        96,
        97,
        100,
        101,
        102,
        104,
        106,
        107,
        108,
        109,
        111,
        113,
        116,
        117,
        118,
        120,
        121,
        123,
        124,
        125,
        126,
        127,
        128,
        131,
        132,
        134,
        135,
        137,
        138,
        139,
        140,
        141,
        149,
        152,
        153,
        154,
        155,
        157,
        165,
        166,
        167,
        168,
        169
      ],
      "summary": {
        "covered_lines": 102,
        "num_statements": 137,
        "percent_covered": 74.45255474452554,
        "percent_covered_display": "74",
        "missing_lines": 35,
        "excluded_lines": 2,
        "percent_statements_covered": 74.45255474452554,
        "percent_statements_covered_display": "74"
      },
      "missing_lines": [
        172,
        173,
        174,
        175,
        176,
        184,
        185,
        186,
        187,
        188,
        190,
        191,
        193,
        194,
        195,
        198,
        199,
        200,
        201,
        205,
        206,
        207,
        208,
        210,
        211,
        213,
        214,
        215,
        216,
        217,
        218,
        219,
        220,
        221,
        222
      ],
      "excluded_lines": [
        93,
        94
      ],
      "functions": {
        "token_response": {
          "executed_lines": [
            23,
            24,
            25,
            26,
            27,
            28,
            32
          ],
          "summary": {
            "covered_lines": 7,
            "num_statements": 7,
            "percent_covered": 100.0,
            "percent_covered_display": "100",
            "missing_lines": 0,
            "excluded_lines": 0,
            "percent_statements_covered": 100.0,
            "percent_statements_covered_display": "100"
          },
          "missing_lines": [],
          "excluded_lines": [],
          "start_line": 22
        },
        "new": {
          "executed_lines": [
            51,
            52,
            53,
            54,
            55,
            56
          ],
          "summary": {
            "covered_lines": 6,
            "num_statements": 6,
            "percent_covered": 100.0,
            "percent_covered_display": "100",
            "missing_lines": 0,
            "excluded_lines": 0,
            "percent_statements_covered": 100.0,
            "percent_statements_covered_display": "100"
          },
          "missing_lines": [],
          "excluded_lines": [],
          "start_line": 43
        },
        "refresh": {
          "executed_lines": [
            70,
            71,
            73,
            74,
            75,
            76,
            77,
            78,
            79,
            80,
            81,
            82
          ],
          "summary": {
            "covered_lines": 12,
            "num_statements": 12,
            "percent_covered": 100.0,
            "percent_covered_display": "100",
            "missing_lines": 0,
            "excluded_lines": 0,
            "percent_statements_covered": 100.0,
            "percent_statements_covered_display": "100"
          },
          "missing_lines": [],
          "excluded_lines": [],
          "start_line": 63
        },
        "revoke": {
          "executed_lines": [
            91,
            92,
            95,
            96,
            97
          ],
          "summary": {
            "covered_lines": 5,
            "num_statements": 5,
            "percent_covered": 100.0,
            "percent_covered_display": "100",
            "missing_lines": 0,
            "excluded_lines": 2,
            "percent_statements_covered": 100.0,
            "percent_statements_covered_display": "100"
          },
          "missing_lines": [],
          "excluded_lines": [
            93,
            94
          ],
          "start_line": 89
        },
        "reset": {
          "executed_lines": [
            106,
            107,
            108,
            109,
            111,
            113
          ],
          "summary": {
            "covered_lines": 6,
            "num_statements": 6,
            "percent_covered": 100.0,
            "percent_covered_display": "100",
            "missing_lines": 0,
            "excluded_lines": 0,
            "percent_statements_covered": 100.0,
            "percent_statements_covered_display": "100"
          },
          "missing_lines": [],
          "excluded_lines": [],
          "start_line": 104
        },
        "password_reset": {
          "executed_lines": [
            123,
            124,
            125,
            126,
            127,
            128
          ],
          "summary": {
            "covered_lines": 6,
            "num_statements": 6,
            "percent_covered": 100.0,
            "percent_covered_display": "100",
            "missing_lines": 0,
            "excluded_lines": 0,
            "percent_statements_covered": 100.0,
            "percent_statements_covered_display": "100"
          },
          "missing_lines": [],
          "excluded_lines": [],
          "start_line": 121
        },
        "oauth2_authorize": {
          "executed_lines": [
            137,
            138,
            139,
            140,
            141,
            149
          ],
          "summary": {
            "covered_lines": 6,
            "num_statements": 6,
            "percent_covered": 100.0,
            "percent_covered_display": "100",
            "missing_lines": 0,
            "excluded_lines": 0,
            "percent_statements_covered": 100.0,
            "percent_statements_covered_display": "100"
          },
          "missing_lines": [],
          "excluded_lines": [],
          "start_line": 135
        },
        "oauth2_new": {
          "executed_lines": [
            165,
            166,
            167,
            168,
            169
          ],
          "summary": {
            "covered_lines": 5,
            "num_statements": 40,
            "percent_covered": 12.5,
            "percent_covered_display": "12",
            "missing_lines": 35,
            "excluded_lines": 0,
            "percent_statements_covered": 12.5,
            "percent_statements_covered_display": "12"
          },
          "missing_lines": [
            172,
            173,
            174,
            175,
            176,
            184,
            185,
            186,
            187,
            188,
            190,
            191,
            193,
            194,
            195,
            198,
            199,
            200,
            201,
            205,
            206,
            207,
            208,
            210,
            211,
            213,
            214,
            215,
            216,
            217,
            218,
            219,
            220,
            221,
            222
          ],
          "excluded_lines": [],
          "start_line": 157
        },