{
  "files": {
    "sbfl/utils.py": {
      "executed_lines": [
        1,
        2,
        3,
        4,
        5,
        7,
        8,
        11,
        12,
        13,
        15,
        16,
        17,
        19,
        30,
        33,
        34,
        35,
        37,
        39,
        56,
        57,
        58,
        59,
        60,
        61,
        62,
        63,
        67,
        70,
        72,
        74,
        75,
        76,
        77,
        78,
        80,
        82,
        83,
        86,
        87,
        88,
        90,
        91,
        92,
        94,
        96,
        97,
        98,
        100,
        101,
        103,
        105,
        130,
        131,
        134,
        135,
        137,
        138,
        140,
        143,
        144,
        145,
        147,
        148,
        149,
        151,
        152,
        153,
        155,
        157,
        158,
        159,
        161,
        162,
        163,
        164,
        165,
        168,
        172,
        173,
        174,
        178,
        199,
        200,
        201,
        202,
        203,
        204,
        206,
        229,
        243,
        244,
        245,
        246,
        248,
        249,
        250,
        251,
        253
      ],
      "summary": {
        "covered_lines": 100,
        "num_statements": 121,
        "percent_covered": 82.64462809917356,
        "percent_covered_display": "83",
        "missing_lines": 21,
        "excluded_lines": 0,
        "percent_statements_covered": 82.64462809917356,
        "percent_statements_covered_display": "83"
      },
      "missing_lines": [
        64,
        65,
        68,
        79,
        84,
        95,
        132,
        136,
        141,
        154,
        176,
        210,
        212,
        213,
        214,
        215,
        216,
        217,
        219,
        227,
        247
      ],
      "excluded_lines": [],
      "functions": {
        "is_function_summary": {
          "executed_lines": [
            8,
            11,
            12,
            13
          ],
          "summary": {
            "covered_lines": 4,
            "num_statements": 4,
            "percent_covered": 100.0,
            "percent_covered_display": "100",
            "missing_lines": 0,
            "excluded_lines": 0,
            "percent_statements_covered": 100.0,
            "percent_statements_covered_display": "100"
          },
          "missing_lines": [],
          "excluded_lines": [],
          "start_line": 7
        },
        "is_line_coverage": {
          "executed_lines": [
            16,
            17
          ],
          "summary": {
            "covered_lines": 2,
            "num_statements": 2,
            "percent_covered": 100.0,
            "percent_covered_display": "100",
            "missing_lines": 0,
            "excluded_lines": 0,
            "percent_statements_covered": 100.0,
            "percent_statements_covered_display": "100"
          },
          "missing_lines": [],
          "excluded_lines": [],
          "start_line": 15
        },
        "parse_gcov_line": {
          "executed_lines": [
            30,
            33,
            34,
            35,
            37
          ],
          "summary": {
            "covered_lines": 5,
            "num_statements": 5,
            "percent_covered": 100.0,
            "percent_covered_display": "100",
            "missing_lines": 0,
            "excluded_lines": 0,
            "percent_statements_covered": 100.0,
            "percent_statements_covered_display": "100"
          },
          "missing_lines": [],
          "excluded_lines": [],
          "start_line": 19
        },
        "read_gcov": {
          "executed_lines": [
            56,
            57,
            58,
            59,
            60,
            61,
            62,
            63,
            67,
            70,
            72,
            74,
            75,
            76,
            77,
            78,
            80,
            82,
            83,
            86,
            87,
            88,
            90,
            91,
            92,
            94,
            96,
            97,
            98,
            100,
            101,
            103
          ],
          "summary": {
            "covered_lines": 32,
            "num_statements": 38,
            "percent_covered": 84.21052631578948,
            "percent_covered_display": "84",
            "missing_lines": 6,
            "excluded_lines": 0,
            "percent_statements_covered": 84.21052631578948,
            "percent_statements_covered_display": "84"
          },
          "missing_lines": [
            64,
            65,
            68,
            79,
            84,
            95
          ],
          "excluded_lines": [],
          "start_line": 39
        },
        "gcov_files_to_frame": {
          "executed_lines": [
            130,
            131,
            134,
            135,
            137,
            138,
            140,
            143,
            144,
            145,
            147,
            148,
            149,
            151,
            152,
            153,
            155,
            157,
            158,
            159,
            161,
            162,
            163,
            164,
            165,
            168,
            172,
            173,
            174
          ],
          "summary": {
            "covered_lines": 29,
            "num_statements": 34,
            "percent_covered": 85.29411764705883,
            "percent_covered_display": "85",
            "missing_lines": 5,
            "excluded_lines": 0,
            "percent_statements_covered": 85.29411764705883,
            "percent_statements_covered_display": "85"
          },
          "missing_lines": [
            132,
            136,
            141,
            154,
            176
          ],
          "excluded_lines": [],
          "start_line": 105
        },
        "get_sbfl_scores_from_frame": {
          "executed_lines": [
            199,
            200,
            201,
            202,
            203,
            204
          ],
          "summary": {
            "covered_lines": 6,
            "num_statements": 6,
            "percent_covered": 100.0,
            "percent_covered_display": "100",
            "missing_lines": 0,
            "excluded_lines": 0,
            "percent_statements_covered": 100.0,
            "percent_statements_covered_display": "100"
          },
          "missing_lines": [],
          "excluded_lines": [],
          "start_line": 178
        },
        "read_dfcpp_coverage": {
          "executed_lines": [],
          "summary": {
            "covered_lines": 0,
            "num_statements": 9,
            "percent_covered": 0.0,
            "percent_covered_display": "0",
            "missing_lines": 9,
            "excluded_lines": 0,
            "percent_statements_covered": 0.0,
            "percent_statements_covered_display": "0"
          },
          "missing_lines": [
            210,
            212,
            213,
            214,
            215,
            216,
            217,
            219,
            227
          ],
          "excluded_lines": [],
          "start_line": 206
        },
        "read_dfcpp_test_results": {
          "executed_lines": [
            243,
            244,
            245,
            246,
            248,
            249,
            250,
            251,
            253
          ],
          "summary": {
            "covered_lines": 9,
            "num_statements": 10,
            "percent_covered": 90.0,
            "percent_covered_display": "90",
            "missing_lines": 1,
            "excluded_lines": 0,
            "percent_statements_covered": 90.0,
            "percent_statements_covered_display": "90"
          },