{
  "files": {
    "wikipediaapi/__init__.py": {
      "executed_lines": [
        1,
        2,
        3,
        4,
        5,
        6,
        7,
        8,
        10,
        12,
        18,
        21,
        24,
        25,
        27,
        28,
        31,
        32,
        33,
        34,
        35,
        36,
        37,
        38,
        39,
        40,
        41,
        42,
        43,
        44,
        45,
        46,
        47,
        48,
        49,
        50,
        51,
        52,
        53,
        54,
        55,
        56,
        57,
        58,
        59,
        60,
        61,
        62,
        63,
        64,
        65,
        66,
        67,
        70,
        73,
        80,
        81,
        83,
        91,
        93,
        94,
        95,
        99,
        100,
        101,
        107,
        109,
        110,
        116,
        118,
        125,
        126,
        128,
        130,
        131,
        133
      ],
      "summary": {
        "covered_lines": 74,
        "num_statements": 87,
        "percent_covered": 85.05747126436782,
        "percent_covered_display": "85",
        "missing_lines": 13,
        "excluded_lines": 0
      },
      "missing_lines": [
        75,
        76,
        77,
        111,
        135,
        136,
        140,
        141,
        142,
        143,
        146,
        147,
        148
      ],
      "excluded_lines": [],
      "functions": {
        "namespace2int": {
          "executed_lines": [],
          "summary": {
            "covered_lines": 0,
            "num_statements": 3,
            "percent_covered": 0.0,
            "percent_covered_display": "0",
            "missing_lines": 3,
            "excluded_lines": 0
          },
          "missing_lines": [
            75,
            76,
            77
          ],
          "excluded_lines": []
        },
        "Wikipedia.__init__": {
          "executed_lines": [
            91,
            93,
            94,
            95,
            99,
            100,
            101,
            107,
            109,
            110,
            116,
            118,
            125,
            126
          ],
          "summary": {
            "covered_lines": 14,
            "num_statements": 15,
            "percent_covered": 93.33333333333333,
            "percent_covered_display": "93",
            "missing_lines": 1,
            "excluded_lines": 0
          },
          "missing_lines": [
            111
          ],
          "excluded_lines": []
        },
        "Wikipedia.__del__": {
          "executed_lines": [
            130,
            131
          ],
          "summary": {
            "covered_lines": 2,
            "num_statements": 2,
            "percent_covered": 100.0,
            "percent_covered_display": "100",
            "missing_lines": 0,
            "excluded_lines": 0
          },
          "missing_lines": [],
          "excluded_lines": []
        },
        "Wikipedia._query": {
          "executed_lines": [],
          "summary": {
            "covered_lines": 0,
            "num_statements": 9,
            "percent_covered": 0.0,
            "percent_covered_display": "0",
            "missing_lines": 9,
            "excluded_lines": 0
          },
          "missing_lines": [
            135,
            136,
            140,
            141,
            142,
            143,
            146,
            147,
            148
          ],
          "excluded_lines": []
        },
        "": {
          "executed_lines": [
            1,
            2,
            3,
            4,
            5,
            6,
            7,
            8,
            10,
            12,
            18,
            21,
            24,
            25,
            27,
            28,
            31,
            32,
            33,
            34,
            35,
            36,
            37,
            38,
            39,
            40,
            41,
            42,
            43,
            44,
            45,
            46,
            47,
            48,
            49,
            50,
            51,
            52,
            53,
            54,
            55,
            56,
            57,
            58,
            59,
            60,
            61,
            62,
            63,
            64,
            65,
            66,
            67,
            70,
            73,
            80,
            81,
            83,
            128,
            133
          ],
          "summary": {
            "covered_lines": 58,
            "num_statements": 58,
            "percent_covered": 100.0,
            "percent_covered_display": "100",
            "missing_lines": 0,
            "excluded_lines": 0
          },
          "missing_lines": [],
          "excluded_lines": []
        }
      },
      "classes": {
        "ExtractFormat": {
          "executed_lines": [],
          "summary": {
            "covered_lines": 0,
            "num_statements": 0,
            "percent_covered": 100.0,
            "percent_covered_display": "100",
            "missing_lines": 0,
            "excluded_lines": 0
          },
          "missing_lines": [],
          "excluded_lines": []
        },
        "Namespace": {
          "executed_lines": [],
          "summary": {
            "covered_lines": 0,
            "num_statements": 0,
            "percent_covered": 100.0,
            "percent_covered_display": "100",
            "missing_lines": 0,
            "excluded_lines": 0
          },
          "missing_lines": [],
          "excluded_lines": []
        },
        "Wikipedia": {
          "executed_lines": [
            91,
            93,
            94,
            95,
            99,
            100,
            101,
            107,
            109,
            110,
            116,
            118,
            125,
            126,
            130,
            131
          ],
          "summary": {
            "covered_lines": 16,
            "num_statements": 26,
            "percent_covered": 61.53846153846154,
            "percent_covered_display": "62",
            "missing_lines": 10,
            "excluded_lines": 0
          },
          "missing_lines": [
            111,
            135,
            136,
            140,
            141,
            142,
            143,
            146,
            147,
            148
          ],
          "excluded_lines": []
        },
        "": {
          "executed_lines": [
            1,
            2,
            3,
            4,
            5,
            6,
            7,
            8,
            10,
            12,
            18,
            21,
            24,
            25,
            27,
            28,
            31,
            32,
            33,
            34,
            35,
            36,
            37,
            38,
            39,
            40,
            41,
            42,
            43,
            44,
            45,
            46,
            47,
            48,
            49,
            50,
            51,
            52,
            53,
            54,
            55,
            56,
            57,
            58,
            59,
            60,
            61,
            62,
            63,
            64,
            65,
            66,
            67,
            70,
            73,
            80,
            81,
            83,
            128,
            133
          ],
          "summary": {
            "covered_lines": 58,