{
  "files": {
    "srpenergy/client.py": {
      "executed_lines": [
        7,
        8,
        9,
        10,
        11,
        13,
        15,
        16,
        18,
        24,
        30,
        49,
        50,
        52,
        53,
        54,
        55,
        59,
        60,
        62,
        63,
        67,
        70,
        71,
        72,
        75,
        78,
        79,
        81,
        83,
        86,
        87,
        88,
        90,
        94,
        95,
        96,
        102,
        104,
        105,
        107,
        108,
        109,
        111,
        113,
        116,
        139,
        142,
        143,
        145,
        146,
        148,
        149,
        151,
        152,
        154,
        155,
        157,
        158,
        160,
        161,
        167,
        206
      ],
      "summary": {
        "covered_lines": 63,
        "num_statements": 135,
        "percent_covered": 46.666666666666664,
        "percent_covered_display": "47",
        "missing_lines": 72,
        "excluded_lines": 1,
        "percent_statements_covered": 46.666666666666664,
        "percent_statements_covered_display": "47"
      },
      "missing_lines": [
        20,
        21,
        26,
        27,
        163,
        164,
        165,
        190,
        192,
        197,
        199,
        201,
        203,
        204,
        255,
        256,
        258,
        259,
        262,
        263,
        266,
        267,
        269,
        272,
        273,
        275,
        281,
        282,
        284,
        296,
        297,
        299,
        300,
        302,
        303,
        305,
        312,
        313,
        315,
        323,
        325,
        327,
        328,
        330,
        332,
        334,
        341,
        343,
        344,
        346,
        357,
        358,
        360,
        361,
        363,
        364,
        366,
        373,
        374,
        376,
        384,
        386,
        388,
        389,
        391,
        393,
        395,
        402,
        404,
        406,
        408,
        409
      ],
      "excluded_lines": [
        207
      ],
      "functions": {
        "get_pretty_date": {
          "executed_lines": [],
          "summary": {
            "covered_lines": 0,
            "num_statements": 2,
            "percent_covered": 0.0,
            "percent_covered_display": "0",
            "missing_lines": 2,
            "excluded_lines": 0,
            "percent_statements_covered": 0.0,
            "percent_statements_covered_display": "0"
          },
          "missing_lines": [
            20,
            21
          ],
          "excluded_lines": [],
          "start_line": 18
        },
        "get_pretty_time": {
          "executed_lines": [],
          "summary": {
            "covered_lines": 0,
            "num_statements": 2,
            "percent_covered": 0.0,
            "percent_covered_display": "0",
            "missing_lines": 2,
            "excluded_lines": 0,
            "percent_statements_covered": 0.0,
            "percent_statements_covered_display": "0"
          },
          "missing_lines": [
            26,
            27
          ],
          "excluded_lines": [],
          "start_line": 24
        },
        "get_rate": {
          "executed_lines": [
            49,
            50,
            52,
            53,
            54,
            55,
            59,
            60,
            62,
            63,
            67,
            70,
            71,
            72,
            75,
            78,
            79,
            81,
            83,
            86,
            87,
            88,
            90,
            94,
            95,
            96,
            102,
            104,
            105,
            107,
            108,
            109,
            111,
            113
          ],
          "summary": {
            "covered_lines": 34,
            "num_statements": 34,
            "percent_covered": 100.0,
            "percent_covered_display": "100",
            "missing_lines": 0,
            "excluded_lines": 0,
            "percent_statements_covered": 100.0,
            "percent_statements_covered_display": "100"
          },
          "missing_lines": [],
          "excluded_lines": [],
          "start_line": 30
        },
        "SrpEnergyClient.__init__": {
          "executed_lines": [
            142,
            143,
            145,
            146,
            148,
            149,
            151,
            152,
            154,
            155,
            157,
            158,
            160,
            161
          ],
          "summary": {
            "covered_lines": 14,
            "num_statements": 17,
            "percent_covered": 82.3529411764706,
            "percent_covered_display": "82",
            "missing_lines": 3,
            "excluded_lines": 0,
            "percent_statements_covered": 82.3529411764706,
            "percent_statements_covered_display": "82"
          },
          "missing_lines": [
            163,
            164,
            165
          ],
          "excluded_lines": [],
          "start_line": 139
        },
        "SrpEnergyClient.validate": {
          "executed_lines": [],
          "summary": {
            "covered_lines": 0,
            "num_statements": 7,
            "percent_covered": 0.0,
            "percent_covered_display": "0",
            "missing_lines": 7,
            "excluded_lines": 0,
            "percent_statements_covered": 0.0,
            "percent_statements_covered_display": "0"
          },
          "missing_lines": [
            190,
            192,
            197,
            199,
            201,
            203,
            204
          ],
          "excluded_lines": [],
          "start_line": 167
        },
        "SrpEnergyClient.usage": {
          "executed_lines": [],
          "summary": {
            "covered_lines": 0,
            "num_statements": 58,
            "percent_covered": 0.0,
            "percent_covered_display": "0",
            "missing_lines": 58,
            "excluded_lines": 1,
            "percent_statements_covered": 0.0,
            "percent_statements_covered_display": "0"
          },
          "missing_lines": [
            255,
            256,
            258,
            259,
            262,
            263,
            266,
            267,
            269,
            272,
            273,
            275,
            281,
            282,
            284,
            296,
            297,
            299,
            300,
            302,
            303,
            305,
            312,
            313,
            315,
            323,
            325,
            327,
            328,
            330,
            332,
            334,
            341,
            343,
            344,
            346,
            357,
            358,
            360,
            361,
            363,
            364,
            366,
            373,
            374,
            376,
            384,
            386,
            388,
            389,
            391,
            393,
            395,
            402,
            404,
            406,
            408,
            409
          ],
          "excluded_lines": [
            207
          ],
          "start_line": 206
        },
        "": {
          "executed_lines": [
            7,
            8,
            9,
            10,
            11,
            13,
            15,
            16,
            18,
            24,
            30,
            116,
            139,
            167,
            206
          ],
          "summary": {
            "covered_lines": 15,
            "num_statements": 15,
            "percent_covered": 100.0,
            "percent_covered_display": "100",
            "missing_lines": 0,
            "excluded_lines": 0,