{
  "files": {
    "common/psapi.py": {
      "executed_lines": [
        1,
        2,
        4,
        6,
        7,
        11,
        13,
        14,
        16,
        17,
        18,
        20,
        21,
        22,
        24,
        26,
        27,
        29,
        30,
        32,
        33,
        34,
        35,
        36,
        40,
        41,
        42,
        44,
        45,
        47,
        48,
        50,
        52,
        54,
        55,
        57,
        58,
        59,
        61,
        62,
        63,
        64,
        65,
        67,
        70,
        71,
        73,
        75,
        76,
        78,
        79,
        80,
        82,
        86,
        89,
        91,
        92,
        94,
        95,
        96,
        98,
        99,
        100,
        102,
        105,
        107,
        108,
        110,
        111,
        113,
        114,
        115,
        116,
        120,
        121,
        122,
        124,
        126,
        131,
        133,
        134,
        138,
        139
      ],
      "summary": {
        "covered_lines": 83,
        "num_statements": 93,
        "percent_covered": 89.24731182795699,
        "percent_covered_display": "89",
        "missing_lines": 10,
        "excluded_lines": 0,
        "percent_statements_covered": 89.24731182795699,
        "percent_statements_covered_display": "89"
      },
      "missing_lines": [
        37,
        38,
        68,
        83,
        84,
        87,
        103,
        117,
        118,
        136
      ],
      "excluded_lines": [],
      "functions": {
        "get_all_podcast_episodes_all_seasons": {
          "executed_lines": [
            14,
            16,
            17,
            18,
            20,
            21,
            22,
            24
          ],
          "summary": {
            "covered_lines": 8,
            "num_statements": 8,
            "percent_covered": 100.0,
            "percent_covered_display": "100",
            "missing_lines": 0,
            "excluded_lines": 0,
            "percent_statements_covered": 100.0,
            "percent_statements_covered_display": "100"
          },
          "missing_lines": [],
          "excluded_lines": [],
          "start_line": 13
        },
        "get_all_podcast_episodes": {
          "executed_lines": [
            27,
            29,
            30,
            32,
            33,
            34,
            35,
            36,
            40,
            41,
            42,
            44,
            45,
            47,
            48,
            50,
            52
          ],
          "summary": {
            "covered_lines": 17,
            "num_statements": 19,
            "percent_covered": 89.47368421052632,
            "percent_covered_display": "89",
            "missing_lines": 2,
            "excluded_lines": 0,
            "percent_statements_covered": 89.47368421052632,
            "percent_statements_covered_display": "89"
          },
          "missing_lines": [
            37,
            38
          ],
          "excluded_lines": [],
          "start_line": 26
        },
        "get_podcast_episodes": {
          "executed_lines": [
            55,
            57,
            58,
            59,
            61,
            62,
            63,
            64,
            65,
            67,
            70,
            71,
            73
          ],
          "summary": {
            "covered_lines": 13,
            "num_statements": 14,
            "percent_covered": 92.85714285714286,
            "percent_covered_display": "93",
            "missing_lines": 1,
            "excluded_lines": 0,
            "percent_statements_covered": 92.85714285714286,
            "percent_statements_covered_display": "93"
          },
          "missing_lines": [
            68
          ],
          "excluded_lines": [],
          "start_line": 54
        },
        "get_episode_manifest": {
          "executed_lines": [
            76,
            78,
            79,
            80,
            82,
            86,
            89
          ],
          "summary": {
            "covered_lines": 7,
            "num_statements": 10,
            "percent_covered": 70.0,
            "percent_covered_display": "70",
            "missing_lines": 3,
            "excluded_lines": 0,
            "percent_statements_covered": 70.0,
            "percent_statements_covered_display": "70"
          },
          "missing_lines": [
            83,
            84,
            87
          ],
          "excluded_lines": [],
          "start_line": 75
        },
        "get_podcast_metadata": {
          "executed_lines": [
            92,
            94,
            95,
            96,
            98,
            99,
            100,
            102,
            105
          ],
          "summary": {
            "covered_lines": 9,
            "num_statements": 10,
            "percent_covered": 90.0,
            "percent_covered_display": "90",
            "missing_lines": 1,
            "excluded_lines": 0,
            "percent_statements_covered": 90.0,
            "percent_statements_covered_display": "90"
          },
          "missing_lines": [
            103
          ],
          "excluded_lines": [],
          "start_line": 91
        },
        "get_all_podcasts": {
          "executed_lines": [
            108,
            110,
            111,
            113,
            114,
            115,
            116,
            120,
            121,
            122,
            124,
            126,
            131,
            133,
            134,
            138,
            139
          ],
          "summary": {
            "covered_lines": 17,
            "num_statements": 20,
            "percent_covered": 85.0,
            "percent_covered_display": "85",
            "missing_lines": 3,
            "excluded_lines": 0,
            "percent_statements_covered": 85.0,
            "percent_statements_covered_display": "85"
          },
          "missing_lines": [
            117,
            118,
            136
          ],
          "excluded_lines": [],
          "start_line": 107
        },
        "": {
          "executed_lines": [
            1,
            2,
            4,
            6,
            7,
            11,
            13,
            26,
            54,
            75,
            91,
            107
          ],
          "summary": {
            "covered_lines": 12,
            "num_statements": 12,
            "percent_covered": 100.0,
            "percent_covered_display": "100",
            "missing_lines": 0,
            "excluded_lines": 0,
            "percent_statements_covered": 100.0,
            "percent_statements_covered_display": "100"
          },
          "missing_lines": [],
          "excluded_lines": [],
          "start_line": 1
        }
      },