{
  "files": {
    "whatsapp_api_client_python/API.py": {
      "executed_lines": [
        1,
        2,
        3,
        5,
        7,
        8,
        22,
        23,
        24,
        25,
        26,
        28,
        39,
        40,
        41,
        42,
        45,
        46,
        48,
        49,
        51,
        52,
        54,
        55,
        56,
        57,
        58,
        59,
        60,
        61,
        62,
        63,
        65,
        66,
        68,
        102,
        118,
        144,
        145,
        146,
        153,
        155,
        156,
        160,
        161,
        167,
        168,
        171,
        172
      ],
      "summary": {
        "covered_lines": 49,
        "num_statements": 89,
        "percent_covered": 55.056179775280896,
        "percent_covered_display": "55",
        "missing_lines": 40,
        "excluded_lines": 0,
        "percent_statements_covered": 55.056179775280896,
        "percent_statements_covered_display": "55"
      },
      "missing_lines": [
        75,
        76,
        77,
        78,
        80,
        81,
        82,
        86,
        89,
        90,
        92,
        93,
        94,
        96,
        98,
        100,
        103,
        104,
        105,
        106,
        108,
        109,
        110,
        112,
        114,
        116,
        119,
        120,
        121,
        122,
        125,
        126,
        128,
        129,
        134,
        135,
        136,
        138,
        140,
        158
      ],
      "excluded_lines": [],
      "functions": {
        "GreenApi.__init__": {
          "executed_lines": [
            39,
            40,
            41,
            42,
            45,
            46,
            48,
            49,
            51,
            52,
            54,
            55,
            56,
            57,
            58,
            59,
            60,
            61,
            62,
            63,
            65,
            66
          ],
          "summary": {
            "covered_lines": 22,
            "num_statements": 22,
            "percent_covered": 100.0,
            "percent_covered_display": "100",
            "missing_lines": 0,
            "excluded_lines": 0,
            "percent_statements_covered": 100.0,
            "percent_statements_covered_display": "100"
          },
          "missing_lines": [],
          "excluded_lines": [],
          "start_line": 28
        },
        "GreenApi.request": {
          "executed_lines": [],
          "summary": {
            "covered_lines": 0,
            "num_statements": 16,
            "percent_covered": 0.0,
            "percent_covered_display": "0",
            "missing_lines": 16,
            "excluded_lines": 0,
            "percent_statements_covered": 0.0,
            "percent_statements_covered_display": "0"
          },
          "missing_lines": [
            75,
            76,
            77,
            78,
            80,
            81,
            82,
            86,
            89,
            90,
            92,
            93,
            94,
            96,
            98,
            100
          ],
          "excluded_lines": [],
          "start_line": 68
        },
        "GreenApi.raw_request": {
          "executed_lines": [],
          "summary": {
            "covered_lines": 0,
            "num_statements": 10,
            "percent_covered": 0.0,
            "percent_covered_display": "0",
            "missing_lines": 10,
            "excluded_lines": 0,
            "percent_statements_covered": 0.0,
            "percent_statements_covered_display": "0"
          },
          "missing_lines": [
            103,
            104,
            105,
            106,
            108,
            109,
            110,
            112,
            114,
            116
          ],
          "excluded_lines": [],
          "start_line": 102
        },
        "GreenApi.__handle_response": {
          "executed_lines": [],
          "summary": {
            "covered_lines": 0,
            "num_statements": 13,
            "percent_covered": 0.0,
            "percent_covered_display": "0",
            "missing_lines": 13,
            "excluded_lines": 0,
            "percent_statements_covered": 0.0,
            "percent_statements_covered_display": "0"
          },
          "missing_lines": [
            119,
            120,
            121,
            122,
            125,
            126,
            128,
            129,
            134,
            135,
            136,
            138,
            140
          ],
          "excluded_lines": [],
          "start_line": 118
        },
        "GreenApi.__prepare_logger": {
          "executed_lines": [
            145,
            146,
            153,
            155,
            156
          ],
          "summary": {
            "covered_lines": 5,
            "num_statements": 6,
            "percent_covered": 83.33333333333333,
            "percent_covered_display": "83",
            "missing_lines": 1,
            "excluded_lines": 0,
            "percent_statements_covered": 83.33333333333333,
            "percent_statements_covered_display": "83"
          },
          "missing_lines": [
            158
          ],
          "excluded_lines": [],
          "start_line": 144
        },
        "GreenApi.__prepare_session": {
          "executed_lines": [
            161
          ],
          "summary": {
            "covered_lines": 1,
            "num_statements": 1,
            "percent_covered": 100.0,
            "percent_covered_display": "100",
            "missing_lines": 0,
            "excluded_lines": 0,
            "percent_statements_covered": 100.0,
            "percent_statements_covered_display": "100"
          },
          "missing_lines": [],
          "excluded_lines": [],
          "start_line": 160
        },
        "": {
          "executed_lines": [
            1,
            2,
            3,
            5,
            7,
            8,
            22,
            23,
            24,
            25,
            26,
            28,
            68,
            102,
            118,
            144,
            160,
            167,
            168,
            171,
            172
          ],
          "summary": {
            "covered_lines": 21,
            "num_statements": 21,
            "percent_covered": 100.0,
            "percent_covered_display": "100",
            "missing_lines": 0,
            "excluded_lines": 0,
            "percent_statements_covered": 100.0,
            "percent_statements_covered_display": "100"
          },
          "missing_lines": [],
          "excluded_lines": [],
          "start_line": 1
        }
      },
      "classes": {
        "GreenApi": {
          "executed_lines": [
            39,
            40,
            41,
            42,
            45,
            46,
            48,
            49,
            51,
            52,
            54,
            55,
            56,
            57,
            58,
            59,
            60,
            61,
            62,
            63,
            65,
            66,
            145,
            146,
            153,
            155,
            156,
            161
          ],
          "summary": {
            "covered_lines": 28,
            "num_statements": 68,
            "percent_covered": 41.1764705882353,
            "percent_covered_display": "41",
            "missing_lines": 40,
            "excluded_lines": 0,
            "percent_statements_covered": 41.1764705882353,
            "percent_statements_covered_display": "41"
          },