{
  "files": {
    "consensus_decentralization/plot.py": {
      "executed_lines": [
        1,
        2,
        3,
        4,
        5,
        6,
        7,
        9,
        33,
        51,
        73,
        95,
        172,
        205
      ],
      "summary": {
        "covered_lines": 14,
        "num_statements": 110,
        "percent_covered": 12.727272727272727,
        "percent_covered_display": "13",
        "missing_lines": 96,
        "excluded_lines": 13,
        "percent_statements_covered": 12.727272727272727,
        "percent_statements_covered_display": "13"
      },
      "missing_lines": [
        10,
        11,
        12,
        13,
        16,
        17,
        20,
        30,
        31,
        34,
        35,
        36,
        37,
        39,
        49,
        52,
        53,
        54,
        57,
        58,
        59,
        60,
        62,
        71,
        74,
        75,
        76,
        79,
        80,
        81,
        82,
        84,
        93,
        96,
        97,
        98,
        99,
        100,
        102,
        106,
        107,
        108,
        109,
        111,
        112,
        113,
        114,
        116,
        117,
        118,
        119,
        120,
        121,
        122,
        123,
        124,
        126,
        128,
        129,
        130,
        131,
        132,
        134,
        135,
        136,
        138,
        139,
        145,
        146,
        147,
        148,
        149,
        151,
        152,
        162,
        173,
        174,
        175,
        176,
        177,
        178,
        179,
        180,
        181,
        182,
        183,
        184,
        185,
        186,
        195,
        206,
        207,
        208,
        209,
        210,
        211
      ],
      "excluded_lines": [
        213,
        214,
        215,
        217,
        218,
        219,
        221,
        223,
        231,
        239,
        246,
        251,
        252
      ],
      "functions": {
        "plot_animated_lines": {
          "executed_lines": [],
          "summary": {
            "covered_lines": 0,
            "num_statements": 9,
            "percent_covered": 0.0,
            "percent_covered_display": "0",
            "missing_lines": 9,
            "excluded_lines": 0,
            "percent_statements_covered": 0.0,
            "percent_statements_covered_display": "0"
          },
          "missing_lines": [
            10,
            11,
            12,
            13,
            16,
            17,
            20,
            30,
            31
          ],
          "excluded_lines": [],
          "start_line": 9
        },
        "plot_lines": {
          "executed_lines": [],
          "summary": {
            "covered_lines": 0,
            "num_statements": 6,
            "percent_covered": 0.0,
            "percent_covered_display": "0",
            "missing_lines": 6,
            "excluded_lines": 0,
            "percent_statements_covered": 0.0,
            "percent_statements_covered_display": "0"
          },
          "missing_lines": [
            34,
            35,
            36,
            37,
            39,
            49
          ],
          "excluded_lines": [],
          "start_line": 33
        },
        "plot_stack_area_chart": {
          "executed_lines": [],
          "summary": {
            "covered_lines": 0,
            "num_statements": 9,
            "percent_covered": 0.0,
            "percent_covered_display": "0",
            "missing_lines": 9,
            "excluded_lines": 0,
            "percent_statements_covered": 0.0,
            "percent_statements_covered_display": "0"
          },
          "missing_lines": [
            52,
            53,
            54,
            57,
            58,
            59,
            60,
            62,
            71
          ],
          "excluded_lines": [],
          "start_line": 51
        },
        "plot_animated_stack_area_chart": {
          "executed_lines": [],
          "summary": {
            "covered_lines": 0,
            "num_statements": 9,
            "percent_covered": 0.0,
            "percent_covered_display": "0",
            "missing_lines": 9,
            "excluded_lines": 0,
            "percent_statements_covered": 0.0,
            "percent_statements_covered_display": "0"
          },
          "missing_lines": [
            74,
            75,
            76,
            79,
            80,
            81,
            82,
            84,
            93
          ],
          "excluded_lines": [],
          "start_line": 73
        },
        "plot_dynamics_per_ledger": {
          "executed_lines": [],
          "summary": {
            "covered_lines": 0,
            "num_statements": 42,
            "percent_covered": 0.0,
            "percent_covered_display": "0",
            "missing_lines": 42,
            "excluded_lines": 0,
            "percent_statements_covered": 0.0,
            "percent_statements_covered_display": "0"
          },
          "missing_lines": [
            96,
            97,
            98,
            99,
            100,
            102,
            106,
            107,
            108,
            109,
            111,
            112,
            113,
            114,
            116,
            117,
            118,
            119,
            120,
            121,
            122,
            123,
            124,
            126,
            128,
            129,
            130,
            131,
            132,
            134,
            135,
            136,
            138,
            139,
            145,
            146,
            147,
            148,
            149,
            151,
            152,
            162
          ],
          "excluded_lines": [],
          "start_line": 95
        },
        "plot_comparative_metrics": {
          "executed_lines": [],
          "summary": {
            "covered_lines": 0,
            "num_statements": 15,
            "percent_covered": 0.0,
            "percent_covered_display": "0",
            "missing_lines": 15,
            "excluded_lines": 0,
            "percent_statements_covered": 0.0,
            "percent_statements_covered_display": "0"
          },
          "missing_lines": [
            173,
            174,
            175,
            176,
            177,
            178,
            179,
            180,
            181,
            182,
            183,
            184,
            185,
            186,
            195
          ],
          "excluded_lines": [],
          "start_line": 172
        },
        "plot": {
          "executed_lines": [],
          "summary": {
            "covered_lines": 0,
            "num_statements": 6,
            "percent_covered": 0.0,
            "percent_covered_display": "0",
            "missing_lines": 6,
            "excluded_lines": 0,
            "percent_statements_covered": 0.0,
            "percent_statements_covered_display": "0"
          },
          "missing_lines": [
            206,
            207,
            208,
            209,
            210,
            211
          ],
          "excluded_lines": [],
          "start_line": 205
        },
        "": {
          "executed_lines": [
            1,
            2,
            3,
            4,
            5,
            6,
            7,
            9,
            33,
            51,
            73,
            95,
            172,
            205
          ],
          "summary": {
            "covered_lines": 14,
            "num_statements": 14,
            "percent_covered": 100.0,
            "percent_covered_display": "100",
            "missing_lines": 0,
            "excluded_lines": 13,
            "percent_statements_covered": 100.0,
            "percent_statements_covered_display": "100"
          },
          "missing_lines": [],