{
  "files": {
    "apyrat/apyrat.py": {
      "executed_lines": [
        1,
        2,
        3,
        4,
        5,
        7,
        8,
        9,
        11,
        15,
        16,
        17,
        20,
        21,
        22,
        23,
        24,
        25,
        26,
        30,
        33,
        34,
        35,
        36,
        37,
        38,
        39,
        43,
        44,
        45,
        46,
        48,
        49,
        51,
        52,
        53,
        60,
        61,
        62,
        92,
        93,
        94,
        101,
        102,
        113,
        121,
        128,
        146,
        151,
        166,
        167
      ],
      "summary": {
        "covered_lines": 51,
        "num_statements": 98,
        "percent_covered": 52.04081632653061,
        "percent_covered_display": "52",
        "missing_lines": 47,
        "excluded_lines": 0
      },
      "missing_lines": [
        40,
        41,
        50,
        54,
        55,
        56,
        58,
        63,
        64,
        65,
        66,
        70,
        71,
        78,
        86,
        87,
        88,
        90,
        98,
        99,
        103,
        104,
        114,
        119,
        122,
        129,
        132,
        133,
        135,
        138,
        142,
        143,
        144,
        147,
        148,
        149,
        152,
        153,
        154,
        155,
        156,
        158,
        160,
        161,
        163,
        164,
        168
      ],
      "excluded_lines": [],
      "functions": {
        "Downloader.__init__": {
          "executed_lines": [
            35,
            36,
            37,
            38,
            39
          ],
          "summary": {
            "covered_lines": 5,
            "num_statements": 7,
            "percent_covered": 71.42857142857143,
            "percent_covered_display": "71",
            "missing_lines": 2,
            "excluded_lines": 0
          },
          "missing_lines": [
            40,
            41
          ],
          "excluded_lines": []
        },
        "Downloader._cleanup_url": {
          "executed_lines": [
            45,
            46
          ],
          "summary": {
            "covered_lines": 2,
            "num_statements": 2,
            "percent_covered": 100.0,
            "percent_covered_display": "100",
            "missing_lines": 0,
            "excluded_lines": 0
          },
          "missing_lines": [],
          "excluded_lines": []
        },
        "Downloader._url_type": {
          "executed_lines": [
            49,
            51,
            52,
            53
          ],
          "summary": {
            "covered_lines": 4,
            "num_statements": 9,
            "percent_covered": 44.44444444444444,
            "percent_covered_display": "44",
            "missing_lines": 5,
            "excluded_lines": 0
          },
          "missing_lines": [
            50,
            54,
            55,
            56,
            58
          ],
          "excluded_lines": []
        },
        "Downloader._get_available_videos": {
          "executed_lines": [
            61,
            62
          ],
          "summary": {
            "covered_lines": 2,
            "num_statements": 13,
            "percent_covered": 15.384615384615385,
            "percent_covered_display": "15",
            "missing_lines": 11,
            "excluded_lines": 0
          },
          "missing_lines": [
            63,
            64,
            65,
            66,
            70,
            71,
            78,
            86,
            87,
            88,
            90
          ],
          "excluded_lines": []
        },
        "Downloader._get_single_video_qualities": {
          "executed_lines": [
            93,
            94
          ],
          "summary": {
            "covered_lines": 2,
            "num_statements": 4,
            "percent_covered": 50.0,
            "percent_covered_display": "50",
            "missing_lines": 2,
            "excluded_lines": 0
          },
          "missing_lines": [
            98,
            99
          ],
          "excluded_lines": []
        },
        "Downloader._parse_video_data": {
          "executed_lines": [],
          "summary": {
            "covered_lines": 0,
            "num_statements": 2,
            "percent_covered": 0.0,
            "percent_covered_display": "0",
            "missing_lines": 2,
            "excluded_lines": 0
          },
          "missing_lines": [
            103,
            104
          ],
          "excluded_lines": []
        },
        "Downloader._get_available_qualities": {
          "executed_lines": [],
          "summary": {
            "covered_lines": 0,
            "num_statements": 2,
            "percent_covered": 0.0,
            "percent_covered_display": "0",
            "missing_lines": 2,
            "excluded_lines": 0
          },
          "missing_lines": [
            114,
            119
          ],
          "excluded_lines": []
        },
        "Downloader.default_quality": {
          "executed_lines": [],
          "summary": {
            "covered_lines": 0,
            "num_statements": 1,
            "percent_covered": 0.0,
            "percent_covered_display": "0",
            "missing_lines": 1,
            "excluded_lines": 0
          },
          "missing_lines": [
            122
          ],
          "excluded_lines": []
        },
        "Downloader.find_closest_quality": {
          "executed_lines": [],
          "summary": {
            "covered_lines": 0,
            "num_statements": 8,
            "percent_covered": 0.0,
            "percent_covered_display": "0",
            "missing_lines": 8,
            "excluded_lines": 0
          },
          "missing_lines": [
            129,
            132,
            133,
            135,
            138,
            142,
            143,
            144
          ],
          "excluded_lines": []
        },
        "Downloader.download": {
          "executed_lines": [],
          "summary": {
            "covered_lines": 0,
            "num_statements": 3,
            "percent_covered": 0.0,
            "percent_covered_display": "0",
            "missing_lines": 3,
            "excluded_lines": 0
          },
          "missing_lines": [
            147,
            148,
            149
          ],
          "excluded_lines": []
        },
        "Downloader._download_video": {
          "executed_lines": [],
          "summary": {
            "covered_lines": 0,
            "num_statements": 10,
            "percent_covered": 0.0,
            "percent_covered_display": "0",
            "missing_lines": 10,
            "excluded_lines": 0
          },
          "missing_lines": [
            152,
            153,
            154,
            155,
            156,
            158,
            160,
            161,
            163,
            164
          ],
          "excluded_lines": []
        },
        "Downloader._get_file_format": {
          "executed_lines": [],
          "summary": {
            "covered_lines": 0,
            "num_statements": 1,
            "percent_covered": 0.0,
            "percent_covered_display": "0",
            "missing_lines": 1,
            "excluded_lines": 0
          },
          "missing_lines": [
            168
          ],
          "excluded_lines": []
        },