{
  "files": {
    "pmClient/apiService.py": {
      "executed_lines": [
        1,
        2,
        3,
        4,
        6,
        7,
        8,
        10,
        36,
        54
      ],
      "summary": {
        "covered_lines": 10,
        "num_statements": 56,
        "percent_covered": 11.11111111111111,
        "percent_covered_display": "11",
        "missing_lines": 46,
        "excluded_lines": 0,
        "percent_statements_covered": 17.857142857142858,
        "percent_statements_covered_display": "18",
        "num_branches": 34,
        "num_partial_branches": 0,
        "covered_branches": 0,
        "missing_branches": 34,
        "percent_branches_covered": 0.0,
        "percent_branches_covered_display": "0"
      },
      "missing_lines": [
        12,
        13,
        14,
        15,
        16,
        17,
        18,
        19,
        20,
        21,
        22,
        23,
        24,
        25,
        26,
        27,
        28,
        30,
        31,
        32,
        34,
        38,
        40,
        41,
        42,
        43,
        44,
        45,
        46,
        47,
        48,
        49,
        50,
        51,
        52,
        58,
        59,
        60,
        61,
        62,
        63,
        64,
        65,
        66,
        67,
        69
      ],
      "excluded_lines": [],
      "executed_branches": [],
      "missing_branches": [
        [
          14,
          15
        ],
        [
          14,
          16
        ],
        [
          18,
          19
        ],
        [
          18,
          31
        ],
        [
          19,
          20
        ],
        [
          19,
          21
        ],
        [
          21,
          22
        ],
        [
          21,
          23
        ],
        [
          23,
          24
        ],
        [
          23,
          25
        ],
        [
          25,
          26
        ],
        [
          25,
          27
        ],
        [
          27,
          28
        ],
        [
          27,
          30
        ],
        [
          31,
          32
        ],
        [
          31,
          34
        ],
        [
          40,
          41
        ],
        [
          40,
          42
        ],
        [
          44,
          45
        ],
        [
          44,
          46
        ],
        [
          46,
          47
        ],
        [
          46,
          48
        ],
        [
          48,
          49
        ],
        [
          48,
          50
        ],
        [
          50,
          51
        ],
        [
          50,
          52
        ],
        [
          60,
          61
        ],
        [
          60,
          62
        ],
        [
          62,
          63
        ],
        [
          62,
          64
        ],
        [
          64,
          65
        ],
        [
          64,
          66
        ],
        [
          66,
          67
        ],
        [
          66,
          69
        ]
      ],
      "functions": {
        "ApiService.__init__": {
          "executed_lines": [
            8
          ],
          "summary": {
            "covered_lines": 1,
            "num_statements": 1,
            "percent_covered": 100.0,
            "percent_covered_display": "100",
            "missing_lines": 0,
            "excluded_lines": 0,
            "percent_statements_covered": 100.0,
            "percent_statements_covered_display": "100",
            "num_branches": 0,
            "num_partial_branches": 0,
            "covered_branches": 0,
            "missing_branches": 0,
            "percent_branches_covered": 100.0,
            "percent_branches_covered_display": "100"
          },
          "missing_lines": [],
          "excluded_lines": [],
          "start_line": 7,
          "executed_branches": [],
          "missing_branches": []
        },
        "ApiService.api_call_helper": {
          "executed_lines": [],
          "summary": {
            "covered_lines": 0,
            "num_statements": 21,
            "percent_covered": 0.0,
            "percent_covered_display": "0",
            "missing_lines": 21,
            "excluded_lines": 0,
            "percent_statements_covered": 0.0,
            "percent_statements_covered_display": "0",
            "num_branches": 16,
            "num_partial_branches": 0,
            "covered_branches": 0,
            "missing_branches": 16,
            "percent_branches_covered": 0.0,
            "percent_branches_covered_display": "0"
          },
          "missing_lines": [
            12,
            13,
            14,
            15,
            16,
            17,
            18,
            19,
            20,
            21,
            22,
            23,
            24,
            25,
            26,
            27,
            28,
            30,
            31,
            32,
            34
          ],
          "excluded_lines": [],
          "start_line": 10,
          "executed_branches": [],
          "missing_branches": [
            [
              14,
              15
            ],
            [
              14,
              16
            ],
            [
              18,
              19
            ],
            [
              18,
              31
            ],
            [
              19,
              20
            ],
            [
              19,
              21
            ],
            [
              21,
              22
            ],
            [
              21,
              23
            ],
            [
              23,
              24
            ],
            [
              23,
              25
            ],
            [
              25,
              26
            ],
            [
              25,
              27
            ],
            [
              27,
              28
            ],
            [
              27,
              30
            ],
            [
              31,
              32
            ],
            [
              31,
              34
            ]
          ]
        },
        "ApiService._api_call": {
          "executed_lines": [],
          "summary": {
            "covered_lines": 0,
            "num_statements": 14,
            "percent_covered": 0.0,
            "percent_covered_display": "0",
            "missing_lines": 14,
            "excluded_lines": 0,
            "percent_statements_covered": 0.0,
            "percent_statements_covered_display": "0",
            "num_branches": 10,
            "num_partial_branches": 0,
            "covered_branches": 0,
            "missing_branches": 10,
            "percent_branches_covered": 0.0,
            "percent_branches_covered_display": "0"
          },
          "missing_lines": [
            38,
            40,
            41,
            42,
            43,
            44,
            45,
            46,
            47,
            48,
            49,
            50,
            51,
            52
          ],
          "excluded_lines": [],
          "start_line": 36,
          "executed_branches": [],
          "missing_branches": [
            [
              40,
              41
            ],
            [
              40,
              42
            ],
            [
              44,
              45
            ],
            [
              44,
              46
            ],
            [
              46,
              47
            ],
            [
              46,
              48
            ],
            [
              48,
              49
            ],
            [
              48,
              50
            ],
            [
              50,
              51
            ],
            [
              50,
              52
            ]
          ]
        },
        "ApiService.validate_token": {
          "executed_lines": [],
          "summary": {
            "covered_lines": 0,