{
  "files": {
    "tests/test_styles.py": {
      "executed_lines": [
        1,
        2,
        3,
        4,
        5,
        6,
        7,
        10,
        11,
        12,
        13,
        14,
        15,
        16,
        19,
        20,
        21,
        24,
        25,
        28,
        29,
        30,
        32,
        33,
        38,
        39,
        40,
        41,
        42,
        43,
        44,
        48,
        49,
        50,
        52,
        53,
        54,
        55,
        56,
        58,
        59,
        60,
        61,
        64,
        65,
        66,
        68,
        69,
        70,
        71,
        72,
        74,
        78,
        79,
        80,
        81,
        82,
        83,
        84,
        85,
        87,
        88,
        89,
        90,
        91,
        92,
        93,
        94,
        98,
        99,
        101,
        103,
        104,
        108,
        109,
        110,
        111,
        113,
        114,
        115,
        116,
        117
      ],
      "summary": {
        "covered_lines": 82,
        "num_statements": 86,
        "percent_covered": 95.34883720930233,
        "percent_covered_display": "95",
        "missing_lines": 4,
        "excluded_lines": 0,
        "percent_statements_covered": 95.34883720930233,
        "percent_statements_covered_display": "95"
      },
      "missing_lines": [
        22,
        31,
        35,
        96
      ],
      "excluded_lines": [],
      "functions": {
        "get_github_json_file": {
          "executed_lines": [
            11,
            12,
            13,
            14,
            15,
            16,
            19,
            20,
            21,
            24,
            25
          ],
          "summary": {
            "covered_lines": 11,
            "num_statements": 12,
            "percent_covered": 91.66666666666667,
            "percent_covered_display": "92",
            "missing_lines": 1,
            "excluded_lines": 0,
            "percent_statements_covered": 91.66666666666667,
            "percent_statements_covered_display": "92"
          },
          "missing_lines": [
            22
          ],
          "excluded_lines": [],
          "start_line": 10
        },
        "recursive_update": {
          "executed_lines": [
            29,
            30,
            32,
            33
          ],
          "summary": {
            "covered_lines": 4,
            "num_statements": 6,
            "percent_covered": 66.66666666666667,
            "percent_covered_display": "67",
            "missing_lines": 2,
            "excluded_lines": 0,
            "percent_statements_covered": 66.66666666666667,
            "percent_statements_covered_display": "67"
          },
          "missing_lines": [
            31,
            35
          ],
          "excluded_lines": [],
          "start_line": 28
        },
        "TestStyles.setUp": {
          "executed_lines": [
            40,
            41,
            42,
            43,
            44
          ],
          "summary": {
            "covered_lines": 5,
            "num_statements": 5,
            "percent_covered": 100.0,
            "percent_covered_display": "100",
            "missing_lines": 0,
            "excluded_lines": 0,
            "percent_statements_covered": 100.0,
            "percent_statements_covered_display": "100"
          },
          "missing_lines": [],
          "excluded_lines": [],
          "start_line": 39
        },
        "TestStyles.validate_request": {
          "executed_lines": [
            50
          ],
          "summary": {
            "covered_lines": 1,
            "num_statements": 1,
            "percent_covered": 100.0,
            "percent_covered_display": "100",
            "missing_lines": 0,
            "excluded_lines": 0,
            "percent_statements_covered": 100.0,
            "percent_statements_covered_display": "100"
          },
          "missing_lines": [],
          "excluded_lines": [],
          "start_line": 49
        },
        "TestStyles.style_to_request": {
          "executed_lines": [
            53,
            54,
            55,
            56,
            58,
            59,
            60,
            61,
            64,
            65,
            66,
            68,
            69,
            70,
            71,
            72,
            74,
            78,
            79,
            80,
            81,
            82,
            83,
            84,
            85,
            87,
            88,
            89,
            90,
            91,
            92,
            93,
            94,
            98,
            99,
            101
          ],
          "summary": {
            "covered_lines": 36,
            "num_statements": 37,
            "percent_covered": 97.29729729729729,
            "percent_covered_display": "97",
            "missing_lines": 1,
            "excluded_lines": 0,
            "percent_statements_covered": 97.29729729729729,
            "percent_statements_covered_display": "97"
          },
          "missing_lines": [
            96
          ],
          "excluded_lines": [],
          "start_line": 52
        },
        "TestStyles.test_enhancements": {
          "executed_lines": [
            104,
            108,
            109,
            110,
            111
          ],
          "summary": {
            "covered_lines": 5,
            "num_statements": 5,
            "percent_covered": 100.0,
            "percent_covered_display": "100",
            "missing_lines": 0,
            "excluded_lines": 0,
            "percent_statements_covered": 100.0,
            "percent_statements_covered_display": "100"
          },
          "missing_lines": [],
          "excluded_lines": [],
          "start_line": 103
        },
        "TestStyles.test_styles": {
          "executed_lines": [
            114,
            115,
            116,
            117
          ],
          "summary": {
            "covered_lines": 4,
            "num_statements": 4,
            "percent_covered": 100.0,
            "percent_covered_display": "100",
            "missing_lines": 0,
            "excluded_lines": 0,
            "percent_statements_covered": 100.0,
            "percent_statements_covered_display": "100"
          },
          "missing_lines": [],
          "excluded_lines": [],
          "start_line": 113
        },
        "": {
          "executed_lines": [
            1,
            2,
            3,
            4,
            5,
            6,
            7,
            10,
            28,
            38,
            39,
            48,
            49,
            52,
            103,
            113
          ],
          "summary": {
            "covered_lines": 16,
            "num_statements": 16,
            "percent_covered": 100.0,
            "percent_covered_display": "100",
            "missing_lines": 0,
            "excluded_lines": 0,
            "percent_statements_covered": 100.0,
            "percent_statements_covered_display": "100"
          },
          "missing_lines": [],
          "excluded_lines": [],
          "start_line": 1
        }
      },