{
  "files": {
    "pyaxis/pyaxis.py": {
      "executed_lines": [
        1,
        23,
        24,
        26,
        28,
        30,
        32,
        34,
        37,
        38,
        41,
        53,
        56,
        64,
        65,
        67,
        70,
        82,
        84,
        85,
        86,
        87,
        88,
        89,
        90,
        91,
        92,
        113,
        114,
        115,
        117,
        120,
        143,
        144,
        151,
        154,
        157,
        161,
        165,
        168,
        176,
        181
      ],
      "summary": {
        "covered_lines": 41,
        "num_statements": 61,
        "percent_covered": 67.21311475409836,
        "percent_covered_display": "67",
        "missing_lines": 20,
        "excluded_lines": 0
      },
      "missing_lines": [
        93,
        94,
        95,
        96,
        97,
        98,
        99,
        100,
        103,
        104,
        105,
        107,
        108,
        109,
        110,
        111,
        145,
        146,
        147,
        148
      ],
      "excluded_lines": [],
      "functions": {
        "uri_type": {
          "executed_lines": [
            53,
            56,
            64,
            65,
            67
          ],
          "summary": {
            "covered_lines": 5,
            "num_statements": 5,
            "percent_covered": 100.0,
            "percent_covered_display": "100",
            "missing_lines": 0,
            "excluded_lines": 0
          },
          "missing_lines": [],
          "excluded_lines": []
        },
        "read": {
          "executed_lines": [
            82,
            84,
            85,
            86,
            87,
            88,
            89,
            90,
            91,
            92,
            113,
            114,
            115,
            117
          ],
          "summary": {
            "covered_lines": 14,
            "num_statements": 30,
            "percent_covered": 46.666666666666664,
            "percent_covered_display": "47",
            "missing_lines": 16,
            "excluded_lines": 0
          },
          "missing_lines": [
            93,
            94,
            95,
            96,
            97,
            98,
            99,
            100,
            103,
            104,
            105,
            107,
            108,
            109,
            110,
            111
          ],
          "excluded_lines": []
        },
        "parse": {
          "executed_lines": [
            143,
            144,
            151,
            154,
            157,
            161,
            165,
            168,
            176,
            181
          ],
          "summary": {
            "covered_lines": 10,
            "num_statements": 14,
            "percent_covered": 71.42857142857143,
            "percent_covered_display": "71",
            "missing_lines": 4,
            "excluded_lines": 0
          },
          "missing_lines": [
            145,
            146,
            147,
            148
          ],
          "excluded_lines": []
        },
        "": {
          "executed_lines": [
            1,
            23,
            24,
            26,
            28,
            30,
            32,
            34,
            37,
            38,
            41,
            70,
            120
          ],
          "summary": {
            "covered_lines": 12,
            "num_statements": 12,
            "percent_covered": 100.0,
            "percent_covered_display": "100",
            "missing_lines": 0,
            "excluded_lines": 0
          },
          "missing_lines": [],
          "excluded_lines": []
        }
      },
      "classes": {
        "": {
          "executed_lines": [
            1,
            23,
            24,
            26,
            28,
            30,
            32,
            34,
            37,
            38,
            41,
            53,
            56,
            64,
            65,
            67,
            70,
            82,
            84,
            85,
            86,
            87,
            88,
            89,
            90,
            91,
            92,
            113,
            114,
            115,
            117,
            120,
            143,
            144,
            151,
            154,
            157,
            161,
            165,
            168,
            176,
            181
          ],
          "summary": {
            "covered_lines": 41,
            "num_statements": 61,
            "percent_covered": 67.21311475409836,
            "percent_covered_display": "67",
            "missing_lines": 20,
            "excluded_lines": 0
          },
          "missing_lines": [
            93,
            94,
            95,
            96,
            97,
            98,
            99,
            100,
            103,
            104,
            105,
            107,
            108,
            109,
            110,
            111,
            145,
            146,
            147,
            148
          ],
          "excluded_lines": []
        }
      }
    },
    "pyaxis/test/integration/test_pyaxis.py": {
      "executed_lines": [
        1,
        3,
        5,
        7,
        9,
        11,
        14,
        17,
        19,
        23,
        25,
        28,
        29,
        30,
        33,
        35,
        39,
        40,
        41,
        42,
        43,
        46,
        48,
        52,
        53,
        54,
        55,
        58,
        60,
        64,
        65,
        66,
        67,
        68,
        69,
        70,
        71,
        72,
        75,
        77,
        78,
        79,
        83,
        84,
        85,
        86,
        87,
        93,
        94,
        95,
        98,
        100,
        104,
        105,
        106,
        107,
        109,
        110,
        114,
        116,
        117,
        118,
        123,
        125,
        126,
        127,
        132
      ],
      "summary": {
        "covered_lines": 66,
        "num_statements": 71,
        "percent_covered": 92.95774647887323,
        "percent_covered_display": "93",
        "missing_lines": 5,
        "excluded_lines": 0
      },
      "missing_lines": [
        119,
        120,
        128,
        129,
        133
      ],
      "excluded_lines": [],
      "functions": {
        "test_uri_type": {
          "executed_lines": [
            19
          ],
          "summary": {
            "covered_lines": 1,
            "num_statements": 1,
            "percent_covered": 100.0,
            "percent_covered_display": "100",
            "missing_lines": 0,
            "excluded_lines": 0
          },
          "missing_lines": [],
          "excluded_lines": []
        },
        "test_read": {
          "executed_lines": [
            25,
            28,
            29,
            30
          ],
          "summary": {
            "covered_lines": 4,
            "num_statements": 4,
            "percent_covered": 100.0,
            "percent_covered_display": "100",
            "missing_lines": 0,
            "excluded_lines": 0
          },
          "missing_lines": [],
          "excluded_lines": []
        },
        "test_metadata_extract": {
          "executed_lines": [
            35,
            39,
            40,
            41,
            42,
            43
          ],
          "summary": {
            "covered_lines": 6,