{
  "files": {
    "llmsec/check_prompt.py": {
      "executed_lines": [
        1,
        2,
        3,
        4,
        5,
        6,
        8,
        9,
        11,
        13,
        14,
        16,
        32,
        50,
        51,
        53,
        56,
        58,
        59,
        61,
        62,
        63,
        65,
        67,
        69,
        72,
        73,
        77,
        79,
        88,
        90,
        92,
        94,
        101,
        107,
        127,
        142,
        161,
        162,
        166,
        173
      ],
      "summary": {
        "covered_lines": 39,
        "num_statements": 76,
        "percent_covered": 51.31578947368421,
        "percent_covered_display": "51",
        "missing_lines": 37,
        "excluded_lines": 0
      },
      "missing_lines": [
        57,
        68,
        85,
        86,
        103,
        104,
        105,
        108,
        113,
        122,
        123,
        124,
        125,
        128,
        136,
        138,
        139,
        140,
        143,
        145,
        154,
        156,
        157,
        158,
        163,
        168,
        169,
        170,
        174,
        179,
        181,
        182,
        183,
        184,
        185,
        186,
        187
      ],
      "excluded_lines": [],
      "functions": {
        "CheckPrompt.__init__": {
          "executed_lines": [
            56,
            58,
            59,
            61,
            62,
            63,
            65,
            67,
            69,
            72,
            73
          ],
          "summary": {
            "covered_lines": 11,
            "num_statements": 13,
            "percent_covered": 84.61538461538461,
            "percent_covered_display": "85",
            "missing_lines": 2,
            "excluded_lines": 0
          },
          "missing_lines": [
            57,
            68
          ],
          "excluded_lines": []
        },
        "CheckPrompt.check": {
          "executed_lines": [
            79
          ],
          "summary": {
            "covered_lines": 1,
            "num_statements": 3,
            "percent_covered": 33.333333333333336,
            "percent_covered_display": "33",
            "missing_lines": 2,
            "excluded_lines": 0
          },
          "missing_lines": [
            85,
            86
          ],
          "excluded_lines": []
        },
        "CheckPrompt.set_threshold": {
          "executed_lines": [
            90
          ],
          "summary": {
            "covered_lines": 1,
            "num_statements": 1,
            "percent_covered": 100.0,
            "percent_covered_display": "100",
            "missing_lines": 0,
            "excluded_lines": 0
          },
          "missing_lines": [],
          "excluded_lines": []
        },
        "CheckPrompt._check_harmful_behavior": {
          "executed_lines": [
            94,
            101
          ],
          "summary": {
            "covered_lines": 2,
            "num_statements": 5,
            "percent_covered": 40.0,
            "percent_covered_display": "40",
            "missing_lines": 3,
            "excluded_lines": 0
          },
          "missing_lines": [
            103,
            104,
            105
          ],
          "excluded_lines": []
        },
        "CheckPrompt._check_jailbreaking": {
          "executed_lines": [],
          "summary": {
            "covered_lines": 0,
            "num_statements": 6,
            "percent_covered": 0.0,
            "percent_covered_display": "0",
            "missing_lines": 6,
            "excluded_lines": 0
          },
          "missing_lines": [
            108,
            113,
            122,
            123,
            124,
            125
          ],
          "excluded_lines": []
        },
        "CheckPrompt._check_prompt_leak": {
          "executed_lines": [],
          "summary": {
            "covered_lines": 0,
            "num_statements": 5,
            "percent_covered": 0.0,
            "percent_covered_display": "0",
            "missing_lines": 5,
            "excluded_lines": 0
          },
          "missing_lines": [
            128,
            136,
            138,
            139,
            140
          ],
          "excluded_lines": []
        },
        "CheckPrompt._check_subversive_behavior": {
          "executed_lines": [],
          "summary": {
            "covered_lines": 0,
            "num_statements": 6,
            "percent_covered": 0.0,
            "percent_covered_display": "0",
            "missing_lines": 6,
            "excluded_lines": 0
          },
          "missing_lines": [
            143,
            145,
            154,
            156,
            157,
            158
          ],
          "excluded_lines": []
        },
        "CheckPrompt._render_template": {
          "executed_lines": [
            162
          ],
          "summary": {
            "covered_lines": 1,
            "num_statements": 2,
            "percent_covered": 50.0,
            "percent_covered_display": "50",
            "missing_lines": 1,
            "excluded_lines": 0
          },
          "missing_lines": [
            163
          ],
          "excluded_lines": []
        },
        "CheckPrompt._convert_single_to_double_quotes": {
          "executed_lines": [],
          "summary": {
            "covered_lines": 0,
            "num_statements": 3,
            "percent_covered": 0.0,
            "percent_covered_display": "0",
            "missing_lines": 3,
            "excluded_lines": 0
          },
          "missing_lines": [
            168,
            169,
            170
          ],
          "excluded_lines": []
        },
        "CheckPrompt._get_json_completion": {
          "executed_lines": [],
          "summary": {
            "covered_lines": 0,
            "num_statements": 9,
            "percent_covered": 0.0,
            "percent_covered_display": "0",
            "missing_lines": 9,
            "excluded_lines": 0
          },
          "missing_lines": [
            174,
            179,
            181,
            182,
            183,
            184,
            185,
            186,
            187
          ],
          "excluded_lines": []
        },
        "": {
          "executed_lines": [
            1,
            2,
            3,
            4,
            5,
            6,
            8,
            9,
            11,
            13,
            14,
            16,
            32,
            50,
            51,
            53,
            77,
            88,
            92,
            107,
            127,
            142,
            161,
            166,
            173
          ],
          "summary": {
            "covered_lines": 23,
            "num_statements": 23,
            "percent_covered": 100.0,
            "percent_covered_display": "100",
            "missing_lines": 0,
            "excluded_lines": 0
          },
          "missing_lines": [],
          "excluded_lines": []
        }
      },
      "classes": {
        "CheckPrompt": {
          "executed_lines": [
            56,
            58,
            59,
            61,
            62,
            63,
            65,
            67,
            69,
            72,
            73,
            79,
            90,
            94,
            101,
            162
          ],
          "summary": {
            "covered_lines": 16,
            "num_statements": 53,
            "percent_covered": 30.18867924528302,