{
  "files": {
    "symbolserver/__init__.py": {
      "executed_lines": [
        1,
        2,
        3,
        4,
        5,
        6,
        8,
        9,
        11,
        12,
        13,
        19,
        20,
        21,
        22,
        43,
        44,
        45,
        46,
        67,
        68,
        69,
        71,
        75,
        76,
        77,
        78,
        80,
        106,
        107,
        108,
        109,
        110,
        111,
        112,
        113,
        115,
        116,
        117,
        118,
        127,
        131,
        133,
        134,
        135,
        136,
        137,
        139,
        140,
        141,
        142,
        147,
        148,
        149,
        150,
        151,
        152,
        153,
        154,
        155,
        156,
        157,
        159,
        160,
        162,
        163,
        164,
        166,
        167,
        168,
        169,
        170,
        171,
        172,
        174,
        175,
        176,
        177,
        178,
        179,
        180,
        181,
        182,
        184,
        185,
        186,
        187,
        188,
        189,
        191,
        192,
        193,
        194,
        196,
        197,
        198,
        200,
        201,
        202,
        203,
        205,
        206,
        207,
        209,
        211,
        212,
        213,
        214,
        215,
        216,
        218,
        221
      ],
      "summary": {
        "covered_lines": 112,
        "num_statements": 182,
        "percent_covered": 61.53846153846154,
        "percent_covered_display": "62",
        "missing_lines": 70,
        "excluded_lines": 0,
        "percent_statements_covered": 61.53846153846154,
        "percent_statements_covered_display": "62"
      },
      "missing_lines": [
        14,
        15,
        17,
        23,
        29,
        30,
        31,
        32,
        33,
        34,
        35,
        36,
        37,
        38,
        39,
        40,
        41,
        47,
        54,
        55,
        56,
        57,
        58,
        59,
        60,
        61,
        62,
        63,
        64,
        65,
        70,
        72,
        81,
        82,
        83,
        84,
        85,
        86,
        87,
        88,
        89,
        90,
        91,
        92,
        93,
        94,
        95,
        96,
        97,
        98,
        99,
        100,
        101,
        102,
        103,
        104,
        143,
        144,
        145,
        146,
        165,
        199,
        208,
        210,
        217,
        219,
        223,
        224,
        225,
        226
      ],
      "excluded_lines": [],
      "functions": {
        "profile": {
          "executed_lines": [],
          "summary": {
            "covered_lines": 0,
            "num_statements": 3,
            "percent_covered": 0.0,
            "percent_covered_display": "0",
            "missing_lines": 3,
            "excluded_lines": 0,
            "percent_statements_covered": 0.0,
            "percent_statements_covered_display": "0"
          },
          "missing_lines": [
            14,
            15,
            17
          ],
          "excluded_lines": [],
          "start_line": 13
        },
        "source": {
          "executed_lines": [],
          "summary": {
            "covered_lines": 0,
            "num_statements": 14,
            "percent_covered": 0.0,
            "percent_covered_display": "0",
            "missing_lines": 14,
            "excluded_lines": 0,
            "percent_statements_covered": 0.0,
            "percent_statements_covered_display": "0"
          },
          "missing_lines": [
            23,
            29,
            30,
            31,
            32,
            33,
            34,
            35,
            36,
            37,
            38,
            39,
            40,
            41
          ],
          "excluded_lines": [],
          "start_line": 22
        },
        "asm": {
          "executed_lines": [],
          "summary": {
            "covered_lines": 0,
            "num_statements": 13,
            "percent_covered": 0.0,
            "percent_covered_display": "0",
            "missing_lines": 13,
            "excluded_lines": 0,
            "percent_statements_covered": 0.0,
            "percent_statements_covered_display": "0"
          },
          "missing_lines": [
            47,
            54,
            55,
            56,
            57,
            58,
            59,
            60,
            61,
            62,
            63,
            64,
            65
          ],
          "excluded_lines": [],
          "start_line": 46
        },
        "get_code_object": {
          "executed_lines": [
            68,
            69,
            71,
            75,
            76,
            77,
            78
          ],
          "summary": {
            "covered_lines": 7,
            "num_statements": 9,
            "percent_covered": 77.77777777777777,
            "percent_covered_display": "78",
            "missing_lines": 2,
            "excluded_lines": 0,
            "percent_statements_covered": 77.77777777777777,
            "percent_statements_covered_display": "78"
          },
          "missing_lines": [
            70,
            72
          ],
          "excluded_lines": [],
          "start_line": 67
        },
        "get_advanced_code": {
          "executed_lines": [],
          "summary": {
            "covered_lines": 0,
            "num_statements": 24,
            "percent_covered": 0.0,
            "percent_covered_display": "0",
            "missing_lines": 24,
            "excluded_lines": 0,
            "percent_statements_covered": 0.0,
            "percent_statements_covered_display": "0"
          },
          "missing_lines": [
            81,
            82,
            83,
            84,
            85,
            86,
            87,
            88,
            89,
            90,
            91,
            92,
            93,
            94,
            95,
            96,
            97,
            98,
            99,
            100,
            101,
            102,
            103,
            104
          ],
          "excluded_lines": [],
          "start_line": 80
        },
        "get_ir_code": {
          "executed_lines": [
            107,
            108,
            109,
            110,
            111,
            112,
            113
          ],
          "summary": {
            "covered_lines": 7,
            "num_statements": 7,
            "percent_covered": 100.0,
            "percent_covered_display": "100",
            "missing_lines": 0,
            "excluded_lines": 0,
            "percent_statements_covered": 100.0,
            "percent_statements_covered_display": "100"
          },
          "missing_lines": [],
          "excluded_lines": [],
          "start_line": 106
        },
        "insert_code": {
          "executed_lines": [
            116,
            117,
            118,
            127,
            131
          ],
          "summary": {
            "covered_lines": 5,
            "num_statements": 5,
            "percent_covered": 100.0,
            "percent_covered_display": "100",
            "missing_lines": 0,
            "excluded_lines": 0,
            "percent_statements_covered": 100.0,
            "percent_statements_covered_display": "100"
          },
          "missing_lines": [],
          "excluded_lines": [],
          "start_line": 115
        },
        "bc_to_str": {
          "executed_lines": [
            134,
            135,
            136,
            137
          ],
          "summary": {
            "covered_lines": 4,
            "num_statements": 4,
            "percent_covered": 100.0,
            "percent_covered_display": "100",