{
  "files": {
    "venvs/converge.py": {
      "executed_lines": [
        6,
        7,
        8,
        9,
        10,
        12,
        13,
        14,
        16,
        17,
        19,
        36,
        37,
        40,
        41,
        44,
        45,
        46,
        47,
        54,
        62,
        63,
        67,
        72,
        73,
        75,
        76,
        77,
        85,
        91,
        92,
        98,
        99,
        106,
        108,
        109,
        110,
        111,
        112,
        113,
        116,
        117,
        120,
        121,
        122,
        124,
        125,
        126,
        127,
        128,
        129,
        131,
        132,
        133,
        134,
        137,
        141,
        142,
        143,
        144,
        146,
        147,
        148,
        149,
        152,
        158,
        165,
        166,
        167,
        168,
        169,
        170,
        172,
        173,
        175
      ],
      "summary": {
        "covered_lines": 75,
        "num_statements": 79,
        "percent_covered": 94.94949494949495,
        "percent_covered_display": "95",
        "missing_lines": 4,
        "excluded_lines": 1,
        "percent_statements_covered": 94.9367088607595,
        "percent_statements_covered_display": "95",
        "num_branches": 20,
        "num_partial_branches": 1,
        "covered_branches": 19,
        "missing_branches": 1,
        "percent_branches_covered": 95.0,
        "percent_branches_covered_display": "95"
      },
      "missing_lines": [
        81,
        82,
        83,
        145
      ],
      "excluded_lines": [
        20
      ],
      "executed_branches": [
        [
          67,
          -44
        ],
        [
          67,
          72
        ],
        [
          72,
          73
        ],
        [
          72,
          75
        ],
        [
          91,
          92
        ],
        [
          91,
          98
        ],
        [
          98,
          99
        ],
        [
          98,
          106
        ],
        [
          109,
          67
        ],
        [
          109,
          110
        ],
        [
          125,
          -116
        ],
        [
          125,
          126
        ],
        [
          132,
          133
        ],
        [
          132,
          134
        ],
        [
          144,
          146
        ],
        [
          146,
          147
        ],
        [
          146,
          148
        ],
        [
          172,
          173
        ],
        [
          172,
          175
        ]
      ],
      "missing_branches": [
        [
          144,
          145
        ]
      ],
      "functions": {
        "_fail": {
          "executed_lines": [
            37
          ],
          "summary": {
            "covered_lines": 1,
            "num_statements": 1,
            "percent_covered": 100.0,
            "percent_covered_display": "100",
            "missing_lines": 0,
            "excluded_lines": 0,
            "percent_statements_covered": 100.0,
            "percent_statements_covered_display": "100",
            "num_branches": 0,
            "num_partial_branches": 0,
            "covered_branches": 0,
            "missing_branches": 0,
            "percent_branches_covered": 100.0,
            "percent_branches_covered_display": "100"
          },
          "missing_lines": [],
          "excluded_lines": [],
          "start_line": 36,
          "executed_branches": [],
          "missing_branches": []
        },
        "_do_not_fail": {
          "executed_lines": [
            41
          ],
          "summary": {
            "covered_lines": 1,
            "num_statements": 1,
            "percent_covered": 100.0,
            "percent_covered_display": "100",
            "missing_lines": 0,
            "excluded_lines": 0,
            "percent_statements_covered": 100.0,
            "percent_statements_covered_display": "100",
            "num_branches": 0,
            "num_partial_branches": 0,
            "covered_branches": 0,
            "missing_branches": 0,
            "percent_branches_covered": 100.0,
            "percent_branches_covered_display": "100"
          },
          "missing_lines": [],
          "excluded_lines": [],
          "start_line": 40,
          "executed_branches": [],
          "missing_branches": []
        },
        "main": {
          "executed_lines": [
            67,
            72,
            73,
            75,
            76,
            77,
            85,
            91,
            92,
            98,
            99,
            106,
            108,
            109,
            110,
            111,
            112,
            113
          ],
          "summary": {
            "covered_lines": 18,
            "num_statements": 21,
            "percent_covered": 90.3225806451613,
            "percent_covered_display": "90",
            "missing_lines": 3,
            "excluded_lines": 0,
            "percent_statements_covered": 85.71428571428571,
            "percent_statements_covered_display": "86",
            "num_branches": 10,
            "num_partial_branches": 0,
            "covered_branches": 10,
            "missing_branches": 0,
            "percent_branches_covered": 100.0,
            "percent_branches_covered_display": "100"
          },
          "missing_lines": [
            81,
            82,
            83
          ],
          "excluded_lines": [],
          "start_line": 63,
          "executed_branches": [
            [
              67,
              -44
            ],
            [
              67,
              72
            ],
            [
              72,
              73
            ],
            [
              72,
              75
            ],
            [
              91,
              92
            ],
            [
              91,
              98
            ],
            [
              98,
              99
            ],
            [
              98,
              106
            ],
            [
              109,
              67
            ],
            [
              109,
              110
            ]
          ],
          "missing_branches": []
        },
        "_loop": {
          "executed_lines": [
            117,
            120,
            121,
            122,
            124,
            125,
            126,
            127,
            128,
            129,
            131,
            132,
            133,
            134
          ],
          "summary": {
            "covered_lines": 14,
            "num_statements": 14,
            "percent_covered": 100.0,
            "percent_covered_display": "100",
            "missing_lines": 0,
            "excluded_lines": 0,
            "percent_statements_covered": 100.0,
            "percent_statements_covered_display": "100",
            "num_branches": 4,
            "num_partial_branches": 0,
            "covered_branches": 4,
            "missing_branches": 0,
            "percent_branches_covered": 100.0,
            "percent_branches_covered_display": "100"
          },
          "missing_lines": [],
          "excluded_lines": [],
          "start_line": 116,
          "executed_branches": [
            [
              125,
              -116
            ],
            [
              125,
              126
            ],
            [
              132,
              133
            ],
            [
              132,
              134
            ]
          ],
          "missing_branches": []
        },
        "_link": {
          "executed_lines": [
            141,
            142,
            143,
            144,
            146,
            147,
            148,
            149
          ],
          "summary": {
            "covered_lines": 8,
            "num_statements": 9,