{
  "files": {
    "nyaapy/anime_site.py": {
      "executed_lines": [
        1,
        2,
        3,
        6,
        7,
        8,
        10,
        11,
        12,
        13,
        14,
        19,
        20,
        24,
        26,
        27,
        28,
        30,
        31,
        32,
        33,
        34,
        35,
        38,
        40,
        42,
        55,
        66,
        67,
        69,
        70,
        71,
        76,
        78,
        83,
        88,
        90,
        91,
        92,
        93,
        94,
        99,
        100,
        102,
        104,
        105,
        106,
        107,
        108,
        113,
        114,
        115
      ],
      "summary": {
        "covered_lines": 52,
        "num_statements": 58,
        "percent_covered": 89.65517241379311,
        "percent_covered_display": "90",
        "missing_lines": 6,
        "excluded_lines": 0
      },
      "missing_lines": [
        15,
        43,
        72,
        79,
        95,
        109
      ],
      "excluded_lines": [],
      "functions": {
        "AnimeTorrentSite.last_uploads": {
          "executed_lines": [
            12,
            13,
            14,
            19,
            20,
            24
          ],
          "summary": {
            "covered_lines": 6,
            "num_statements": 7,
            "percent_covered": 85.71428571428571,
            "percent_covered_display": "86",
            "missing_lines": 1,
            "excluded_lines": 0
          },
          "missing_lines": [
            15
          ],
          "excluded_lines": []
        },
        "AnimeTorrentSite.search": {
          "executed_lines": [
            28,
            30,
            31,
            32,
            33,
            34,
            35,
            38,
            40,
            42,
            55,
            66,
            67,
            69,
            70,
            71,
            76,
            78,
            83,
            88
          ],
          "summary": {
            "covered_lines": 20,
            "num_statements": 23,
            "percent_covered": 86.95652173913044,
            "percent_covered_display": "87",
            "missing_lines": 3,
            "excluded_lines": 0
          },
          "missing_lines": [
            43,
            72,
            79
          ],
          "excluded_lines": []
        },
        "AnimeTorrentSite.get": {
          "executed_lines": [
            92,
            93,
            94,
            99,
            100,
            102
          ],
          "summary": {
            "covered_lines": 6,
            "num_statements": 7,
            "percent_covered": 85.71428571428571,
            "percent_covered_display": "86",
            "missing_lines": 1,
            "excluded_lines": 0
          },
          "missing_lines": [
            95
          ],
          "excluded_lines": []
        },
        "AnimeTorrentSite.get_from_user": {
          "executed_lines": [
            106,
            107,
            108,
            113,
            114,
            115
          ],
          "summary": {
            "covered_lines": 6,
            "num_statements": 7,
            "percent_covered": 85.71428571428571,
            "percent_covered_display": "86",
            "missing_lines": 1,
            "excluded_lines": 0
          },
          "missing_lines": [
            109
          ],
          "excluded_lines": []
        },
        "": {
          "executed_lines": [
            1,
            2,
            3,
            6,
            7,
            8,
            10,
            11,
            26,
            27,
            90,
            91,
            104,
            105
          ],
          "summary": {
            "covered_lines": 14,
            "num_statements": 14,
            "percent_covered": 100.0,
            "percent_covered_display": "100",
            "missing_lines": 0,
            "excluded_lines": 0
          },
          "missing_lines": [],
          "excluded_lines": []
        }
      },
      "classes": {
        "AnimeTorrentSite": {
          "executed_lines": [
            12,
            13,
            14,
            19,
            20,
            24,
            28,
            30,
            31,
            32,
            33,
            34,
            35,
            38,
            40,
            42,
            55,
            66,
            67,
            69,
            70,
            71,
            76,
            78,
            83,
            88,
            92,
            93,
            94,
            99,
            100,
            102,
            106,
            107,
            108,
            113,
            114,
            115
          ],
          "summary": {
            "covered_lines": 38,
            "num_statements": 44,
            "percent_covered": 86.36363636363636,
            "percent_covered_display": "86",
            "missing_lines": 6,
            "excluded_lines": 0
          },
          "missing_lines": [
            15,
            43,
            72,
            79,
            95,
            109
          ],
          "excluded_lines": []
        },
        "": {
          "executed_lines": [
            1,
            2,
            3,
            6,
            7,
            8,
            10,
            11,
            26,
            27,
            90,
            91,
            104,
            105
          ],
          "summary": {
            "covered_lines": 14,
            "num_statements": 14,
            "percent_covered": 100.0,
            "percent_covered_display": "100",
            "missing_lines": 0,
            "excluded_lines": 0
          },
          "missing_lines": [],
          "excluded_lines": []
        }
      }
    },
    "tests/integration/test_nyaasi.py": {
      "executed_lines": [
        1,
        2,
        3,
        6,
        7,
        8,
        9,
        11,
        12,
        15,
        16,
        17,
        18,
        20,
        23,
        24,
        25,
        27,
        30,
        31,
        32,
        33,
        35,
        36
      ],
      "summary": {
        "covered_lines": 24,
        "num_statements": 24,
        "percent_covered": 100.0,
        "percent_covered_display": "100",
        "missing_lines": 0,
        "excluded_lines": 0
      },
      "missing_lines": [],
      "excluded_lines": [],
      "functions": {
        "test_nyaa_last_uploads": {
          "executed_lines": [
            8,
            9,
            11,
            12
          ],
          "summary": {
            "covered_lines": 4,
            "num_statements": 4,
            "percent_covered": 100.0,
            "percent_covered_display": "100",
            "missing_lines": 0,
            "excluded_lines": 0
          },
          "missing_lines": [],
          "excluded_lines": []
        },
        "test_nyaa_search": {
          "executed_lines": [
            17,
            18,
            20
          ],
          "summary": {
            "covered_lines": 3,
            "num_statements": 3,
            "percent_covered": 100.0,
            "percent_covered_display": "100",
            "missing_lines": 0,
            "excluded_lines": 0
          },
          "missing_lines": [],
          "excluded_lines": []
        },
        "test_nyaa_get_single": {
          "executed_lines": [
            25,
            27
          ],
          "summary": {
            "covered_lines": 2,