{
  "files": {
    "pmClient/apiService.py": {
      "executed_lines": [
        1,
        2,
        3,
        4,
        6,
        7,
        8,
        9,
        11,
        13,
        14,
        15,
        16,
        17,
        18,
        19,
        37,
        39,
        41,
        42,
        43,
        44,
        45,
        46,
        47,
        48,
        49,
        50,
        51,
        54,
        58,
        59,
        60,
        61,
        62,
        64,
        66,
        69
      ],
      "summary": {
        "covered_lines": 38,
        "num_statements": 56,
        "percent_covered": 60.0,
        "percent_covered_display": "60",
        "missing_lines": 18,
        "excluded_lines": 0,
        "percent_statements_covered": 67.85714285714286,
        "percent_statements_covered_display": "68",
        "num_branches": 34,
        "num_partial_branches": 6,
        "covered_branches": 16,
        "missing_branches": 18,
        "percent_branches_covered": 47.05882352941177,
        "percent_branches_covered_display": "47"
      },
      "missing_lines": [
        20,
        21,
        22,
        23,
        24,
        25,
        26,
        27,
        28,
        29,
        31,
        32,
        33,
        35,
        52,
        63,
        65,
        67
      ],
      "excluded_lines": [],
      "executed_branches": [
        [
          15,
          16
        ],
        [
          15,
          17
        ],
        [
          41,
          42
        ],
        [
          41,
          43
        ],
        [
          44,
          45
        ],
        [
          44,
          46
        ],
        [
          46,
          47
        ],
        [
          46,
          48
        ],
        [
          48,
          49
        ],
        [
          48,
          50
        ],
        [
          50,
          51
        ],
        [
          60,
          61
        ],
        [
          60,
          62
        ],
        [
          62,
          64
        ],
        [
          64,
          66
        ],
        [
          66,
          69
        ]
      ],
      "missing_branches": [
        [
          19,
          20
        ],
        [
          19,
          32
        ],
        [
          20,
          21
        ],
        [
          20,
          22
        ],
        [
          22,
          23
        ],
        [
          22,
          24
        ],
        [
          24,
          25
        ],
        [
          24,
          26
        ],
        [
          26,
          27
        ],
        [
          26,
          28
        ],
        [
          28,
          29
        ],
        [
          28,
          31
        ],
        [
          32,
          33
        ],
        [
          32,
          35
        ],
        [
          50,
          52
        ],
        [
          62,
          63
        ],
        [
          64,
          65
        ],
        [
          66,
          67
        ]
      ],
      "functions": {
        "ApiService.__init__": {
          "executed_lines": [
            8,
            9
          ],
          "summary": {
            "covered_lines": 2,
            "num_statements": 2,
            "percent_covered": 100.0,
            "percent_covered_display": "100",
            "missing_lines": 0,
            "excluded_lines": 0,
            "percent_statements_covered": 100.0,
            "percent_statements_covered_display": "100",
            "num_branches": 0,
            "num_partial_branches": 0,
            "covered_branches": 0,
            "missing_branches": 0,
            "percent_branches_covered": 100.0,
            "percent_branches_covered_display": "100"
          },
          "missing_lines": [],
          "excluded_lines": [],
          "start_line": 7,
          "executed_branches": [],
          "missing_branches": []
        },
        "ApiService.api_call_helper": {
          "executed_lines": [
            13,
            14,
            15,
            16,
            17,
            18,
            19
          ],
          "summary": {
            "covered_lines": 7,
            "num_statements": 21,
            "percent_covered": 24.324324324324323,
            "percent_covered_display": "24",
            "missing_lines": 14,
            "excluded_lines": 0,
            "percent_statements_covered": 33.333333333333336,
            "percent_statements_covered_display": "33",
            "num_branches": 16,
            "num_partial_branches": 2,
            "covered_branches": 2,
            "missing_branches": 14,
            "percent_branches_covered": 12.5,
            "percent_branches_covered_display": "12"
          },
          "missing_lines": [
            20,
            21,
            22,
            23,
            24,
            25,
            26,
            27,
            28,
            29,
            31,
            32,
            33,
            35
          ],
          "excluded_lines": [],
          "start_line": 11,
          "executed_branches": [
            [
              15,
              16
            ],
            [
              15,
              17
            ]
          ],
          "missing_branches": [
            [
              19,
              20
            ],
            [
              19,
              32
            ],
            [
              20,
              21
            ],
            [
              20,
              22
            ],
            [
              22,
              23
            ],
            [
              22,
              24
            ],
            [
              24,
              25
            ],
            [
              24,
              26
            ],
            [
              26,
              27
            ],
            [
              26,
              28
            ],
            [
              28,
              29
            ],
            [
              28,
              31
            ],
            [
              32,
              33
            ],
            [
              32,
              35
            ]
          ]
        },
        "ApiService._api_call": {
          "executed_lines": [
            39,
            41,
            42,
            43,
            44,
            45,
            46,
            47,
            48,
            49,
            50,
            51
          ],
          "summary": {
            "covered_lines": 12,
            "num_statements": 13,
            "percent_covered": 91.30434782608695,
            "percent_covered_display": "91",
            "missing_lines": 1,
            "excluded_lines": 0,
            "percent_statements_covered": 92.3076923076923,
            "percent_statements_covered_display": "92",
            "num_branches": 10,
            "num_partial_branches": 1,
            "covered_branches": 9,
            "missing_branches": 1,
            "percent_branches_covered": 90.0,
            "percent_branches_covered_display": "90"
          },
          "missing_lines": [
            52
          ],
          "excluded_lines": [],
          "start_line": 37,
          "executed_branches": [
            [
              41,
              42
            ],
            [
              41,
              43
            ],
            [
              44,
              45
            ],
            [
              44,
              46
            ],
            [
              46,
              47
            ],
            [
              46,
              48
            ],
            [
              48,
              49
            ],
            [
              48,
              50
            ],
            [
              50,
              51
            ]
          ],
          "missing_branches": [
            [
              50,
              52
            ]
          ]
        },