{
  "files": {
    "bpemb/util.py": {
      "executed_lines": [
        1,
        2,
        3,
        5,
        7,
        8,
        9,
        10,
        14,
        15,
        16,
        18,
        21,
        22,
        23,
        24,
        26,
        27,
        28,
        29,
        30,
        31,
        34,
        35,
        36,
        37,
        38,
        39,
        40,
        41,
        45,
        46,
        47,
        48,
        49,
        51,
        53,
        54,
        55,
        56,
        57,
        58,
        59,
        60,
        62,
        63,
        64,
        65,
        66,
        67,
        70,
        71,
        72,
        75,
        77,
        78,
        79,
        80,
        81,
        82,
        83,
        86,
        89,
        90,
        91,
        92,
        93,
        94,
        95
      ],
      "summary": {
        "covered_lines": 69,
        "num_statements": 73,
        "percent_covered": 94.52054794520548,
        "percent_covered_display": "95",
        "missing_lines": 4,
        "excluded_lines": 0,
        "percent_statements_covered": 94.52054794520548,
        "percent_statements_covered_display": "95"
      },
      "missing_lines": [
        32,
        33,
        61,
        85
      ],
      "excluded_lines": [],
      "functions": {
        "sentencepiece_load": {
          "executed_lines": [
            7,
            8,
            9,
            10
          ],
          "summary": {
            "covered_lines": 4,
            "num_statements": 4,
            "percent_covered": 100.0,
            "percent_covered_display": "100",
            "missing_lines": 0,
            "excluded_lines": 0,
            "percent_statements_covered": 100.0,
            "percent_statements_covered_display": "100"
          },
          "missing_lines": [],
          "excluded_lines": [],
          "start_line": 5
        },
        "http_get_temp": {
          "executed_lines": [
            15,
            16,
            18,
            21,
            22,
            23,
            24,
            26,
            27,
            28,
            29,
            30,
            31,
            34,
            35,
            36,
            37,
            38,
            39,
            40,
            41
          ],
          "summary": {
            "covered_lines": 21,
            "num_statements": 23,
            "percent_covered": 91.30434782608695,
            "percent_covered_display": "91",
            "missing_lines": 2,
            "excluded_lines": 0,
            "percent_statements_covered": 91.30434782608695,
            "percent_statements_covered_display": "91"
          },
          "missing_lines": [
            32,
            33
          ],
          "excluded_lines": [],
          "start_line": 14
        },
        "http_get": {
          "executed_lines": [
            46,
            47,
            48,
            49,
            51,
            53,
            54,
            55,
            56,
            57,
            58,
            59,
            60,
            62,
            63,
            64,
            65,
            66,
            67,
            70,
            71,
            72
          ],
          "summary": {
            "covered_lines": 22,
            "num_statements": 23,
            "percent_covered": 95.65217391304348,
            "percent_covered_display": "96",
            "missing_lines": 1,
            "excluded_lines": 0,
            "percent_statements_covered": 95.65217391304348,
            "percent_statements_covered_display": "96"
          },
          "missing_lines": [
            61
          ],
          "excluded_lines": [],
          "start_line": 45
        },
        "load_word2vec_file": {
          "executed_lines": [
            77,
            78,
            79,
            80,
            81,
            82,
            83,
            86
          ],
          "summary": {
            "covered_lines": 8,
            "num_statements": 9,
            "percent_covered": 88.88888888888889,
            "percent_covered_display": "89",
            "missing_lines": 1,
            "excluded_lines": 0,
            "percent_statements_covered": 88.88888888888889,
            "percent_statements_covered_display": "89"
          },
          "missing_lines": [
            85
          ],
          "excluded_lines": [],
          "start_line": 75
        },
        "add_embeddings": {
          "executed_lines": [
            90,
            91,
            92,
            93,
            94,
            95
          ],
          "summary": {
            "covered_lines": 6,
            "num_statements": 6,
            "percent_covered": 100.0,
            "percent_covered_display": "100",
            "missing_lines": 0,
            "excluded_lines": 0,
            "percent_statements_covered": 100.0,
            "percent_statements_covered_display": "100"
          },
          "missing_lines": [],
          "excluded_lines": [],
          "start_line": 89
        },
        "": {
          "executed_lines": [
            1,
            2,
            3,
            5,
            14,
            45,
            75,
            89
          ],
          "summary": {
            "covered_lines": 8,
            "num_statements": 8,
            "percent_covered": 100.0,
            "percent_covered_display": "100",
            "missing_lines": 0,
            "excluded_lines": 0,
            "percent_statements_covered": 100.0,
            "percent_statements_covered_display": "100"
          },
          "missing_lines": [],
          "excluded_lines": [],
          "start_line": 1
        }
      },
      "classes": {
        "": {
          "executed_lines": [
            1,
            2,
            3,
            5,
            7,
            8,
            9,
            10,
            14,
            15,
            16,
            18,
            21,
            22,
            23,
            24,
            26,
            27,
            28,
            29,
            30,
            31,
            34,
            35,
            36,
            37,
            38,
            39,
            40,
            41,
            45,
            46,
            47,
            48,
            49,
            51,
            53,
            54,
            55,
            56,
            57,
            58,
            59,
            60,
            62,
            63,
            64,
            65,
            66,
            67,
            70,
            71,
            72,
            75,
            77,
            78,
            79,
            80,
            81,
            82,
            83,
            86,
            89,
            90,
            91,
            92,
            93,
            94,
            95
          ],
          "summary": {
            "covered_lines": 69,
            "num_statements": 73,
            "percent_covered": 94.52054794520548,
            "percent_covered_display": "95",
            "missing_lines": 4,
            "excluded_lines": 0,
            "percent_statements_covered": 94.52054794520548,
            "percent_statements_covered_display": "95"
          },
          "missing_lines": [
            32,
            33,
            61,
            85
          ],
          "excluded_lines": [],
          "start_line": 1
        }
      }
    }
  },
  "meta": {
    "format": 3,
    "version": "7.13.4",
    "branch_coverage": false,
    "show_contexts": false
  },
  "totals": {
    "covered_lines": 69,
    "num_statements": 73,
    "percent_covered": 94.52054794520548,
    "percent_covered_display": "95",
    "missing_lines": 4,
    "excluded_lines": 0,
    "percent_statements_covered": 94.52054794520548,
    "percent_statements_covered_display": "95"
  }
}