{
  "files": {
    "config.py": {
      "executed_lines": [
        13,
        14,
        17,
        56,
        83,
        84,
        85,
        86,
        87,
        88,
        89,
        90,
        91,
        92,
        93,
        94,
        95,
        96,
        97,
        98,
        99,
        100,
        101,
        102,
        103,
        104,
        105,
        106,
        108,
        138,
        148,
        149,
        152,
        161,
        162,
        163,
        170,
        176,
        177,
        178
      ],
      "summary": {
        "covered_lines": 40,
        "num_statements": 79,
        "percent_covered": 50.63291139240506,
        "percent_covered_display": "51",
        "missing_lines": 39,
        "excluded_lines": 0,
        "percent_statements_covered": 50.63291139240506,
        "percent_statements_covered_display": "51"
      },
      "missing_lines": [
        109,
        164,
        165,
        166,
        167,
        180,
        181,
        182,
        183,
        185,
        186,
        190,
        191,
        197,
        199,
        201,
        202,
        203,
        204,
        206,
        207,
        208,
        209,
        211,
        212,
        213,
        214,
        217,
        218,
        219,
        220,
        221,
        222,
        223,
        224,
        225,
        226,
        227,
        229
      ],
      "excluded_lines": [],
      "functions": {
        "EnvVars.__init__": {
          "executed_lines": [
            83,
            84,
            85,
            86,
            87,
            88,
            89,
            90,
            91,
            92,
            93,
            94,
            95,
            96,
            97,
            98,
            99,
            100,
            101,
            102,
            103,
            104,
            105,
            106
          ],
          "summary": {
            "covered_lines": 24,
            "num_statements": 24,
            "percent_covered": 100.0,
            "percent_covered_display": "100",
            "missing_lines": 0,
            "excluded_lines": 0,
            "percent_statements_covered": 100.0,
            "percent_statements_covered_display": "100"
          },
          "missing_lines": [],
          "excluded_lines": [],
          "start_line": 56
        },
        "EnvVars.__repr__": {
          "executed_lines": [],
          "summary": {
            "covered_lines": 0,
            "num_statements": 1,
            "percent_covered": 0.0,
            "percent_covered_display": "0",
            "missing_lines": 1,
            "excluded_lines": 0,
            "percent_statements_covered": 0.0,
            "percent_statements_covered_display": "0"
          },
          "missing_lines": [
            109
          ],
          "excluded_lines": [],
          "start_line": 108
        },
        "get_bool_env_var": {
          "executed_lines": [
            148,
            149
          ],
          "summary": {
            "covered_lines": 2,
            "num_statements": 2,
            "percent_covered": 100.0,
            "percent_covered_display": "100",
            "missing_lines": 0,
            "excluded_lines": 0,
            "percent_statements_covered": 100.0,
            "percent_statements_covered_display": "100"
          },
          "missing_lines": [],
          "excluded_lines": [],
          "start_line": 138
        },
        "get_int_env_var": {
          "executed_lines": [
            161,
            162,
            163
          ],
          "summary": {
            "covered_lines": 3,
            "num_statements": 7,
            "percent_covered": 42.857142857142854,
            "percent_covered_display": "43",
            "missing_lines": 4,
            "excluded_lines": 0,
            "percent_statements_covered": 42.857142857142854,
            "percent_statements_covered_display": "43"
          },
          "missing_lines": [
            164,
            165,
            166,
            167
          ],
          "excluded_lines": [],
          "start_line": 152
        },
        "get_env_vars": {
          "executed_lines": [
            176,
            177,
            178
          ],
          "summary": {
            "covered_lines": 3,
            "num_statements": 37,
            "percent_covered": 8.108108108108109,
            "percent_covered_display": "8",
            "missing_lines": 34,
            "excluded_lines": 0,
            "percent_statements_covered": 8.108108108108109,
            "percent_statements_covered_display": "8"
          },
          "missing_lines": [
            180,
            181,
            182,
            183,
            185,
            186,
            190,
            191,
            197,
            199,
            201,
            202,
            203,
            204,
            206,
            207,
            208,
            209,
            211,
            212,
            213,
            214,
            217,
            218,
            219,
            220,
            221,
            222,
            223,
            224,
            225,
            226,
            227,
            229
          ],
          "excluded_lines": [],
          "start_line": 170
        },
        "": {
          "executed_lines": [
            13,
            14,
            17,
            56,
            108,
            138,
            152,
            170
          ],
          "summary": {
            "covered_lines": 8,
            "num_statements": 8,
            "percent_covered": 100.0,
            "percent_covered_display": "100",
            "missing_lines": 0,
            "excluded_lines": 0,
            "percent_statements_covered": 100.0,
            "percent_statements_covered_display": "100"
          },
          "missing_lines": [],
          "excluded_lines": [],
          "start_line": 1
        }
      },
      "classes": {
        "EnvVars": {
          "executed_lines": [
            83,
            84,
            85,
            86,
            87,
            88,
            89,
            90,
            91,
            92,
            93,
            94,
            95,
            96,
            97,
            98,
            99,
            100,
            101,
            102,
            103,
            104,
            105,
            106
          ],
          "summary": {
            "covered_lines": 24,
            "num_statements": 25,
            "percent_covered": 96.0,
            "percent_covered_display": "96",
            "missing_lines": 1,
            "excluded_lines": 0,
            "percent_statements_covered": 96.0,
            "percent_statements_covered_display": "96"
          },
          "missing_lines": [
            109
          ],
          "excluded_lines": [],
          "start_line": 17
        },
        "": {
          "executed_lines": [
            13,
            14,
            17,
            56,
            108,
            138,
            148,
            149,
            152,
            161,
            162,
            163,
            170,
            176,
            177,
            178
          ],
          "summary": {
            "covered_lines": 16,
            "num_statements": 54,
            "percent_covered": 29.62962962962963,
            "percent_covered_display": "30",
            "missing_lines": 38,
            "excluded_lines": 0,
            "percent_statements_covered": 29.62962962962963,
            "percent_statements_covered_display": "30"
          },