{
  "files": {
    "pyaxis/pyaxis.py": {
      "executed_lines": [
        1,
        23,
        24,
        25,
        26,
        27,
        28,
        29,
        30,
        32,
        33,
        35,
        47,
        50,
        58,
        59,
        61,
        64,
        76,
        78,
        79,
        80,
        81,
        82,
        83,
        84,
        85,
        86,
        87,
        88,
        89,
        92,
        108,
        111,
        134,
        135,
        136,
        142,
        145,
        148,
        152,
        156,
        159,
        167,
        172
      ],
      "summary": {
        "covered_lines": 44,
        "num_statements": 60,
        "percent_covered": 73.33333333333333,
        "percent_covered_display": "73",
        "missing_lines": 16,
        "excluded_lines": 0
      },
      "missing_lines": [
        93,
        94,
        95,
        96,
        97,
        98,
        99,
        100,
        101,
        102,
        104,
        105,
        106,
        137,
        138,
        139
      ],
      "excluded_lines": [],
      "functions": {
        "uri_type": {
          "executed_lines": [
            47,
            50,
            58,
            59,
            61
          ],
          "summary": {
            "covered_lines": 5,
            "num_statements": 5,
            "percent_covered": 100.0,
            "percent_covered_display": "100",
            "missing_lines": 0,
            "excluded_lines": 0
          },
          "missing_lines": [],
          "excluded_lines": []
        },
        "read": {
          "executed_lines": [
            76,
            78,
            79,
            80,
            81,
            82,
            83,
            84,
            85,
            86,
            87,
            88,
            89,
            92,
            108
          ],
          "summary": {
            "covered_lines": 15,
            "num_statements": 28,
            "percent_covered": 53.57142857142857,
            "percent_covered_display": "54",
            "missing_lines": 13,
            "excluded_lines": 0
          },
          "missing_lines": [
            93,
            94,
            95,
            96,
            97,
            98,
            99,
            100,
            101,
            102,
            104,
            105,
            106
          ],
          "excluded_lines": []
        },
        "parse": {
          "executed_lines": [
            134,
            135,
            136,
            142,
            145,
            148,
            152,
            156,
            159,
            167,
            172
          ],
          "summary": {
            "covered_lines": 11,
            "num_statements": 14,
            "percent_covered": 78.57142857142857,
            "percent_covered_display": "79",
            "missing_lines": 3,
            "excluded_lines": 0
          },
          "missing_lines": [
            137,
            138,
            139
          ],
          "excluded_lines": []
        },
        "": {
          "executed_lines": [
            1,
            23,
            24,
            25,
            26,
            27,
            28,
            29,
            30,
            32,
            33,
            35,
            64,
            111
          ],
          "summary": {
            "covered_lines": 13,
            "num_statements": 13,
            "percent_covered": 100.0,
            "percent_covered_display": "100",
            "missing_lines": 0,
            "excluded_lines": 0
          },
          "missing_lines": [],
          "excluded_lines": []
        }
      },
      "classes": {
        "": {
          "executed_lines": [
            1,
            23,
            24,
            25,
            26,
            27,
            28,
            29,
            30,
            32,
            33,
            35,
            47,
            50,
            58,
            59,
            61,
            64,
            76,
            78,
            79,
            80,
            81,
            82,
            83,
            84,
            85,
            86,
            87,
            88,
            89,
            92,
            108,
            111,
            134,
            135,
            136,
            142,
            145,
            148,
            152,
            156,
            159,
            167,
            172
          ],
          "summary": {
            "covered_lines": 44,
            "num_statements": 60,
            "percent_covered": 73.33333333333333,
            "percent_covered_display": "73",
            "missing_lines": 16,
            "excluded_lines": 0
          },
          "missing_lines": [
            93,
            94,
            95,
            96,
            97,
            98,
            99,
            100,
            101,
            102,
            104,
            105,
            106,
            137,
            138,
            139
          ],
          "excluded_lines": []
        }
      }
    }
  },
  "meta": {
    "format": 3,
    "version": "7.8.0",
    "branch_coverage": false,
    "show_contexts": false
  },
  "totals": {
    "covered_lines": 44,
    "num_statements": 60,
    "percent_covered": 73.33333333333333,
    "percent_covered_display": "73",
    "missing_lines": 16,
    "excluded_lines": 0
  }
}