{
  "files": {
    "github_nonpublic_api/api.py": {
      "executed_lines": [
        15,
        17,
        18,
        19,
        20,
        21,
        23,
        24,
        25,
        26,
        27,
        28,
        29,
        30,
        33,
        36,
        37,
        77,
        84,
        91,
        94,
        96,
        99,
        115,
        116,
        118,
        119,
        122,
        123,
        129,
        136,
        145,
        167
      ],
      "summary": {
        "covered_lines": 30,
        "num_statements": 74,
        "percent_covered": 40.54054054054054,
        "percent_covered_display": "41",
        "missing_lines": 44,
        "excluded_lines": 0
      },
      "missing_lines": [
        38,
        40,
        42,
        43,
        45,
        46,
        47,
        48,
        49,
        50,
        51,
        53,
        55,
        57,
        58,
        59,
        60,
        61,
        64,
        65,
        67,
        69,
        70,
        72,
        73,
        74,
        78,
        79,
        80,
        81,
        97,
        103,
        104,
        106,
        112,
        151,
        152,
        154,
        155,
        156,
        168,
        169,
        171,
        177
      ],
      "excluded_lines": [],
      "functions": {
        "_get_and_submit_form": {
          "executed_lines": [
            36,
            37
          ],
          "summary": {
            "covered_lines": 2,
            "num_statements": 28,
            "percent_covered": 7.142857142857143,
            "percent_covered_display": "7",
            "missing_lines": 26,
            "excluded_lines": 0
          },
          "missing_lines": [
            38,
            40,
            42,
            43,
            45,
            46,
            47,
            48,
            49,
            50,
            51,
            53,
            55,
            57,
            58,
            59,
            60,
            61,
            64,
            65,
            67,
            69,
            70,
            72,
            73,
            74
          ],
          "excluded_lines": []
        },
        "_get_url_with_session": {
          "executed_lines": [],
          "summary": {
            "covered_lines": 0,
            "num_statements": 4,
            "percent_covered": 0.0,
            "percent_covered_display": "0",
            "missing_lines": 4,
            "excluded_lines": 0
          },
          "missing_lines": [
            78,
            79,
            80,
            81
          ],
          "excluded_lines": []
        },
        "create_login_session": {
          "executed_lines": [
            91,
            94,
            96,
            99
          ],
          "summary": {
            "covered_lines": 4,
            "num_statements": 7,
            "percent_covered": 57.142857142857146,
            "percent_covered_display": "57",
            "missing_lines": 3,
            "excluded_lines": 0
          },
          "missing_lines": [
            103,
            106,
            112
          ],
          "excluded_lines": []
        },
        "create_login_session._login_callback": {
          "executed_lines": [],
          "summary": {
            "covered_lines": 0,
            "num_statements": 1,
            "percent_covered": 0.0,
            "percent_covered_display": "0",
            "missing_lines": 1,
            "excluded_lines": 0
          },
          "missing_lines": [
            97
          ],
          "excluded_lines": []
        },
        "create_login_session._tfa_callback": {
          "executed_lines": [],
          "summary": {
            "covered_lines": 0,
            "num_statements": 1,
            "percent_covered": 0.0,
            "percent_covered_display": "0",
            "missing_lines": 1,
            "excluded_lines": 0
          },
          "missing_lines": [
            104
          ],
          "excluded_lines": []
        },
        "Api.__init__": {
          "executed_lines": [
            136
          ],
          "summary": {
            "covered_lines": 1,
            "num_statements": 1,
            "percent_covered": 100.0,
            "percent_covered_display": "100",
            "missing_lines": 0,
            "excluded_lines": 0
          },
          "missing_lines": [],
          "excluded_lines": []
        },
        "Api.request_usage": {
          "executed_lines": [],
          "summary": {
            "covered_lines": 0,
            "num_statements": 4,
            "percent_covered": 0.0,
            "percent_covered_display": "0",
            "missing_lines": 4,
            "excluded_lines": 0
          },
          "missing_lines": [
            151,
            154,
            155,
            156
          ],
          "excluded_lines": []
        },
        "Api.request_usage._request_usage_callback": {
          "executed_lines": [],
          "summary": {
            "covered_lines": 0,
            "num_statements": 1,
            "percent_covered": 0.0,
            "percent_covered_display": "0",
            "missing_lines": 1,
            "excluded_lines": 0
          },
          "missing_lines": [
            152
          ],
          "excluded_lines": []
        },
        "main": {
          "executed_lines": [],
          "summary": {
            "covered_lines": 0,
            "num_statements": 2,
            "percent_covered": 0.0,
            "percent_covered_display": "0",
            "missing_lines": 2,
            "excluded_lines": 0
          },
          "missing_lines": [
            169,
            171
          ],
          "excluded_lines": []
        },
        "": {
          "executed_lines": [
            15,
            17,
            18,
            19,
            20,
            21,
            23,
            24,
            25,
            26,
            27,
            28,
            29,
            30,
            33,
            77,
            84,
            115,
            116,
            118,
            119,
            122,
            123,
            129,
            145,
            167
          ],
          "summary": {
            "covered_lines": 23,
            "num_statements": 25,
            "percent_covered": 92.0,
            "percent_covered_display": "92",
            "missing_lines": 2,
            "excluded_lines": 0
          },
          "missing_lines": [
            168,
            177
          ],
          "excluded_lines": []
        }
      },
      "classes": {
        "OrganizationUsage": {
          "executed_lines": [],
          "summary": {
            "covered_lines": 0,
            "num_statements": 0,
            "percent_covered": 100.0,
            "percent_covered_display": "100",
            "missing_lines": 0,
            "excluded_lines": 0
          },
          "missing_lines": [],
          "excluded_lines": []
        },
        "Api": {
          "executed_lines": [
            136
          ],
          "summary": {
            "covered_lines": 1,
            "num_statements": 6,
            "percent_covered": 16.666666666666668,
            "percent_covered_display": "17",
            "missing_lines": 5,
            "excluded_lines": 0
          },
          "missing_lines": [
            151,
            152,
            154,
            155,
            156
          ],
          "excluded_lines": []
        },