{
  "files": {
    "feature/selector.py": {
      "executed_lines": [
        6,
        10,
        11,
        12,
        13,
        14,
        15,
        16,
        17,
        18,
        19,
        20,
        21,
        22,
        23,
        24,
        25,
        26,
        27,
        28,
        29,
        30,
        31,
        32,
        33,
        34,
        35,
        38,
        39,
        40,
        45,
        78,
        81,
        82,
        86,
        87,
        90,
        93,
        97,
        98,
        99,
        102,
        103,
        106,
        107,
        108,
        111,
        114,
        125,
        127,
        134,
        135
      ],
      "summary": {
        "covered_lines": 51,
        "num_statements": 52,
        "percent_covered": 98.07692307692308,
        "percent_covered_display": "98",
        "missing_lines": 1,
        "excluded_lines": 0
      },
      "missing_lines": [
        94
      ],
      "excluded_lines": [],
      "functions": {
        "plot_importance": {
          "executed_lines": [
            78,
            81,
            82,
            86,
            87,
            90,
            93,
            97,
            98,
            99,
            102,
            103,
            106,
            107,
            108,
            111,
            114,
            125
          ],
          "summary": {
            "covered_lines": 18,
            "num_statements": 19,
            "percent_covered": 94.73684210526316,
            "percent_covered_display": "95",
            "missing_lines": 1,
            "excluded_lines": 0
          },
          "missing_lines": [
            94
          ],
          "excluded_lines": []
        },
        "": {
          "executed_lines": [
            6,
            10,
            11,
            12,
            13,
            14,
            15,
            16,
            17,
            18,
            19,
            20,
            21,
            22,
            23,
            24,
            25,
            26,
            27,
            28,
            29,
            30,
            31,
            32,
            33,
            34,
            35,
            38,
            39,
            40,
            45,
            127,
            134,
            135
          ],
          "summary": {
            "covered_lines": 33,
            "num_statements": 33,
            "percent_covered": 100.0,
            "percent_covered_display": "100",
            "missing_lines": 0,
            "excluded_lines": 0
          },
          "missing_lines": [],
          "excluded_lines": []
        }
      },
      "classes": {
        "": {
          "executed_lines": [
            6,
            10,
            11,
            12,
            13,
            14,
            15,
            16,
            17,
            18,
            19,
            20,
            21,
            22,
            23,
            24,
            25,
            26,
            27,
            28,
            29,
            30,
            31,
            32,
            33,
            34,
            35,
            38,
            39,
            40,
            45,
            78,
            81,
            82,
            86,
            87,
            90,
            93,
            97,
            98,
            99,
            102,
            103,
            106,
            107,
            108,
            111,
            114,
            125,
            127,
            134,
            135
          ],
          "summary": {
            "covered_lines": 51,
            "num_statements": 52,
            "percent_covered": 98.07692307692308,
            "percent_covered_display": "98",
            "missing_lines": 1,
            "excluded_lines": 0
          },
          "missing_lines": [
            94
          ],
          "excluded_lines": []
        }
      }
    }
  },
  "meta": {
    "format": 3,
    "version": "7.8.0",
    "branch_coverage": false,
    "show_contexts": false
  },
  "totals": {
    "covered_lines": 51,
    "num_statements": 52,
    "percent_covered": 98.07692307692308,
    "percent_covered_display": "98",
    "missing_lines": 1,
    "excluded_lines": 0
  }
}