{
  "files": {
    "consensus_decentralization/plot.py": {
      "executed_lines": [
        1,
        2,
        3,
        4,
        5,
        6,
        7,
        8,
        9,
        12,
        40,
        54,
        80,
        106,
        183,
        217
      ],
      "summary": {
        "covered_lines": 16,
        "num_statements": 114,
        "percent_covered": 14.035087719298245,
        "percent_covered_display": "14",
        "missing_lines": 98,
        "excluded_lines": 13,
        "percent_statements_covered": 14.035087719298245,
        "percent_statements_covered_display": "14"
      },
      "missing_lines": [
        13,
        14,
        15,
        16,
        18,
        19,
        26,
        27,
        29,
        30,
        31,
        32,
        34,
        37,
        41,
        42,
        43,
        45,
        51,
        55,
        56,
        57,
        58,
        60,
        61,
        70,
        77,
        81,
        82,
        83,
        84,
        86,
        87,
        96,
        103,
        107,
        108,
        109,
        110,
        111,
        113,
        117,
        118,
        119,
        120,
        122,
        123,
        124,
        125,
        127,
        128,
        129,
        130,
        131,
        132,
        133,
        134,
        135,
        137,
        139,
        140,
        141,
        142,
        143,
        145,
        146,
        147,
        148,
        149,
        155,
        156,
        157,
        158,
        159,
        161,
        162,
        172,
        184,
        185,
        186,
        187,
        188,
        189,
        190,
        191,
        192,
        193,
        194,
        195,
        196,
        197,
        206,
        218,
        219,
        220,
        221,
        222,
        223
      ],
      "excluded_lines": [
        226,
        227,
        228,
        230,
        231,
        232,
        234,
        236,
        244,
        252,
        259,
        264,
        265
      ],
      "functions": {
        "plot_animated_lines": {
          "executed_lines": [],
          "summary": {
            "covered_lines": 0,
            "num_statements": 14,
            "percent_covered": 0.0,
            "percent_covered_display": "0",
            "missing_lines": 14,
            "excluded_lines": 0,
            "percent_statements_covered": 0.0,
            "percent_statements_covered_display": "0"
          },
          "missing_lines": [
            13,
            14,
            15,
            16,
            18,
            19,
            26,
            27,
            29,
            30,
            31,
            32,
            34,
            37
          ],
          "excluded_lines": [],
          "start_line": 12
        },
        "plot_lines": {
          "executed_lines": [],
          "summary": {
            "covered_lines": 0,
            "num_statements": 5,
            "percent_covered": 0.0,
            "percent_covered_display": "0",
            "missing_lines": 5,
            "excluded_lines": 0,
            "percent_statements_covered": 0.0,
            "percent_statements_covered_display": "0"
          },
          "missing_lines": [
            41,
            42,
            43,
            45,
            51
          ],
          "excluded_lines": [],
          "start_line": 40
        },
        "plot_stack_area_chart": {
          "executed_lines": [],
          "summary": {
            "covered_lines": 0,
            "num_statements": 8,
            "percent_covered": 0.0,
            "percent_covered_display": "0",
            "missing_lines": 8,
            "excluded_lines": 0,
            "percent_statements_covered": 0.0,
            "percent_statements_covered_display": "0"
          },
          "missing_lines": [
            55,
            56,
            57,
            58,
            60,
            61,
            70,
            77
          ],
          "excluded_lines": [],
          "start_line": 54
        },
        "plot_animated_stack_area_chart": {
          "executed_lines": [],
          "summary": {
            "covered_lines": 0,
            "num_statements": 8,
            "percent_covered": 0.0,
            "percent_covered_display": "0",
            "missing_lines": 8,
            "excluded_lines": 0,
            "percent_statements_covered": 0.0,
            "percent_statements_covered_display": "0"
          },
          "missing_lines": [
            81,
            82,
            83,
            84,
            86,
            87,
            96,
            103
          ],
          "excluded_lines": [],
          "start_line": 80
        },
        "plot_dynamics_per_ledger": {
          "executed_lines": [],
          "summary": {
            "covered_lines": 0,
            "num_statements": 42,
            "percent_covered": 0.0,
            "percent_covered_display": "0",
            "missing_lines": 42,
            "excluded_lines": 0,
            "percent_statements_covered": 0.0,
            "percent_statements_covered_display": "0"
          },
          "missing_lines": [
            107,
            108,
            109,
            110,
            111,
            113,
            117,
            118,
            119,
            120,
            122,
            123,
            124,
            125,
            127,
            128,
            129,
            130,
            131,
            132,
            133,
            134,
            135,
            137,
            139,
            140,
            141,
            142,
            143,
            145,
            146,
            147,
            148,
            149,
            155,
            156,
            157,
            158,
            159,
            161,
            162,
            172
          ],
          "excluded_lines": [],
          "start_line": 106
        },
        "plot_comparative_metrics": {
          "executed_lines": [],
          "summary": {
            "covered_lines": 0,
            "num_statements": 15,
            "percent_covered": 0.0,
            "percent_covered_display": "0",
            "missing_lines": 15,
            "excluded_lines": 0,
            "percent_statements_covered": 0.0,
            "percent_statements_covered_display": "0"
          },
          "missing_lines": [
            184,
            185,
            186,
            187,
            188,
            189,
            190,
            191,
            192,
            193,
            194,
            195,
            196,
            197,
            206
          ],
          "excluded_lines": [],
          "start_line": 183
        },
        "plot": {
          "executed_lines": [],
          "summary": {
            "covered_lines": 0,
            "num_statements": 6,
            "percent_covered": 0.0,
            "percent_covered_display": "0",
            "missing_lines": 6,
            "excluded_lines": 0,
            "percent_statements_covered": 0.0,
            "percent_statements_covered_display": "0"
          },
          "missing_lines": [
            218,
            219,
            220,
            221,
            222,
            223
          ],
          "excluded_lines": [],
          "start_line": 217
        },
        "": {
          "executed_lines": [
            1,
            2,
            3,
            4,
            5,
            6,
            7,
            8,
            9,
            12,
            40,
            54,
            80,
            106,
            183,
            217
          ],
          "summary": {
            "covered_lines": 16,
            "num_statements": 16,
            "percent_covered": 100.0,
            "percent_covered_display": "100",
            "missing_lines": 0,
            "excluded_lines": 13,