{
  "files": {
    "urlextract/cachefile.py": {
      "executed_lines": [
        11,
        12,
        13,
        14,
        15,
        17,
        18,
        20,
        21,
        22,
        25,
        28,
        31,
        35,
        36,
        39,
        41,
        47,
        49,
        50,
        53,
        54,
        66,
        75,
        77,
        96,
        105,
        107,
        108,
        109,
        129,
        137,
        140,
        151,
        153,
        161,
        163,
        220,
        229,
        236,
        238,
        239,
        240,
        241,
        243,
        246,
        247,
        249,
        250,
        252,
        254
      ],
      "summary": {
        "covered_lines": 51,
        "num_statements": 105,
        "percent_covered": 48.57142857142857,
        "percent_covered_display": "49",
        "missing_lines": 54,
        "excluded_lines": 0,
        "percent_statements_covered": 48.57142857142857,
        "percent_statements_covered_display": "49"
      },
      "missing_lines": [
        55,
        60,
        63,
        64,
        85,
        89,
        90,
        94,
        111,
        112,
        113,
        114,
        115,
        118,
        120,
        121,
        123,
        124,
        125,
        127,
        142,
        143,
        144,
        171,
        175,
        176,
        177,
        178,
        180,
        185,
        189,
        191,
        192,
        198,
        199,
        200,
        201,
        202,
        206,
        207,
        208,
        212,
        214,
        215,
        216,
        218,
        230,
        234,
        244,
        263,
        264,
        265,
        266,
        268
      ],
      "excluded_lines": [],
      "functions": {
        "CacheFile.__init__": {
          "executed_lines": [
            47,
            49,
            50,
            53,
            54
          ],
          "summary": {
            "covered_lines": 5,
            "num_statements": 9,
            "percent_covered": 55.55555555555556,
            "percent_covered_display": "56",
            "missing_lines": 4,
            "excluded_lines": 0,
            "percent_statements_covered": 55.55555555555556,
            "percent_statements_covered_display": "56"
          },
          "missing_lines": [
            55,
            60,
            63,
            64
          ],
          "excluded_lines": [],
          "start_line": 41
        },
        "CacheFile._get_default_cache_dir": {
          "executed_lines": [
            75
          ],
          "summary": {
            "covered_lines": 1,
            "num_statements": 1,
            "percent_covered": 100.0,
            "percent_covered_display": "100",
            "missing_lines": 0,
            "excluded_lines": 0,
            "percent_statements_covered": 100.0,
            "percent_statements_covered_display": "100"
          },
          "missing_lines": [],
          "excluded_lines": [],
          "start_line": 66
        },
        "CacheFile._get_default_cache_file_path": {
          "executed_lines": [],
          "summary": {
            "covered_lines": 0,
            "num_statements": 4,
            "percent_covered": 0.0,
            "percent_covered_display": "0",
            "missing_lines": 4,
            "excluded_lines": 0,
            "percent_statements_covered": 0.0,
            "percent_statements_covered_display": "0"
          },
          "missing_lines": [
            85,
            89,
            90,
            94
          ],
          "excluded_lines": [],
          "start_line": 77
        },
        "CacheFile._get_writable_cache_dir": {
          "executed_lines": [
            105,
            107,
            108,
            109
          ],
          "summary": {
            "covered_lines": 4,
            "num_statements": 16,
            "percent_covered": 25.0,
            "percent_covered_display": "25",
            "missing_lines": 12,
            "excluded_lines": 0,
            "percent_statements_covered": 25.0,
            "percent_statements_covered_display": "25"
          },
          "missing_lines": [
            111,
            112,
            113,
            114,
            115,
            118,
            120,
            121,
            123,
            124,
            125,
            127
          ],
          "excluded_lines": [],
          "start_line": 96
        },
        "CacheFile._get_cache_file_path": {
          "executed_lines": [
            137,
            140,
            151
          ],
          "summary": {
            "covered_lines": 3,
            "num_statements": 6,
            "percent_covered": 50.0,
            "percent_covered_display": "50",
            "missing_lines": 3,
            "excluded_lines": 0,
            "percent_statements_covered": 50.0,
            "percent_statements_covered_display": "50"
          },
          "missing_lines": [
            142,
            143,
            144
          ],
          "excluded_lines": [],
          "start_line": 129
        },
        "CacheFile._get_cache_lock_file_path": {
          "executed_lines": [
            161
          ],
          "summary": {
            "covered_lines": 1,
            "num_statements": 1,
            "percent_covered": 100.0,
            "percent_covered_display": "100",
            "missing_lines": 0,
            "excluded_lines": 0,
            "percent_statements_covered": 100.0,
            "percent_statements_covered_display": "100"
          },
          "missing_lines": [],
          "excluded_lines": [],
          "start_line": 153
        },
        "CacheFile._download_tlds_list": {
          "executed_lines": [],
          "summary": {
            "covered_lines": 0,
            "num_statements": 23,
            "percent_covered": 0.0,
            "percent_covered_display": "0",
            "missing_lines": 23,
            "excluded_lines": 0,
            "percent_statements_covered": 0.0,
            "percent_statements_covered_display": "0"
          },
          "missing_lines": [
            171,
            175,
            176,
            177,
            178,
            180,
            185,
            189,
            191,
            192,
            198,
            199,
            200,
            201,
            202,
            206,
            207,
            208,
            212,
            214,
            215,
            216,
            218
          ],
          "excluded_lines": [],
          "start_line": 163
        },
        "CacheFile._load_cached_tlds": {
          "executed_lines": [
            229,
            236,
            238,
            239,
            240,
            241,
            243,
            246,
            247,
            249,
            250,
            252
          ],
          "summary": {
            "covered_lines": 12,
            "num_statements": 15,
            "percent_covered": 80.0,
            "percent_covered_display": "80",
            "missing_lines": 3,
            "excluded_lines": 0,
            "percent_statements_covered": 80.0,
            "percent_statements_covered_display": "80"
          },
          "missing_lines": [
            230,
            234,
            244
          ],
          "excluded_lines": [],
          "start_line": 220
        },
        "CacheFile._get_last_cachefile_modification": {
          "executed_lines": [],
          "summary": {
            "covered_lines": 0,
            "num_statements": 5,
            "percent_covered": 0.0,
            "percent_covered_display": "0",
            "missing_lines": 5,
            "excluded_lines": 0,
            "percent_statements_covered": 0.0,
            "percent_statements_covered_display": "0"
          },