{
  "files": {
    "ash_model/viz/static.py": {
      "executed_lines": [
        1,
        2,
        3,
        5,
        8,
        21,
        22,
        23,
        24,
        25,
        26,
        28,
        29,
        30,
        31,
        32,
        34,
        42,
        44,
        45,
        46,
        57,
        72,
        73,
        75,
        77,
        78,
        80,
        85,
        88,
        100,
        101,
        102,
        103,
        105,
        106,
        107,
        108,
        109,
        111,
        116,
        117,
        127,
        139,
        140,
        141,
        142,
        143,
        144,
        146,
        147,
        148,
        149,
        150,
        152,
        158,
        160,
        161,
        162
      ],
      "summary": {
        "covered_lines": 59,
        "num_statements": 64,
        "percent_covered": 92.1875,
        "percent_covered_display": "92",
        "missing_lines": 5,
        "excluded_lines": 0,
        "percent_statements_covered": 92.1875,
        "percent_statements_covered_display": "92"
      },
      "missing_lines": [
        54,
        74,
        76,
        124,
        170
      ],
      "excluded_lines": [],
      "functions": {
        "plot_s_degrees": {
          "executed_lines": [
            21,
            22,
            23,
            24,
            25,
            26,
            28,
            29,
            30,
            31,
            32,
            34,
            42,
            44,
            45,
            46
          ],
          "summary": {
            "covered_lines": 16,
            "num_statements": 17,
            "percent_covered": 94.11764705882354,
            "percent_covered_display": "94",
            "missing_lines": 1,
            "excluded_lines": 0,
            "percent_statements_covered": 94.11764705882354,
            "percent_statements_covered_display": "94"
          },
          "missing_lines": [
            54
          ],
          "excluded_lines": [],
          "start_line": 8
        },
        "plot_hyperedge_size_distribution": {
          "executed_lines": [
            72,
            73,
            75,
            77,
            78,
            80,
            85
          ],
          "summary": {
            "covered_lines": 7,
            "num_statements": 9,
            "percent_covered": 77.77777777777777,
            "percent_covered_display": "78",
            "missing_lines": 2,
            "excluded_lines": 0,
            "percent_statements_covered": 77.77777777777777,
            "percent_statements_covered_display": "78"
          },
          "missing_lines": [
            74,
            76
          ],
          "excluded_lines": [],
          "start_line": 57
        },
        "plot_degree_distribution": {
          "executed_lines": [
            100,
            101,
            102,
            103,
            105,
            106,
            107,
            108,
            109,
            111,
            116,
            117
          ],
          "summary": {
            "covered_lines": 12,
            "num_statements": 13,
            "percent_covered": 92.3076923076923,
            "percent_covered_display": "92",
            "missing_lines": 1,
            "excluded_lines": 0,
            "percent_statements_covered": 92.3076923076923,
            "percent_statements_covered_display": "92"
          },
          "missing_lines": [
            124
          ],
          "excluded_lines": [],
          "start_line": 88
        },
        "plot_s_ranks": {
          "executed_lines": [
            139,
            140,
            141,
            142,
            143,
            144,
            146,
            147,
            148,
            149,
            150,
            152,
            158,
            160,
            161,
            162
          ],
          "summary": {
            "covered_lines": 16,
            "num_statements": 17,
            "percent_covered": 94.11764705882354,
            "percent_covered_display": "94",
            "missing_lines": 1,
            "excluded_lines": 0,
            "percent_statements_covered": 94.11764705882354,
            "percent_statements_covered_display": "94"
          },
          "missing_lines": [
            170
          ],
          "excluded_lines": [],
          "start_line": 127
        },
        "": {
          "executed_lines": [
            1,
            2,
            3,
            5,
            8,
            57,
            88,
            127
          ],
          "summary": {
            "covered_lines": 8,
            "num_statements": 8,
            "percent_covered": 100.0,
            "percent_covered_display": "100",
            "missing_lines": 0,
            "excluded_lines": 0,
            "percent_statements_covered": 100.0,
            "percent_statements_covered_display": "100"
          },
          "missing_lines": [],
          "excluded_lines": [],
          "start_line": 1
        }
      },
      "classes": {
        "": {
          "executed_lines": [
            1,
            2,
            3,
            5,
            8,
            21,
            22,
            23,
            24,
            25,
            26,
            28,
            29,
            30,
            31,
            32,
            34,
            42,
            44,
            45,
            46,
            57,
            72,
            73,
            75,
            77,
            78,
            80,
            85,
            88,
            100,
            101,
            102,
            103,
            105,
            106,
            107,
            108,
            109,
            111,
            116,
            117,
            127,
            139,
            140,
            141,
            142,
            143,
            144,
            146,
            147,
            148,
            149,
            150,
            152,
            158,
            160,
            161,
            162
          ],
          "summary": {
            "covered_lines": 59,
            "num_statements": 64,
            "percent_covered": 92.1875,
            "percent_covered_display": "92",
            "missing_lines": 5,
            "excluded_lines": 0,
            "percent_statements_covered": 92.1875,
            "percent_statements_covered_display": "92"
          },
          "missing_lines": [
            54,
            74,
            76,
            124,
            170
          ],
          "excluded_lines": [],
          "start_line": 1
        }
      }
    },
    "ash_model/viz/temporal.py": {
      "executed_lines": [
        1,
        2,
        3,
        4,
        6,
        14,
        25,
        28,
        29,
        31,
        36,
        41,
        44,
        46,
        51,
        53,
        70,
        71,
        73,
        74,
        76,
        78,
        79,
        80,
        84,
        86,
        88,
        91,
        97,
        99,
        109,
        110,
        112,
        113,
        114,
        115,
        117
      ],
      "summary": {
        "covered_lines": 37,
        "num_statements": 45,
        "percent_covered": 82.22222222222223,
        "percent_covered_display": "82",
        "missing_lines": 8,
        "excluded_lines": 0,
        "percent_statements_covered": 82.22222222222223,
        "percent_statements_covered_display": "82"
      },
      "missing_lines": [
        12,
        26,
        32,
        42,
        81,
        82,
        89,
        128
      ],
      "excluded_lines": [],
      "functions": {
        "__rolling_mean": {
          "executed_lines": [],
          "summary": {
            "covered_lines": 0,
            "num_statements": 1,
            "percent_covered": 0.0,
            "percent_covered_display": "0",