{
  "files": {
    "srpenergy/client.py": {
      "executed_lines": [
        7,
        8,
        9,
        10,
        12,
        13,
        15,
        18,
        24,
        30,
        49,
        50,
        52,
        53,
        54,
        55,
        59,
        60,
        62,
        63,
        67,
        70,
        71,
        72,
        75,
        78,
        79,
        81,
        83,
        86,
        87,
        88,
        90,
        94,
        95,
        96,
        102,
        104,
        105,
        107,
        108,
        109,
        111,
        113,
        116,
        139,
        142,
        143,
        145,
        146,
        148,
        149,
        151,
        152,
        154,
        155,
        157,
        158,
        160,
        161,
        167,
        209
      ],
      "summary": {
        "covered_lines": 62,
        "num_statements": 133,
        "percent_covered": 46.61654135338346,
        "percent_covered_display": "47",
        "missing_lines": 71,
        "excluded_lines": 1,
        "percent_statements_covered": 46.61654135338346,
        "percent_statements_covered_display": "47"
      },
      "missing_lines": [
        20,
        21,
        26,
        27,
        163,
        164,
        165,
        190,
        191,
        192,
        193,
        194,
        195,
        196,
        197,
        199,
        200,
        202,
        204,
        206,
        207,
        258,
        259,
        261,
        262,
        265,
        266,
        269,
        270,
        272,
        274,
        275,
        277,
        278,
        279,
        280,
        281,
        282,
        283,
        285,
        286,
        288,
        290,
        291,
        292,
        293,
        294,
        295,
        296,
        298,
        299,
        300,
        302,
        303,
        305,
        306,
        308,
        315,
        316,
        318,
        326,
        328,
        330,
        331,
        333,
        335,
        337,
        344,
        346,
        348,
        349
      ],
      "excluded_lines": [
        210
      ],
      "functions": {
        "get_pretty_date": {
          "executed_lines": [],
          "summary": {
            "covered_lines": 0,
            "num_statements": 2,
            "percent_covered": 0.0,
            "percent_covered_display": "0",
            "missing_lines": 2,
            "excluded_lines": 0,
            "percent_statements_covered": 0.0,
            "percent_statements_covered_display": "0"
          },
          "missing_lines": [
            20,
            21
          ],
          "excluded_lines": [],
          "start_line": 18
        },
        "get_pretty_time": {
          "executed_lines": [],
          "summary": {
            "covered_lines": 0,
            "num_statements": 2,
            "percent_covered": 0.0,
            "percent_covered_display": "0",
            "missing_lines": 2,
            "excluded_lines": 0,
            "percent_statements_covered": 0.0,
            "percent_statements_covered_display": "0"
          },
          "missing_lines": [
            26,
            27
          ],
          "excluded_lines": [],
          "start_line": 24
        },
        "get_rate": {
          "executed_lines": [
            49,
            50,
            52,
            53,
            54,
            55,
            59,
            60,
            62,
            63,
            67,
            70,
            71,
            72,
            75,
            78,
            79,
            81,
            83,
            86,
            87,
            88,
            90,
            94,
            95,
            96,
            102,
            104,
            105,
            107,
            108,
            109,
            111,
            113
          ],
          "summary": {
            "covered_lines": 34,
            "num_statements": 34,
            "percent_covered": 100.0,
            "percent_covered_display": "100",
            "missing_lines": 0,
            "excluded_lines": 0,
            "percent_statements_covered": 100.0,
            "percent_statements_covered_display": "100"
          },
          "missing_lines": [],
          "excluded_lines": [],
          "start_line": 30
        },
        "SrpEnergyClient.__init__": {
          "executed_lines": [
            142,
            143,
            145,
            146,
            148,
            149,
            151,
            152,
            154,
            155,
            157,
            158,
            160,
            161
          ],
          "summary": {
            "covered_lines": 14,
            "num_statements": 17,
            "percent_covered": 82.3529411764706,
            "percent_covered_display": "82",
            "missing_lines": 3,
            "excluded_lines": 0,
            "percent_statements_covered": 82.3529411764706,
            "percent_statements_covered_display": "82"
          },
          "missing_lines": [
            163,
            164,
            165
          ],
          "excluded_lines": [],
          "start_line": 139
        },
        "SrpEnergyClient.validate": {
          "executed_lines": [],
          "summary": {
            "covered_lines": 0,
            "num_statements": 14,
            "percent_covered": 0.0,
            "percent_covered_display": "0",
            "missing_lines": 14,
            "excluded_lines": 0,
            "percent_statements_covered": 0.0,
            "percent_statements_covered_display": "0"
          },
          "missing_lines": [
            190,
            191,
            192,
            193,
            194,
            195,
            196,
            197,
            199,
            200,
            202,
            204,
            206,
            207
          ],
          "excluded_lines": [],
          "start_line": 167
        },
        "SrpEnergyClient.usage": {
          "executed_lines": [],
          "summary": {
            "covered_lines": 0,
            "num_statements": 50,
            "percent_covered": 0.0,
            "percent_covered_display": "0",
            "missing_lines": 50,
            "excluded_lines": 1,
            "percent_statements_covered": 0.0,
            "percent_statements_covered_display": "0"
          },
          "missing_lines": [
            258,
            259,
            261,
            262,
            265,
            266,
            269,
            270,
            272,
            274,
            275,
            277,
            278,
            279,
            280,
            281,
            282,
            283,
            285,
            286,
            288,
            290,
            291,
            292,
            293,
            294,
            295,
            296,
            298,
            299,
            300,
            302,
            303,
            305,
            306,
            308,
            315,
            316,
            318,
            326,
            328,
            330,
            331,
            333,
            335,
            337,
            344,
            346,
            348,
            349
          ],
          "excluded_lines": [
            210
          ],
          "start_line": 209
        },
        "": {
          "executed_lines": [
            7,
            8,
            9,
            10,
            12,
            13,
            15,
            18,
            24,
            30,
            116,
            139,
            167,
            209
          ],
          "summary": {
            "covered_lines": 14,
            "num_statements": 14,
            "percent_covered": 100.0,
            "percent_covered_display": "100",
            "missing_lines": 0,
            "excluded_lines": 0,
            "percent_statements_covered": 100.0,