{
  "files": {
    "git_pw/utils.py": {
      "executed_lines": [
        1,
        5,
        6,
        7,
        8,
        9,
        10,
        11,
        13,
        14,
        15,
        17,
        20,
        21,
        23,
        24,
        28,
        31,
        33,
        36,
        42,
        44,
        45,
        47,
        48,
        49,
        50,
        52,
        55,
        76,
        81,
        83,
        84,
        85,
        86,
        87,
        88,
        89,
        91,
        100,
        109,
        110,
        114,
        120,
        146,
        160,
        162,
        163,
        164,
        165,
        167,
        168,
        169,
        170,
        172,
        173,
        174,
        175,
        177,
        180,
        185,
        188,
        194,
        195,
        201,
        210,
        218,
        220,
        223,
        226,
        227,
        233,
        240,
        242,
        245,
        251,
        252,
        264,
        265,
        275,
        277,
        278,
        280
      ],
      "summary": {
        "covered_lines": 82,
        "num_statements": 129,
        "percent_covered": 63.565891472868216,
        "percent_covered_display": "64",
        "missing_lines": 47,
        "excluded_lines": 0
      },
      "missing_lines": [
        22,
        25,
        26,
        57,
        58,
        59,
        61,
        62,
        64,
        65,
        67,
        68,
        69,
        70,
        71,
        73,
        92,
        93,
        94,
        95,
        96,
        97,
        98,
        101,
        102,
        105,
        106,
        107,
        108,
        116,
        117,
        121,
        124,
        125,
        127,
        129,
        130,
        131,
        132,
        134,
        135,
        137,
        138,
        139,
        140,
        141,
        143
      ],
      "excluded_lines": [],
      "functions": {
        "ensure_str": {
          "executed_lines": [
            21,
            23,
            24,
            28
          ],
          "summary": {
            "covered_lines": 4,
            "num_statements": 7,
            "percent_covered": 57.142857142857146,
            "percent_covered_display": "57",
            "missing_lines": 3,
            "excluded_lines": 0
          },
          "missing_lines": [
            22,
            25,
            26
          ],
          "excluded_lines": []
        },
        "trim": {
          "executed_lines": [
            33
          ],
          "summary": {
            "covered_lines": 1,
            "num_statements": 1,
            "percent_covered": 100.0,
            "percent_covered_display": "100",
            "missing_lines": 0,
            "excluded_lines": 0
          },
          "missing_lines": [],
          "excluded_lines": []
        },
        "git_config": {
          "executed_lines": [
            42,
            44,
            45,
            47,
            48,
            49,
            50,
            52
          ],
          "summary": {
            "covered_lines": 8,
            "num_statements": 8,
            "percent_covered": 100.0,
            "percent_covered_display": "100",
            "missing_lines": 0,
            "excluded_lines": 0
          },
          "missing_lines": [],
          "excluded_lines": []
        },
        "git_am": {
          "executed_lines": [],
          "summary": {
            "covered_lines": 0,
            "num_statements": 13,
            "percent_covered": 0.0,
            "percent_covered_display": "0",
            "missing_lines": 13,
            "excluded_lines": 0
          },
          "missing_lines": [
            57,
            58,
            59,
            61,
            62,
            64,
            65,
            67,
            68,
            69,
            70,
            71,
            73
          ],
          "excluded_lines": []
        },
        "_tabulate": {
          "executed_lines": [
            81,
            83,
            84,
            85,
            86,
            87,
            88,
            89,
            91,
            100,
            109,
            110,
            114
          ],
          "summary": {
            "covered_lines": 13,
            "num_statements": 28,
            "percent_covered": 46.42857142857143,
            "percent_covered_display": "46",
            "missing_lines": 15,
            "excluded_lines": 0
          },
          "missing_lines": [
            92,
            93,
            94,
            95,
            96,
            97,
            98,
            101,
            102,
            105,
            106,
            107,
            108,
            116,
            117
          ],
          "excluded_lines": []
        },
        "_echo_via_pager": {
          "executed_lines": [],
          "summary": {
            "covered_lines": 0,
            "num_statements": 16,
            "percent_covered": 0.0,
            "percent_covered_display": "0",
            "missing_lines": 16,
            "excluded_lines": 0
          },
          "missing_lines": [
            121,
            124,
            125,
            127,
            129,
            130,
            131,
            132,
            134,
            135,
            137,
            138,
            139,
            140,
            141,
            143
          ],
          "excluded_lines": []
        },
        "echo_via_pager": {
          "executed_lines": [
            160,
            162,
            163,
            164,
            165,
            167,
            168,
            169,
            170,
            172,
            173,
            174,
            175,
            177
          ],
          "summary": {
            "covered_lines": 14,
            "num_statements": 14,
            "percent_covered": 100.0,
            "percent_covered_display": "100",
            "missing_lines": 0,
            "excluded_lines": 0
          },
          "missing_lines": [],
          "excluded_lines": []
        },
        "echo": {
          "executed_lines": [
            185
          ],
          "summary": {
            "covered_lines": 1,
            "num_statements": 1,
            "percent_covered": 100.0,
            "percent_covered_display": "100",
            "missing_lines": 0,
            "excluded_lines": 0
          },
          "missing_lines": [],
          "excluded_lines": []
        },
        "pagination_options": {
          "executed_lines": [
            194,
            220
          ],
          "summary": {
            "covered_lines": 2,
            "num_statements": 2,
            "percent_covered": 100.0,
            "percent_covered_display": "100",
            "missing_lines": 0,
            "excluded_lines": 0
          },
          "missing_lines": [],
          "excluded_lines": []
        },
        "pagination_options._pagination_options": {
          "executed_lines": [
            195,
            201,
            210,
            218
          ],
          "summary": {
            "covered_lines": 4,
            "num_statements": 4,
            "percent_covered": 100.0,
            "percent_covered_display": "100",
            "missing_lines": 0,
            "excluded_lines": 0
          },
          "missing_lines": [],
          "excluded_lines": []
        },