{
  "files": {
    "stale_repos.py": {
      "executed_lines": [
        3,
        4,
        5,
        6,
        7,
        9,
        10,
        11,
        66,
        77,
        80,
        81,
        82,
        83,
        86,
        87,
        88,
        89,
        90,
        94,
        97,
        114,
        115,
        116,
        118,
        120,
        155,
        164,
        165,
        166,
        171,
        180,
        181,
        182,
        187,
        196,
        222,
        236,
        239,
        240,
        241,
        245,
        249,
        250,
        251,
        252,
        253,
        254,
        255,
        256,
        257,
        258,
        259,
        260,
        261,
        262,
        268,
        269,
        270,
        271,
        272,
        273,
        274,
        277,
        300,
        301,
        302,
        308,
        310,
        312,
        313,
        317,
        321,
        322,
        324,
        326,
        329,
        338,
        347,
        349,
        373,
        421
      ],
      "summary": {
        "covered_lines": 82,
        "num_statements": 166,
        "percent_covered": 49.397590361445786,
        "percent_covered_display": "49",
        "missing_lines": 84,
        "excluded_lines": 50,
        "percent_statements_covered": 49.397590361445786,
        "percent_statements_covered_display": "49"
      },
      "missing_lines": [
        121,
        122,
        124,
        125,
        126,
        128,
        130,
        131,
        132,
        133,
        136,
        137,
        138,
        140,
        141,
        142,
        143,
        144,
        147,
        148,
        149,
        151,
        152,
        167,
        168,
        183,
        184,
        197,
        198,
        199,
        200,
        201,
        202,
        203,
        204,
        205,
        207,
        213,
        214,
        218,
        219,
        309,
        311,
        318,
        319,
        339,
        340,
        341,
        342,
        343,
        344,
        350,
        351,
        352,
        353,
        355,
        356,
        357,
        360,
        361,
        362,
        363,
        364,
        366,
        368,
        369,
        370,
        390,
        397,
        398,
        399,
        400,
        401,
        402,
        403,
        404,
        408,
        409,
        410,
        411,
        412,
        417,
        418,
        422
      ],
      "excluded_lines": [
        14,
        15,
        16,
        17,
        18,
        19,
        20,
        21,
        22,
        23,
        24,
        25,
        26,
        27,
        28,
        29,
        30,
        31,
        32,
        33,
        34,
        35,
        36,
        37,
        38,
        39,
        40,
        41,
        42,
        43,
        44,
        45,
        46,
        47,
        48,
        49,
        50,
        51,
        52,
        53,
        54,
        55,
        56,
        57,
        58,
        59,
        60,
        61,
        62,
        63
      ],
      "functions": {
        "main": {
          "executed_lines": [],
          "summary": {
            "covered_lines": 0,
            "num_statements": 0,
            "percent_covered": 100.0,
            "percent_covered_display": "100",
            "missing_lines": 0,
            "excluded_lines": 49,
            "percent_statements_covered": 100.0,
            "percent_statements_covered_display": "100"
          },
          "missing_lines": [],
          "excluded_lines": [
            15,
            16,
            17,
            18,
            19,
            20,
            21,
            22,
            23,
            24,
            25,
            26,
            27,
            28,
            29,
            30,
            31,
            32,
            33,
            34,
            35,
            36,
            37,
            38,
            39,
            40,
            41,
            42,
            43,
            44,
            45,
            46,
            47,
            48,
            49,
            50,
            51,
            52,
            53,
            54,
            55,
            56,
            57,
            58,
            59,
            60,
            61,
            62,
            63
          ],
          "start_line": 14
        },
        "is_repo_exempt": {
          "executed_lines": [
            77,
            80,
            81,
            82,
            83,
            86,
            87,
            88,
            89,
            90,
            94
          ],
          "summary": {
            "covered_lines": 11,
            "num_statements": 11,
            "percent_covered": 100.0,
            "percent_covered_display": "100",
            "missing_lines": 0,
            "excluded_lines": 0,
            "percent_statements_covered": 100.0,
            "percent_statements_covered_display": "100"
          },
          "missing_lines": [],
          "excluded_lines": [],
          "start_line": 66
        },
        "get_inactive_repos": {
          "executed_lines": [
            114,
            115,
            116,
            118,
            120
          ],
          "summary": {
            "covered_lines": 5,
            "num_statements": 28,
            "percent_covered": 17.857142857142858,
            "percent_covered_display": "18",
            "missing_lines": 23,
            "excluded_lines": 0,
            "percent_statements_covered": 17.857142857142858,
            "percent_statements_covered_display": "18"
          },
          "missing_lines": [
            121,
            122,
            124,
            125,
            126,
            128,
            130,
            131,
            132,
            133,
            136,
            137,
            138,
            140,
            141,
            142,
            143,
            144,
            147,
            148,
            149,
            151,
            152
          ],
          "excluded_lines": [],
          "start_line": 97
        },
        "get_days_since_last_release": {
          "executed_lines": [
            164,
            165,
            166
          ],
          "summary": {
            "covered_lines": 3,
            "num_statements": 5,
            "percent_covered": 60.0,
            "percent_covered_display": "60",
            "missing_lines": 2,
            "excluded_lines": 0,
            "percent_statements_covered": 60.0,
            "percent_statements_covered_display": "60"
          },
          "missing_lines": [
            167,
            168
          ],
          "excluded_lines": [],
          "start_line": 155
        },
        "get_days_since_last_pr": {
          "executed_lines": [
            180,
            181,
            182
          ],
          "summary": {
            "covered_lines": 3,
            "num_statements": 5,
            "percent_covered": 60.0,
            "percent_covered_display": "60",
            "missing_lines": 2,
            "excluded_lines": 0,
            "percent_statements_covered": 60.0,
            "percent_statements_covered_display": "60"
          },
          "missing_lines": [
            183,
            184
          ],
          "excluded_lines": [],
          "start_line": 171
        },
        "get_active_date": {
          "executed_lines": [
            196
          ],
          "summary": {
            "covered_lines": 1,
            "num_statements": 15,
            "percent_covered": 6.666666666666667,
            "percent_covered_display": "7",
            "missing_lines": 14,
            "excluded_lines": 0,
            "percent_statements_covered": 6.666666666666667,