{
  "files": {
    "pmClient/apiService.py": {
      "executed_lines": [
        1,
        2,
        3,
        4,
        6,
        7,
        8,
        10,
        12,
        13,
        14,
        15,
        16,
        17,
        18,
        19,
        20,
        21,
        22,
        23,
        24,
        25,
        26,
        27,
        28,
        30,
        31,
        32,
        34,
        36,
        38,
        40,
        41,
        42,
        43,
        44,
        45,
        46,
        47,
        48,
        49,
        50,
        51,
        53,
        57,
        58,
        59,
        60,
        61,
        63,
        65,
        68
      ],
      "summary": {
        "covered_lines": 52,
        "num_statements": 55,
        "percent_covered": 92.13483146067416,
        "percent_covered_display": "92",
        "missing_lines": 3,
        "excluded_lines": 0,
        "percent_statements_covered": 94.54545454545455,
        "percent_statements_covered_display": "95",
        "num_branches": 34,
        "num_partial_branches": 4,
        "covered_branches": 30,
        "missing_branches": 4,
        "percent_branches_covered": 88.23529411764706,
        "percent_branches_covered_display": "88"
      },
      "missing_lines": [
        62,
        64,
        66
      ],
      "excluded_lines": [],
      "executed_branches": [
        [
          14,
          15
        ],
        [
          14,
          16
        ],
        [
          18,
          19
        ],
        [
          18,
          31
        ],
        [
          19,
          20
        ],
        [
          19,
          21
        ],
        [
          21,
          22
        ],
        [
          21,
          23
        ],
        [
          23,
          24
        ],
        [
          23,
          25
        ],
        [
          25,
          26
        ],
        [
          25,
          27
        ],
        [
          27,
          28
        ],
        [
          27,
          30
        ],
        [
          31,
          32
        ],
        [
          31,
          34
        ],
        [
          40,
          41
        ],
        [
          40,
          42
        ],
        [
          43,
          44
        ],
        [
          43,
          45
        ],
        [
          45,
          46
        ],
        [
          45,
          47
        ],
        [
          47,
          48
        ],
        [
          47,
          49
        ],
        [
          49,
          50
        ],
        [
          59,
          60
        ],
        [
          59,
          61
        ],
        [
          61,
          63
        ],
        [
          63,
          65
        ],
        [
          65,
          68
        ]
      ],
      "missing_branches": [
        [
          49,
          51
        ],
        [
          61,
          62
        ],
        [
          63,
          64
        ],
        [
          65,
          66
        ]
      ],
      "functions": {
        "ApiService.__init__": {
          "executed_lines": [
            8
          ],
          "summary": {
            "covered_lines": 1,
            "num_statements": 1,
            "percent_covered": 100.0,
            "percent_covered_display": "100",
            "missing_lines": 0,
            "excluded_lines": 0,
            "percent_statements_covered": 100.0,
            "percent_statements_covered_display": "100",
            "num_branches": 0,
            "num_partial_branches": 0,
            "covered_branches": 0,
            "missing_branches": 0,
            "percent_branches_covered": 100.0,
            "percent_branches_covered_display": "100"
          },
          "missing_lines": [],
          "excluded_lines": [],
          "start_line": 7,
          "executed_branches": [],
          "missing_branches": []
        },
        "ApiService.api_call_helper": {
          "executed_lines": [
            12,
            13,
            14,
            15,
            16,
            17,
            18,
            19,
            20,
            21,
            22,
            23,
            24,
            25,
            26,
            27,
            28,
            30,
            31,
            32,
            34
          ],
          "summary": {
            "covered_lines": 21,
            "num_statements": 21,
            "percent_covered": 100.0,
            "percent_covered_display": "100",
            "missing_lines": 0,
            "excluded_lines": 0,
            "percent_statements_covered": 100.0,
            "percent_statements_covered_display": "100",
            "num_branches": 16,
            "num_partial_branches": 0,
            "covered_branches": 16,
            "missing_branches": 0,
            "percent_branches_covered": 100.0,
            "percent_branches_covered_display": "100"
          },
          "missing_lines": [],
          "excluded_lines": [],
          "start_line": 10,
          "executed_branches": [
            [
              14,
              15
            ],
            [
              14,
              16
            ],
            [
              18,
              19
            ],
            [
              18,
              31
            ],
            [
              19,
              20
            ],
            [
              19,
              21
            ],
            [
              21,
              22
            ],
            [
              21,
              23
            ],
            [
              23,
              24
            ],
            [
              23,
              25
            ],
            [
              25,
              26
            ],
            [
              25,
              27
            ],
            [
              27,
              28
            ],
            [
              27,
              30
            ],
            [
              31,
              32
            ],
            [
              31,
              34
            ]
          ],
          "missing_branches": []
        },
        "ApiService._api_call": {
          "executed_lines": [
            38,
            40,
            41,
            42,
            43,
            44,
            45,
            46,
            47,
            48,
            49,
            50,
            51
          ],
          "summary": {
            "covered_lines": 13,
            "num_statements": 13,
            "percent_covered": 95.65217391304348,
            "percent_covered_display": "96",
            "missing_lines": 0,
            "excluded_lines": 0,
            "percent_statements_covered": 100.0,
            "percent_statements_covered_display": "100",
            "num_branches": 10,
            "num_partial_branches": 1,
            "covered_branches": 9,
            "missing_branches": 1,
            "percent_branches_covered": 90.0,
            "percent_branches_covered_display": "90"
          },
          "missing_lines": [],
          "excluded_lines": [],
          "start_line": 36,
          "executed_branches": [
            [
              40,
              41
            ],
            [
              40,
              42
            ],
            [
              43,
              44
            ],
            [
              43,
              45
            ],
            [
              45,
              46
            ],
            [
              45,
              47
            ],
            [
              47,
              48
            ],
            [
              47,
              49
            ],
            [
              49,
              50
            ]
          ],
          "missing_branches": [
            [
              49,
              51
            ]
          ]
        },