{
  "files": {
    "consensus_decentralization/plot.py": {
      "executed_lines": [
        1,
        2,
        3,
        4,
        5,
        6,
        7,
        10,
        35,
        55,
        75,
        95,
        172,
        206
      ],
      "summary": {
        "covered_lines": 14,
        "num_statements": 109,
        "percent_covered": 12.844036697247706,
        "percent_covered_display": "13",
        "missing_lines": 95,
        "excluded_lines": 13,
        "percent_statements_covered": 12.844036697247706,
        "percent_statements_covered_display": "13"
      },
      "missing_lines": [
        11,
        12,
        13,
        14,
        17,
        18,
        21,
        31,
        32,
        36,
        37,
        38,
        39,
        41,
        51,
        52,
        56,
        57,
        58,
        59,
        60,
        62,
        71,
        72,
        76,
        77,
        78,
        79,
        80,
        82,
        91,
        92,
        96,
        97,
        98,
        99,
        100,
        102,
        106,
        107,
        108,
        109,
        111,
        112,
        113,
        114,
        116,
        117,
        118,
        119,
        120,
        121,
        122,
        123,
        124,
        126,
        128,
        129,
        130,
        131,
        132,
        134,
        135,
        136,
        137,
        138,
        144,
        145,
        146,
        147,
        148,
        150,
        151,
        161,
        173,
        174,
        175,
        176,
        177,
        178,
        179,
        180,
        181,
        182,
        183,
        184,
        185,
        186,
        195,
        207,
        208,
        209,
        210,
        211,
        212
      ],
      "excluded_lines": [
        215,
        216,
        217,
        219,
        220,
        221,
        223,
        225,
        233,
        241,
        248,
        253,
        254
      ],
      "functions": {
        "plot_animated_lines": {
          "executed_lines": [],
          "summary": {
            "covered_lines": 0,
            "num_statements": 9,
            "percent_covered": 0.0,
            "percent_covered_display": "0",
            "missing_lines": 9,
            "excluded_lines": 0,
            "percent_statements_covered": 0.0,
            "percent_statements_covered_display": "0"
          },
          "missing_lines": [
            11,
            12,
            13,
            14,
            17,
            18,
            21,
            31,
            32
          ],
          "excluded_lines": [],
          "start_line": 10
        },
        "plot_lines": {
          "executed_lines": [],
          "summary": {
            "covered_lines": 0,
            "num_statements": 7,
            "percent_covered": 0.0,
            "percent_covered_display": "0",
            "missing_lines": 7,
            "excluded_lines": 0,
            "percent_statements_covered": 0.0,
            "percent_statements_covered_display": "0"
          },
          "missing_lines": [
            36,
            37,
            38,
            39,
            41,
            51,
            52
          ],
          "excluded_lines": [],
          "start_line": 35
        },
        "plot_stack_area_chart": {
          "executed_lines": [],
          "summary": {
            "covered_lines": 0,
            "num_statements": 8,
            "percent_covered": 0.0,
            "percent_covered_display": "0",
            "missing_lines": 8,
            "excluded_lines": 0,
            "percent_statements_covered": 0.0,
            "percent_statements_covered_display": "0"
          },
          "missing_lines": [
            56,
            57,
            58,
            59,
            60,
            62,
            71,
            72
          ],
          "excluded_lines": [],
          "start_line": 55
        },
        "plot_animated_stack_area_chart": {
          "executed_lines": [],
          "summary": {
            "covered_lines": 0,
            "num_statements": 8,
            "percent_covered": 0.0,
            "percent_covered_display": "0",
            "missing_lines": 8,
            "excluded_lines": 0,
            "percent_statements_covered": 0.0,
            "percent_statements_covered_display": "0"
          },
          "missing_lines": [
            76,
            77,
            78,
            79,
            80,
            82,
            91,
            92
          ],
          "excluded_lines": [],
          "start_line": 75
        },
        "plot_dynamics_per_ledger": {
          "executed_lines": [],
          "summary": {
            "covered_lines": 0,
            "num_statements": 42,
            "percent_covered": 0.0,
            "percent_covered_display": "0",
            "missing_lines": 42,
            "excluded_lines": 0,
            "percent_statements_covered": 0.0,
            "percent_statements_covered_display": "0"
          },
          "missing_lines": [
            96,
            97,
            98,
            99,
            100,
            102,
            106,
            107,
            108,
            109,
            111,
            112,
            113,
            114,
            116,
            117,
            118,
            119,
            120,
            121,
            122,
            123,
            124,
            126,
            128,
            129,
            130,
            131,
            132,
            134,
            135,
            136,
            137,
            138,
            144,
            145,
            146,
            147,
            148,
            150,
            151,
            161
          ],
          "excluded_lines": [],
          "start_line": 95
        },
        "plot_comparative_metrics": {
          "executed_lines": [],
          "summary": {
            "covered_lines": 0,
            "num_statements": 15,
            "percent_covered": 0.0,
            "percent_covered_display": "0",
            "missing_lines": 15,
            "excluded_lines": 0,
            "percent_statements_covered": 0.0,
            "percent_statements_covered_display": "0"
          },
          "missing_lines": [
            173,
            174,
            175,
            176,
            177,
            178,
            179,
            180,
            181,
            182,
            183,
            184,
            185,
            186,
            195
          ],
          "excluded_lines": [],
          "start_line": 172
        },
        "plot": {
          "executed_lines": [],
          "summary": {
            "covered_lines": 0,
            "num_statements": 6,
            "percent_covered": 0.0,
            "percent_covered_display": "0",
            "missing_lines": 6,
            "excluded_lines": 0,
            "percent_statements_covered": 0.0,
            "percent_statements_covered_display": "0"
          },
          "missing_lines": [
            207,
            208,
            209,
            210,
            211,
            212
          ],
          "excluded_lines": [],
          "start_line": 206
        },
        "": {
          "executed_lines": [
            1,
            2,
            3,
            4,
            5,
            6,
            7,
            10,
            35,
            55,
            75,
            95,
            172,
            206
          ],
          "summary": {
            "covered_lines": 14,
            "num_statements": 14,
            "percent_covered": 100.0,
            "percent_covered_display": "100",
            "missing_lines": 0,
            "excluded_lines": 13,
            "percent_statements_covered": 100.0,
            "percent_statements_covered_display": "100"
          },
          "missing_lines": [],