{
  "files": {
    "bpemb/util.py": {
      "executed_lines": [
        1,
        2,
        5,
        7,
        8,
        9,
        10,
        14,
        15,
        16,
        17,
        21,
        22,
        23,
        25,
        26,
        27,
        28,
        29,
        30,
        39,
        40,
        41,
        42,
        43,
        44,
        45,
        46,
        47,
        48,
        52,
        53,
        54,
        55,
        56,
        58,
        60,
        61,
        62,
        63,
        64,
        65,
        66,
        67,
        69,
        70,
        71,
        72,
        73,
        74,
        77,
        78,
        79,
        82,
        84,
        85,
        86,
        87,
        88,
        89,
        90,
        93,
        96,
        97,
        98,
        99,
        100,
        101,
        102
      ],
      "summary": {
        "covered_lines": 69,
        "num_statements": 73,
        "percent_covered": 94.52054794520548,
        "percent_covered_display": "95",
        "missing_lines": 4,
        "excluded_lines": 0
      },
      "missing_lines": [
        36,
        37,
        68,
        92
      ],
      "excluded_lines": [],
      "functions": {
        "sentencepiece_load": {
          "executed_lines": [
            7,
            8,
            9,
            10
          ],
          "summary": {
            "covered_lines": 4,
            "num_statements": 4,
            "percent_covered": 100.0,
            "percent_covered_display": "100",
            "missing_lines": 0,
            "excluded_lines": 0
          },
          "missing_lines": [],
          "excluded_lines": []
        },
        "http_get_temp": {
          "executed_lines": [
            15,
            16,
            17,
            21,
            22,
            23,
            25,
            26,
            27,
            28,
            29,
            30,
            39,
            40,
            41,
            42,
            43,
            44,
            45,
            46,
            47,
            48
          ],
          "summary": {
            "covered_lines": 22,
            "num_statements": 24,
            "percent_covered": 91.66666666666667,
            "percent_covered_display": "92",
            "missing_lines": 2,
            "excluded_lines": 0
          },
          "missing_lines": [
            36,
            37
          ],
          "excluded_lines": []
        },
        "http_get": {
          "executed_lines": [
            53,
            54,
            55,
            56,
            58,
            60,
            61,
            62,
            63,
            64,
            65,
            66,
            67,
            69,
            70,
            71,
            72,
            73,
            74,
            77,
            78,
            79
          ],
          "summary": {
            "covered_lines": 22,
            "num_statements": 23,
            "percent_covered": 95.65217391304348,
            "percent_covered_display": "96",
            "missing_lines": 1,
            "excluded_lines": 0
          },
          "missing_lines": [
            68
          ],
          "excluded_lines": []
        },
        "load_word2vec_file": {
          "executed_lines": [
            84,
            85,
            86,
            87,
            88,
            89,
            90,
            93
          ],
          "summary": {
            "covered_lines": 8,
            "num_statements": 9,
            "percent_covered": 88.88888888888889,
            "percent_covered_display": "89",
            "missing_lines": 1,
            "excluded_lines": 0
          },
          "missing_lines": [
            92
          ],
          "excluded_lines": []
        },
        "add_embeddings": {
          "executed_lines": [
            97,
            98,
            99,
            100,
            101,
            102
          ],
          "summary": {
            "covered_lines": 6,
            "num_statements": 6,
            "percent_covered": 100.0,
            "percent_covered_display": "100",
            "missing_lines": 0,
            "excluded_lines": 0
          },
          "missing_lines": [],
          "excluded_lines": []
        },
        "": {
          "executed_lines": [
            1,
            2,
            5,
            14,
            52,
            82,
            96
          ],
          "summary": {
            "covered_lines": 7,
            "num_statements": 7,
            "percent_covered": 100.0,
            "percent_covered_display": "100",
            "missing_lines": 0,
            "excluded_lines": 0
          },
          "missing_lines": [],
          "excluded_lines": []
        }
      },
      "classes": {
        "": {
          "executed_lines": [
            1,
            2,
            5,
            7,
            8,
            9,
            10,
            14,
            15,
            16,
            17,
            21,
            22,
            23,
            25,
            26,
            27,
            28,
            29,
            30,
            39,
            40,
            41,
            42,
            43,
            44,
            45,
            46,
            47,
            48,
            52,
            53,
            54,
            55,
            56,
            58,
            60,
            61,
            62,
            63,
            64,
            65,
            66,
            67,
            69,
            70,
            71,
            72,
            73,
            74,
            77,
            78,
            79,
            82,
            84,
            85,
            86,
            87,
            88,
            89,
            90,
            93,
            96,
            97,
            98,
            99,
            100,
            101,
            102
          ],
          "summary": {
            "covered_lines": 69,
            "num_statements": 73,
            "percent_covered": 94.52054794520548,
            "percent_covered_display": "95",
            "missing_lines": 4,
            "excluded_lines": 0
          },
          "missing_lines": [
            36,
            37,
            68,
            92
          ],
          "excluded_lines": []
        }
      }
    }
  },
  "meta": {
    "format": 3,
    "version": "7.8.0",
    "branch_coverage": false,
    "show_contexts": false
  },
  "totals": {
    "covered_lines": 69,
    "num_statements": 73,
    "percent_covered": 94.52054794520548,
    "percent_covered_display": "95",
    "missing_lines": 4,
    "excluded_lines": 0
  }
}