{
  "files": {
    "pyaxis/pyaxis.py": {
      "executed_lines": [
        1,
        2,
        3,
        5,
        6,
        8,
        10,
        11,
        14,
        15,
        18,
        30,
        33,
        41,
        42,
        44,
        47,
        59,
        61,
        89,
        90,
        91,
        93,
        96,
        119,
        120,
        127,
        130,
        133,
        137,
        141,
        144,
        152,
        157
      ],
      "summary": {
        "covered_lines": 34,
        "num_statements": 59,
        "percent_covered": 57.6271186440678,
        "percent_covered_display": "58",
        "missing_lines": 25,
        "excluded_lines": 0
      },
      "missing_lines": [
        62,
        63,
        64,
        65,
        66,
        67,
        68,
        71,
        72,
        73,
        74,
        77,
        78,
        79,
        80,
        81,
        82,
        83,
        84,
        86,
        87,
        121,
        122,
        123,
        124
      ],
      "excluded_lines": [],
      "functions": {
        "uri_type": {
          "executed_lines": [
            30,
            33,
            41,
            42,
            44
          ],
          "summary": {
            "covered_lines": 5,
            "num_statements": 5,
            "percent_covered": 100.0,
            "percent_covered_display": "100",
            "missing_lines": 0,
            "excluded_lines": 0
          },
          "missing_lines": [],
          "excluded_lines": []
        },
        "read": {
          "executed_lines": [
            59,
            61,
            89,
            90,
            91,
            93
          ],
          "summary": {
            "covered_lines": 6,
            "num_statements": 27,
            "percent_covered": 22.22222222222222,
            "percent_covered_display": "22",
            "missing_lines": 21,
            "excluded_lines": 0
          },
          "missing_lines": [
            62,
            63,
            64,
            65,
            66,
            67,
            68,
            71,
            72,
            73,
            74,
            77,
            78,
            79,
            80,
            81,
            82,
            83,
            84,
            86,
            87
          ],
          "excluded_lines": []
        },
        "parse": {
          "executed_lines": [
            119,
            120,
            127,
            130,
            133,
            137,
            141,
            144,
            152,
            157
          ],
          "summary": {
            "covered_lines": 10,
            "num_statements": 14,
            "percent_covered": 71.42857142857143,
            "percent_covered_display": "71",
            "missing_lines": 4,
            "excluded_lines": 0
          },
          "missing_lines": [
            121,
            122,
            123,
            124
          ],
          "excluded_lines": []
        },
        "": {
          "executed_lines": [
            1,
            2,
            3,
            5,
            6,
            8,
            10,
            11,
            14,
            15,
            18,
            47,
            96
          ],
          "summary": {
            "covered_lines": 13,
            "num_statements": 13,
            "percent_covered": 100.0,
            "percent_covered_display": "100",
            "missing_lines": 0,
            "excluded_lines": 0
          },
          "missing_lines": [],
          "excluded_lines": []
        }
      },
      "classes": {
        "": {
          "executed_lines": [
            1,
            2,
            3,
            5,
            6,
            8,
            10,
            11,
            14,
            15,
            18,
            30,
            33,
            41,
            42,
            44,
            47,
            59,
            61,
            89,
            90,
            91,
            93,
            96,
            119,
            120,
            127,
            130,
            133,
            137,
            141,
            144,
            152,
            157
          ],
          "summary": {
            "covered_lines": 34,
            "num_statements": 59,
            "percent_covered": 57.6271186440678,
            "percent_covered_display": "58",
            "missing_lines": 25,
            "excluded_lines": 0
          },
          "missing_lines": [
            62,
            63,
            64,
            65,
            66,
            67,
            68,
            71,
            72,
            73,
            74,
            77,
            78,
            79,
            80,
            81,
            82,
            83,
            84,
            86,
            87,
            121,
            122,
            123,
            124
          ],
          "excluded_lines": []
        }
      }
    },
    "pyaxis/test/integration/test_pyaxis.py": {
      "executed_lines": [
        1,
        3,
        5,
        7,
        9,
        11,
        12,
        15,
        18,
        20,
        21,
        22,
        23,
        24,
        25,
        26,
        27,
        28,
        29,
        31,
        32,
        34,
        37,
        39,
        43,
        45,
        46,
        47,
        48,
        49,
        52,
        54,
        56,
        57,
        58,
        59,
        60,
        61,
        64,
        66,
        68,
        69,
        70,
        71,
        72,
        75,
        77,
        79,
        80,
        81,
        82,
        83,
        84,
        85,
        86,
        87,
        88,
        91,
        93,
        94,
        95,
        97,
        98,
        99,
        100,
        101,
        102,
        108,
        109,
        110,
        113,
        115,
        117,
        118,
        129,
        131,
        132,
        133,
        136,
        138,
        139,
        140,
        143
      ],
      "summary": {
        "covered_lines": 82,
        "num_statements": 89,
        "percent_covered": 92.13483146067416,
        "percent_covered_display": "92",
        "missing_lines": 7,
        "excluded_lines": 0
      },
      "missing_lines": [
        119,
        120,
        121,
        122,
        124,
        125,
        144
      ],
      "excluded_lines": [],
      "functions": {
        "fetch_url": {
          "executed_lines": [
            20,
            21,
            22,
            23,
            24,
            25,
            26,
            27,
            28,
            29,
            31,
            32,
            34
          ],
          "summary": {
            "covered_lines": 13,
            "num_statements": 13,
            "percent_covered": 100.0,
            "percent_covered_display": "100",
            "missing_lines": 0,
            "excluded_lines": 0
          },
          "missing_lines": [],
          "excluded_lines": []
        },
        "test_uri_type": {
          "executed_lines": [
            39
          ],
          "summary": {
            "covered_lines": 1,
            "num_statements": 1,
            "percent_covered": 100.0,
            "percent_covered_display": "100",
            "missing_lines": 0,
            "excluded_lines": 0
          },
          "missing_lines": [],
          "excluded_lines": []
        },