{
  "files": {
    "src/k8soptimizer/main.py": {
      "executed_lines": [
        1,
        23,
        25,
        26,
        27,
        29,
        31,
        33,
        57,
        63,
        64,
        65,
        69,
        70,
        72,
        77,
        79,
        84,
        85,
        101,
        104,
        108,
        109,
        110,
        112,
        116,
        118,
        120,
        121,
        122,
        124
      ],
      "summary": {
        "covered_lines": 31,
        "num_statements": 65,
        "percent_covered": 42.857142857142854,
        "percent_covered_display": "43",
        "missing_lines": 34,
        "excluded_lines": 0,
        "percent_statements_covered": 47.69230769230769,
        "percent_statements_covered_display": "48",
        "num_branches": 12,
        "num_partial_branches": 2,
        "covered_branches": 2,
        "missing_branches": 10,
        "percent_branches_covered": 16.666666666666668,
        "percent_branches_covered_display": "17"
      },
      "missing_lines": [
        2,
        3,
        4,
        5,
        6,
        7,
        8,
        9,
        11,
        12,
        13,
        14,
        21,
        37,
        38,
        54,
        60,
        66,
        68,
        71,
        74,
        78,
        81,
        82,
        83,
        87,
        88,
        102,
        105,
        106,
        111,
        114,
        117,
        123
      ],
      "excluded_lines": [],
      "executed_branches": [
        [
          120,
          121
        ],
        [
          122,
          124
        ]
      ],
      "missing_branches": [
        [
          71,
          72
        ],
        [
          71,
          74
        ],
        [
          81,
          82
        ],
        [
          81,
          83
        ],
        [
          83,
          84
        ],
        [
          83,
          85
        ],
        [
          111,
          112
        ],
        [
          111,
          114
        ],
        [
          120,
          122
        ],
        [
          122,
          123
        ]
      ],
      "functions": {
        "query_prometheus": {
          "executed_lines": [
            57,
            63,
            64,
            65,
            69,
            70,
            72,
            77,
            79,
            84,
            85
          ],
          "summary": {
            "covered_lines": 11,
            "num_statements": 21,
            "percent_covered": 40.74074074074074,
            "percent_covered_display": "41",
            "missing_lines": 10,
            "excluded_lines": 0,
            "percent_statements_covered": 52.38095238095238,
            "percent_statements_covered_display": "52",
            "num_branches": 6,
            "num_partial_branches": 0,
            "covered_branches": 0,
            "missing_branches": 6,
            "percent_branches_covered": 0.0,
            "percent_branches_covered_display": "0"
          },
          "missing_lines": [
            54,
            60,
            66,
            68,
            71,
            74,
            78,
            81,
            82,
            83
          ],
          "excluded_lines": [],
          "start_line": 38,
          "executed_branches": [],
          "missing_branches": [
            [
              71,
              72
            ],
            [
              71,
              74
            ],
            [
              81,
              82
            ],
            [
              81,
              83
            ],
            [
              83,
              84
            ],
            [
              83,
              85
            ]
          ]
        },
        "verify_prometheus_connection": {
          "executed_lines": [
            101,
            104,
            108,
            109,
            110,
            112,
            116,
            118,
            120,
            121,
            122,
            124
          ],
          "summary": {
            "covered_lines": 12,
            "num_statements": 19,
            "percent_covered": 56.0,
            "percent_covered_display": "56",
            "missing_lines": 7,
            "excluded_lines": 0,
            "percent_statements_covered": 63.1578947368421,
            "percent_statements_covered_display": "63",
            "num_branches": 6,
            "num_partial_branches": 2,
            "covered_branches": 2,
            "missing_branches": 4,
            "percent_branches_covered": 33.333333333333336,
            "percent_branches_covered_display": "33"
          },
          "missing_lines": [
            102,
            105,
            106,
            111,
            114,
            117,
            123
          ],
          "excluded_lines": [],
          "start_line": 88,
          "executed_branches": [
            [
              120,
              121
            ],
            [
              122,
              124
            ]
          ],
          "missing_branches": [
            [
              111,
              112
            ],
            [
              111,
              114
            ],
            [
              120,
              122
            ],
            [
              122,
              123
            ]
          ]
        },
        "": {
          "executed_lines": [
            1,
            23,
            25,
            26,
            27,
            29,
            31,
            33
          ],
          "summary": {
            "covered_lines": 8,
            "num_statements": 25,
            "percent_covered": 32.0,
            "percent_covered_display": "32",
            "missing_lines": 17,
            "excluded_lines": 0,
            "percent_statements_covered": 32.0,
            "percent_statements_covered_display": "32",
            "num_branches": 0,
            "num_partial_branches": 0,
            "covered_branches": 0,
            "missing_branches": 0,
            "percent_branches_covered": 100.0,
            "percent_branches_covered_display": "100"
          },
          "missing_lines": [
            2,
            3,
            4,
            5,
            6,
            7,
            8,
            9,
            11,
            12,
            13,
            14,
            21,
            37,
            38,
            87,
            88
          ],
          "excluded_lines": [],
          "start_line": 1,
          "executed_branches": [],
          "missing_branches": []
        }
      },
      "classes": {
        "": {
          "executed_lines": [
            1,
            23,
            25,
            26,
            27,
            29,
            31,
            33,
            57,
            63,
            64,
            65,
            69,
            70,
            72,
            77,
            79,
            84,
            85,
            101,
            104,
            108,
            109,
            110,
            112,
            116,
            118,
            120,
            121,
            122,
            124
          ],
          "summary": {
            "covered_lines": 31,
            "num_statements": 65,
            "percent_covered": 42.857142857142854,
            "percent_covered_display": "43",
            "missing_lines": 34,
            "excluded_lines": 0,
            "percent_statements_covered": 47.69230769230769,
            "percent_statements_covered_display": "48",
            "num_branches": 12,
            "num_partial_branches": 2,
            "covered_branches": 2,
            "missing_branches": 10,
            "percent_branches_covered": 16.666666666666668,
            "percent_branches_covered_display": "17"
          },