{
  "files": {
    "symbolserver/__init__.py": {
      "executed_lines": [
        1,
        2,
        3,
        4,
        5,
        6,
        7,
        9,
        10,
        18,
        19,
        21,
        22,
        28,
        29,
        50,
        51,
        72,
        73,
        74,
        76,
        80,
        81,
        82,
        83,
        85,
        111,
        112,
        113,
        114,
        115,
        116,
        117,
        118,
        120,
        121,
        122,
        123,
        132,
        136,
        138,
        139,
        140,
        141,
        142,
        144,
        145,
        146,
        147,
        152,
        153,
        154,
        155,
        156,
        157,
        158,
        159,
        160,
        161,
        162,
        164,
        165,
        167,
        168,
        169,
        171,
        172,
        173,
        174,
        175,
        176,
        177,
        179,
        180,
        181,
        182,
        183,
        184,
        185,
        186,
        187,
        189,
        190,
        191,
        192,
        193,
        194,
        196,
        197,
        198,
        199,
        201,
        202,
        203,
        205,
        206,
        207,
        208,
        210,
        211,
        212,
        214,
        216,
        217,
        218,
        219,
        220,
        221,
        223,
        226
      ],
      "summary": {
        "covered_lines": 110,
        "num_statements": 181,
        "percent_covered": 60.773480662983424,
        "percent_covered_display": "61",
        "missing_lines": 71,
        "excluded_lines": 0,
        "percent_statements_covered": 60.773480662983424,
        "percent_statements_covered_display": "61"
      },
      "missing_lines": [
        23,
        24,
        26,
        30,
        36,
        37,
        38,
        39,
        40,
        41,
        42,
        43,
        44,
        45,
        46,
        47,
        48,
        52,
        59,
        60,
        61,
        62,
        63,
        64,
        65,
        66,
        67,
        68,
        69,
        70,
        75,
        77,
        86,
        87,
        88,
        89,
        90,
        91,
        92,
        93,
        94,
        95,
        96,
        97,
        98,
        99,
        100,
        101,
        102,
        103,
        104,
        105,
        106,
        107,
        108,
        109,
        148,
        149,
        150,
        151,
        170,
        204,
        213,
        215,
        222,
        224,
        228,
        229,
        230,
        231,
        232
      ],
      "excluded_lines": [],
      "functions": {
        "getprofile": {
          "executed_lines": [],
          "summary": {
            "covered_lines": 0,
            "num_statements": 3,
            "percent_covered": 0.0,
            "percent_covered_display": "0",
            "missing_lines": 3,
            "excluded_lines": 0,
            "percent_statements_covered": 0.0,
            "percent_statements_covered_display": "0"
          },
          "missing_lines": [
            23,
            24,
            26
          ],
          "excluded_lines": [],
          "start_line": 22
        },
        "source": {
          "executed_lines": [],
          "summary": {
            "covered_lines": 0,
            "num_statements": 14,
            "percent_covered": 0.0,
            "percent_covered_display": "0",
            "missing_lines": 14,
            "excluded_lines": 0,
            "percent_statements_covered": 0.0,
            "percent_statements_covered_display": "0"
          },
          "missing_lines": [
            30,
            36,
            37,
            38,
            39,
            40,
            41,
            42,
            43,
            44,
            45,
            46,
            47,
            48
          ],
          "excluded_lines": [],
          "start_line": 29
        },
        "asm": {
          "executed_lines": [],
          "summary": {
            "covered_lines": 0,
            "num_statements": 13,
            "percent_covered": 0.0,
            "percent_covered_display": "0",
            "missing_lines": 13,
            "excluded_lines": 0,
            "percent_statements_covered": 0.0,
            "percent_statements_covered_display": "0"
          },
          "missing_lines": [
            52,
            59,
            60,
            61,
            62,
            63,
            64,
            65,
            66,
            67,
            68,
            69,
            70
          ],
          "excluded_lines": [],
          "start_line": 51
        },
        "get_code_object": {
          "executed_lines": [
            73,
            74,
            76,
            80,
            81,
            82,
            83
          ],
          "summary": {
            "covered_lines": 7,
            "num_statements": 9,
            "percent_covered": 77.77777777777777,
            "percent_covered_display": "78",
            "missing_lines": 2,
            "excluded_lines": 0,
            "percent_statements_covered": 77.77777777777777,
            "percent_statements_covered_display": "78"
          },
          "missing_lines": [
            75,
            77
          ],
          "excluded_lines": [],
          "start_line": 72
        },
        "get_advanced_code": {
          "executed_lines": [],
          "summary": {
            "covered_lines": 0,
            "num_statements": 24,
            "percent_covered": 0.0,
            "percent_covered_display": "0",
            "missing_lines": 24,
            "excluded_lines": 0,
            "percent_statements_covered": 0.0,
            "percent_statements_covered_display": "0"
          },
          "missing_lines": [
            86,
            87,
            88,
            89,
            90,
            91,
            92,
            93,
            94,
            95,
            96,
            97,
            98,
            99,
            100,
            101,
            102,
            103,
            104,
            105,
            106,
            107,
            108,
            109
          ],
          "excluded_lines": [],
          "start_line": 85
        },
        "get_ir_code": {
          "executed_lines": [
            112,
            113,
            114,
            115,
            116,
            117,
            118
          ],
          "summary": {
            "covered_lines": 7,
            "num_statements": 7,
            "percent_covered": 100.0,
            "percent_covered_display": "100",
            "missing_lines": 0,
            "excluded_lines": 0,
            "percent_statements_covered": 100.0,
            "percent_statements_covered_display": "100"
          },
          "missing_lines": [],
          "excluded_lines": [],
          "start_line": 111
        },
        "insert_code": {
          "executed_lines": [
            121,
            122,
            123,
            132,
            136
          ],
          "summary": {
            "covered_lines": 5,
            "num_statements": 5,
            "percent_covered": 100.0,
            "percent_covered_display": "100",
            "missing_lines": 0,
            "excluded_lines": 0,
            "percent_statements_covered": 100.0,
            "percent_statements_covered_display": "100"
          },
          "missing_lines": [],
          "excluded_lines": [],
          "start_line": 120
        },
        "bc_to_str": {
          "executed_lines": [
            139,
            140,
            141,
            142
          ],
          "summary": {
            "covered_lines": 4,
            "num_statements": 4,
            "percent_covered": 100.0,
            "percent_covered_display": "100",