{
  "files": {
    "pyaxis/pyaxis.py": {
      "executed_lines": [
        1,
        23,
        24,
        25,
        27,
        28,
        30,
        32,
        33,
        36,
        37,
        40,
        52,
        55,
        63,
        64,
        66,
        69,
        81,
        83,
        111,
        112,
        113,
        115,
        118,
        141,
        142,
        149,
        152,
        155,
        159,
        163,
        166,
        174,
        179
      ],
      "summary": {
        "covered_lines": 34,
        "num_statements": 59,
        "percent_covered": 57.6271186440678,
        "percent_covered_display": "58",
        "missing_lines": 25,
        "excluded_lines": 0
      },
      "missing_lines": [
        84,
        85,
        86,
        87,
        88,
        89,
        90,
        93,
        94,
        95,
        96,
        99,
        100,
        101,
        102,
        103,
        104,
        105,
        106,
        108,
        109,
        143,
        144,
        145,
        146
      ],
      "excluded_lines": [],
      "functions": {
        "uri_type": {
          "executed_lines": [
            52,
            55,
            63,
            64,
            66
          ],
          "summary": {
            "covered_lines": 5,
            "num_statements": 5,
            "percent_covered": 100.0,
            "percent_covered_display": "100",
            "missing_lines": 0,
            "excluded_lines": 0
          },
          "missing_lines": [],
          "excluded_lines": []
        },
        "read": {
          "executed_lines": [
            81,
            83,
            111,
            112,
            113,
            115
          ],
          "summary": {
            "covered_lines": 6,
            "num_statements": 27,
            "percent_covered": 22.22222222222222,
            "percent_covered_display": "22",
            "missing_lines": 21,
            "excluded_lines": 0
          },
          "missing_lines": [
            84,
            85,
            86,
            87,
            88,
            89,
            90,
            93,
            94,
            95,
            96,
            99,
            100,
            101,
            102,
            103,
            104,
            105,
            106,
            108,
            109
          ],
          "excluded_lines": []
        },
        "parse": {
          "executed_lines": [
            141,
            142,
            149,
            152,
            155,
            159,
            163,
            166,
            174,
            179
          ],
          "summary": {
            "covered_lines": 10,
            "num_statements": 14,
            "percent_covered": 71.42857142857143,
            "percent_covered_display": "71",
            "missing_lines": 4,
            "excluded_lines": 0
          },
          "missing_lines": [
            143,
            144,
            145,
            146
          ],
          "excluded_lines": []
        },
        "": {
          "executed_lines": [
            1,
            23,
            24,
            25,
            27,
            28,
            30,
            32,
            33,
            36,
            37,
            40,
            69,
            118
          ],
          "summary": {
            "covered_lines": 13,
            "num_statements": 13,
            "percent_covered": 100.0,
            "percent_covered_display": "100",
            "missing_lines": 0,
            "excluded_lines": 0
          },
          "missing_lines": [],
          "excluded_lines": []
        }
      },
      "classes": {
        "": {
          "executed_lines": [
            1,
            23,
            24,
            25,
            27,
            28,
            30,
            32,
            33,
            36,
            37,
            40,
            52,
            55,
            63,
            64,
            66,
            69,
            81,
            83,
            111,
            112,
            113,
            115,
            118,
            141,
            142,
            149,
            152,
            155,
            159,
            163,
            166,
            174,
            179
          ],
          "summary": {
            "covered_lines": 34,
            "num_statements": 59,
            "percent_covered": 57.6271186440678,
            "percent_covered_display": "58",
            "missing_lines": 25,
            "excluded_lines": 0
          },
          "missing_lines": [
            84,
            85,
            86,
            87,
            88,
            89,
            90,
            93,
            94,
            95,
            96,
            99,
            100,
            101,
            102,
            103,
            104,
            105,
            106,
            108,
            109,
            143,
            144,
            145,
            146
          ],
          "excluded_lines": []
        }
      }
    }
  },
  "meta": {
    "format": 3,
    "version": "7.8.0",
    "branch_coverage": false,
    "show_contexts": false
  },
  "totals": {
    "covered_lines": 34,
    "num_statements": 59,
    "percent_covered": 57.6271186440678,
    "percent_covered_display": "58",
    "missing_lines": 25,
    "excluded_lines": 0
  }
}