{
  "files": {
    "apyrat/apyrat.py": {
      "executed_lines": [
        1,
        2,
        3,
        4,
        5,
        6,
        7,
        9,
        10,
        12,
        16,
        17,
        18,
        21,
        22,
        23,
        24,
        25,
        26,
        27,
        31,
        34,
        35,
        36,
        37,
        38,
        39,
        40,
        44,
        45,
        46,
        47,
        49,
        50,
        52,
        53,
        54,
        61,
        62,
        63,
        94,
        95,
        96,
        112,
        120,
        127,
        145,
        150,
        165,
        166
      ],
      "summary": {
        "covered_lines": 50,
        "num_statements": 96,
        "percent_covered": 52.083333333333336,
        "percent_covered_display": "52",
        "missing_lines": 46,
        "excluded_lines": 0,
        "percent_statements_covered": 52.083333333333336,
        "percent_statements_covered_display": "52"
      },
      "missing_lines": [
        41,
        42,
        51,
        55,
        56,
        57,
        59,
        64,
        65,
        66,
        67,
        72,
        73,
        79,
        80,
        89,
        90,
        92,
        101,
        102,
        103,
        113,
        118,
        121,
        128,
        131,
        132,
        134,
        137,
        141,
        142,
        143,
        146,
        147,
        148,
        151,
        152,
        153,
        154,
        155,
        157,
        159,
        160,
        162,
        163,
        167
      ],
      "excluded_lines": [],
      "functions": {
        "Downloader.__init__": {
          "executed_lines": [
            36,
            37,
            38,
            39,
            40
          ],
          "summary": {
            "covered_lines": 5,
            "num_statements": 7,
            "percent_covered": 71.42857142857143,
            "percent_covered_display": "71",
            "missing_lines": 2,
            "excluded_lines": 0,
            "percent_statements_covered": 71.42857142857143,
            "percent_statements_covered_display": "71"
          },
          "missing_lines": [
            41,
            42
          ],
          "excluded_lines": [],
          "start_line": 35
        },
        "Downloader._cleanup_url": {
          "executed_lines": [
            46,
            47
          ],
          "summary": {
            "covered_lines": 2,
            "num_statements": 2,
            "percent_covered": 100.0,
            "percent_covered_display": "100",
            "missing_lines": 0,
            "excluded_lines": 0,
            "percent_statements_covered": 100.0,
            "percent_statements_covered_display": "100"
          },
          "missing_lines": [],
          "excluded_lines": [],
          "start_line": 45
        },
        "Downloader._url_type": {
          "executed_lines": [
            50,
            52,
            53,
            54
          ],
          "summary": {
            "covered_lines": 4,
            "num_statements": 9,
            "percent_covered": 44.44444444444444,
            "percent_covered_display": "44",
            "missing_lines": 5,
            "excluded_lines": 0,
            "percent_statements_covered": 44.44444444444444,
            "percent_statements_covered_display": "44"
          },
          "missing_lines": [
            51,
            55,
            56,
            57,
            59
          ],
          "excluded_lines": [],
          "start_line": 49
        },
        "Downloader._get_available_videos": {
          "executed_lines": [
            62,
            63
          ],
          "summary": {
            "covered_lines": 2,
            "num_statements": 13,
            "percent_covered": 15.384615384615385,
            "percent_covered_display": "15",
            "missing_lines": 11,
            "excluded_lines": 0,
            "percent_statements_covered": 15.384615384615385,
            "percent_statements_covered_display": "15"
          },
          "missing_lines": [
            64,
            65,
            66,
            67,
            72,
            73,
            79,
            80,
            89,
            90,
            92
          ],
          "excluded_lines": [],
          "start_line": 61
        },
        "Downloader._get_single_video_qualities": {
          "executed_lines": [
            95,
            96
          ],
          "summary": {
            "covered_lines": 2,
            "num_statements": 5,
            "percent_covered": 40.0,
            "percent_covered_display": "40",
            "missing_lines": 3,
            "excluded_lines": 0,
            "percent_statements_covered": 40.0,
            "percent_statements_covered_display": "40"
          },
          "missing_lines": [
            101,
            102,
            103
          ],
          "excluded_lines": [],
          "start_line": 94
        },
        "Downloader._get_available_qualities": {
          "executed_lines": [],
          "summary": {
            "covered_lines": 0,
            "num_statements": 2,
            "percent_covered": 0.0,
            "percent_covered_display": "0",
            "missing_lines": 2,
            "excluded_lines": 0,
            "percent_statements_covered": 0.0,
            "percent_statements_covered_display": "0"
          },
          "missing_lines": [
            113,
            118
          ],
          "excluded_lines": [],
          "start_line": 112
        },
        "Downloader.default_quality": {
          "executed_lines": [],
          "summary": {
            "covered_lines": 0,
            "num_statements": 1,
            "percent_covered": 0.0,
            "percent_covered_display": "0",
            "missing_lines": 1,
            "excluded_lines": 0,
            "percent_statements_covered": 0.0,
            "percent_statements_covered_display": "0"
          },
          "missing_lines": [
            121
          ],
          "excluded_lines": [],
          "start_line": 120
        },
        "Downloader.find_closest_quality": {
          "executed_lines": [],
          "summary": {
            "covered_lines": 0,
            "num_statements": 8,
            "percent_covered": 0.0,
            "percent_covered_display": "0",
            "missing_lines": 8,
            "excluded_lines": 0,
            "percent_statements_covered": 0.0,
            "percent_statements_covered_display": "0"
          },
          "missing_lines": [
            128,
            131,
            132,
            134,
            137,
            141,
            142,
            143
          ],
          "excluded_lines": [],
          "start_line": 127
        },
        "Downloader.download": {
          "executed_lines": [],
          "summary": {
            "covered_lines": 0,
            "num_statements": 3,
            "percent_covered": 0.0,
            "percent_covered_display": "0",
            "missing_lines": 3,
            "excluded_lines": 0,
            "percent_statements_covered": 0.0,
            "percent_statements_covered_display": "0"
          },
          "missing_lines": [
            146,
            147,
            148
          ],
          "excluded_lines": [],
          "start_line": 145
        },
        "Downloader._download_video": {
          "executed_lines": [],
          "summary": {
            "covered_lines": 0,
            "num_statements": 10,
            "percent_covered": 0.0,
            "percent_covered_display": "0",
            "missing_lines": 10,
            "excluded_lines": 0,
            "percent_statements_covered": 0.0,
            "percent_statements_covered_display": "0"
          },