{
  "files": {
    "symbolserver/__init__.py": {
      "executed_lines": [
        1,
        2,
        3,
        4,
        5,
        6,
        8,
        10,
        11,
        13,
        14,
        20,
        21,
        42,
        43,
        64,
        65,
        66,
        68,
        72,
        73,
        74,
        75,
        77,
        103,
        104,
        105,
        106,
        107,
        108,
        109,
        110,
        112,
        113,
        114,
        115,
        124,
        128,
        130,
        131,
        132,
        133,
        134,
        136,
        137,
        138,
        139,
        144,
        145,
        146,
        147,
        148,
        149,
        150,
        151,
        152,
        153,
        154,
        156,
        157,
        159,
        160,
        161,
        163,
        164,
        165,
        166,
        167,
        168,
        169,
        171,
        172,
        173,
        174,
        175,
        176,
        177,
        178,
        179,
        181,
        182,
        183,
        184,
        185,
        186,
        188,
        189,
        190,
        191,
        193,
        194,
        195,
        197,
        198,
        199,
        200,
        202,
        203,
        204,
        206,
        208,
        209,
        210,
        211,
        212,
        213,
        215,
        218
      ],
      "summary": {
        "covered_lines": 108,
        "num_statements": 178,
        "percent_covered": 60.674157303370784,
        "percent_covered_display": "61",
        "missing_lines": 70,
        "excluded_lines": 0,
        "percent_statements_covered": 60.674157303370784,
        "percent_statements_covered_display": "61"
      },
      "missing_lines": [
        15,
        16,
        18,
        22,
        28,
        29,
        30,
        31,
        32,
        33,
        34,
        35,
        36,
        37,
        38,
        39,
        40,
        44,
        51,
        52,
        53,
        54,
        55,
        56,
        57,
        58,
        59,
        60,
        61,
        62,
        67,
        69,
        78,
        79,
        80,
        81,
        82,
        83,
        84,
        85,
        86,
        87,
        88,
        89,
        90,
        91,
        92,
        93,
        94,
        95,
        96,
        97,
        98,
        99,
        100,
        101,
        140,
        141,
        142,
        143,
        162,
        196,
        205,
        207,
        214,
        216,
        220,
        221,
        222,
        223
      ],
      "excluded_lines": [],
      "functions": {
        "getprofile": {
          "executed_lines": [],
          "summary": {
            "covered_lines": 0,
            "num_statements": 3,
            "percent_covered": 0.0,
            "percent_covered_display": "0",
            "missing_lines": 3,
            "excluded_lines": 0,
            "percent_statements_covered": 0.0,
            "percent_statements_covered_display": "0"
          },
          "missing_lines": [
            15,
            16,
            18
          ],
          "excluded_lines": [],
          "start_line": 14
        },
        "source": {
          "executed_lines": [],
          "summary": {
            "covered_lines": 0,
            "num_statements": 14,
            "percent_covered": 0.0,
            "percent_covered_display": "0",
            "missing_lines": 14,
            "excluded_lines": 0,
            "percent_statements_covered": 0.0,
            "percent_statements_covered_display": "0"
          },
          "missing_lines": [
            22,
            28,
            29,
            30,
            31,
            32,
            33,
            34,
            35,
            36,
            37,
            38,
            39,
            40
          ],
          "excluded_lines": [],
          "start_line": 21
        },
        "asm": {
          "executed_lines": [],
          "summary": {
            "covered_lines": 0,
            "num_statements": 13,
            "percent_covered": 0.0,
            "percent_covered_display": "0",
            "missing_lines": 13,
            "excluded_lines": 0,
            "percent_statements_covered": 0.0,
            "percent_statements_covered_display": "0"
          },
          "missing_lines": [
            44,
            51,
            52,
            53,
            54,
            55,
            56,
            57,
            58,
            59,
            60,
            61,
            62
          ],
          "excluded_lines": [],
          "start_line": 43
        },
        "get_code_object": {
          "executed_lines": [
            65,
            66,
            68,
            72,
            73,
            74,
            75
          ],
          "summary": {
            "covered_lines": 7,
            "num_statements": 9,
            "percent_covered": 77.77777777777777,
            "percent_covered_display": "78",
            "missing_lines": 2,
            "excluded_lines": 0,
            "percent_statements_covered": 77.77777777777777,
            "percent_statements_covered_display": "78"
          },
          "missing_lines": [
            67,
            69
          ],
          "excluded_lines": [],
          "start_line": 64
        },
        "get_advanced_code": {
          "executed_lines": [],
          "summary": {
            "covered_lines": 0,
            "num_statements": 24,
            "percent_covered": 0.0,
            "percent_covered_display": "0",
            "missing_lines": 24,
            "excluded_lines": 0,
            "percent_statements_covered": 0.0,
            "percent_statements_covered_display": "0"
          },
          "missing_lines": [
            78,
            79,
            80,
            81,
            82,
            83,
            84,
            85,
            86,
            87,
            88,
            89,
            90,
            91,
            92,
            93,
            94,
            95,
            96,
            97,
            98,
            99,
            100,
            101
          ],
          "excluded_lines": [],
          "start_line": 77
        },
        "get_ir_code": {
          "executed_lines": [
            104,
            105,
            106,
            107,
            108,
            109,
            110
          ],
          "summary": {
            "covered_lines": 7,
            "num_statements": 7,
            "percent_covered": 100.0,
            "percent_covered_display": "100",
            "missing_lines": 0,
            "excluded_lines": 0,
            "percent_statements_covered": 100.0,
            "percent_statements_covered_display": "100"
          },
          "missing_lines": [],
          "excluded_lines": [],
          "start_line": 103
        },
        "insert_code": {
          "executed_lines": [
            113,
            114,
            115,
            124,
            128
          ],
          "summary": {
            "covered_lines": 5,
            "num_statements": 5,
            "percent_covered": 100.0,
            "percent_covered_display": "100",
            "missing_lines": 0,
            "excluded_lines": 0,
            "percent_statements_covered": 100.0,
            "percent_statements_covered_display": "100"
          },
          "missing_lines": [],
          "excluded_lines": [],
          "start_line": 112
        },
        "bc_to_str": {
          "executed_lines": [
            131,
            132,
            133,
            134
          ],
          "summary": {
            "covered_lines": 4,
            "num_statements": 4,
            "percent_covered": 100.0,
            "percent_covered_display": "100",
            "missing_lines": 0,
            "excluded_lines": 0,