{
  "files": {
    "cf_speedtest/speedtest.py": {
      "executed_lines": [
        2,
        4,
        5,
        6,
        7,
        8,
        9,
        10,
        12,
        14,
        15,
        17,
        18,
        19,
        21,
        28,
        29,
        30,
        32,
        33,
        34,
        35,
        36,
        38,
        39,
        40,
        41,
        42,
        48,
        50,
        80,
        111,
        141,
        142,
        143,
        144,
        145,
        146,
        166,
        167,
        168,
        169,
        170,
        171,
        194,
        195,
        197,
        198,
        199,
        200,
        201,
        203,
        205,
        206,
        208,
        210,
        216,
        217,
        218,
        220,
        221,
        223,
        224,
        225,
        227,
        228,
        229,
        230,
        231,
        232,
        234,
        235,
        236,
        237,
        239,
        240,
        241,
        242,
        243,
        244,
        246,
        250,
        252,
        253,
        257,
        260,
        261,
        266,
        270,
        272,
        273,
        277,
        280,
        281,
        286,
        287,
        288,
        289,
        291,
        301,
        303,
        305,
        306,
        308,
        309,
        310,
        311,
        312,
        313,
        315,
        316,
        318,
        319,
        320,
        321,
        322,
        324,
        329,
        331,
        341,
        343,
        344,
        345,
        346,
        348,
        353,
        355
      ],
      "summary": {
        "covered_lines": 127,
        "num_statements": 221,
        "percent_covered": 57.46606334841629,
        "percent_covered_display": "57",
        "missing_lines": 94,
        "excluded_lines": 0,
        "percent_statements_covered": 57.46606334841629,
        "percent_statements_covered_display": "57"
      },
      "missing_lines": [
        43,
        44,
        45,
        46,
        47,
        51,
        52,
        54,
        55,
        56,
        57,
        58,
        59,
        60,
        62,
        63,
        64,
        66,
        67,
        69,
        70,
        72,
        73,
        74,
        78,
        81,
        82,
        83,
        85,
        86,
        87,
        88,
        89,
        90,
        92,
        93,
        94,
        96,
        97,
        99,
        100,
        101,
        103,
        104,
        105,
        109,
        112,
        113,
        114,
        116,
        117,
        118,
        119,
        120,
        121,
        123,
        124,
        125,
        127,
        128,
        130,
        131,
        133,
        134,
        135,
        139,
        147,
        148,
        150,
        151,
        152,
        154,
        155,
        157,
        158,
        164,
        172,
        173,
        175,
        176,
        177,
        179,
        180,
        182,
        183,
        184,
        185,
        190,
        192,
        247,
        248,
        267,
        268,
        356
      ],
      "excluded_lines": [],
      "functions": {
        "percentile": {
          "executed_lines": [
            33,
            34,
            35,
            36
          ],
          "summary": {
            "covered_lines": 4,
            "num_statements": 4,
            "percent_covered": 100.0,
            "percent_covered_display": "100",
            "missing_lines": 0,
            "excluded_lines": 0,
            "percent_statements_covered": 100.0,
            "percent_statements_covered_display": "100"
          },
          "missing_lines": [],
          "excluded_lines": [],
          "start_line": 32
        },
        "get_server_timing": {
          "executed_lines": [
            39,
            40,
            41,
            42,
            48
          ],
          "summary": {
            "covered_lines": 5,
            "num_statements": 10,
            "percent_covered": 50.0,
            "percent_covered_display": "50",
            "missing_lines": 5,
            "excluded_lines": 0,
            "percent_statements_covered": 50.0,
            "percent_statements_covered_display": "50"
          },
          "missing_lines": [
            43,
            44,
            45,
            46,
            47
          ],
          "excluded_lines": [],
          "start_line": 38
        },
        "upload_test": {
          "executed_lines": [],
          "summary": {
            "covered_lines": 0,
            "num_statements": 20,
            "percent_covered": 0.0,
            "percent_covered_display": "0",
            "missing_lines": 20,
            "excluded_lines": 0,
            "percent_statements_covered": 0.0,
            "percent_statements_covered_display": "0"
          },
          "missing_lines": [
            51,
            52,
            54,
            55,
            56,
            57,
            58,
            59,
            60,
            62,
            63,
            64,
            66,
            67,
            69,
            70,
            72,
            73,
            74,
            78
          ],
          "excluded_lines": [],
          "start_line": 50
        },
        "download_test": {
          "executed_lines": [],
          "summary": {
            "covered_lines": 0,
            "num_statements": 21,
            "percent_covered": 0.0,
            "percent_covered_display": "0",
            "missing_lines": 21,
            "excluded_lines": 0,
            "percent_statements_covered": 0.0,
            "percent_statements_covered_display": "0"
          },
          "missing_lines": [
            81,
            82,
            83,
            85,
            86,
            87,
            88,
            89,
            90,
            92,
            93,
            94,
            96,
            97,
            99,
            100,
            101,
            103,
            104,
            105,
            109
          ],
          "excluded_lines": [],
          "start_line": 80
        },
        "latency_test": {
          "executed_lines": [],
          "summary": {
            "covered_lines": 0,
            "num_statements": 20,
            "percent_covered": 0.0,
            "percent_covered_display": "0",
            "missing_lines": 20,
            "excluded_lines": 0,
            "percent_statements_covered": 0.0,
            "percent_statements_covered_display": "0"
          },
          "missing_lines": [
            112,
            113,
            114,
            116,
            117,
            118,
            119,
            120,
            121,
            123,
            124,
            125,
            127,
            128,
            130,
            131,
            133,
            134,
            135,
            139
          ],
          "excluded_lines": [],
          "start_line": 111
        },
        "get_our_country": {
          "executed_lines": [
            142,
            143,
            144,
            145,
            146
          ],
          "summary": {
            "covered_lines": 5,
            "num_statements": 15,
            "percent_covered": 33.333333333333336,
            "percent_covered_display": "33",
            "missing_lines": 10,
            "excluded_lines": 0,
            "percent_statements_covered": 33.333333333333336,
            "percent_statements_covered_display": "33"
          },
          "missing_lines": [
            147,
            148,
            150,
            151,
            152,
            154,
            155,
            157,
            158,
            164
          ],
          "excluded_lines": [],
          "start_line": 141
        },