{
  "files": {
    "cf_speedtest/speedtest.py": {
      "executed_lines": [
        2,
        4,
        5,
        6,
        7,
        8,
        9,
        10,
        11,
        13,
        14,
        16,
        17,
        18,
        23,
        24,
        25,
        27,
        34,
        35,
        36,
        37,
        38,
        40,
        41,
        42,
        43,
        44,
        50,
        52,
        71,
        90,
        108,
        122,
        141,
        157,
        248,
        302
      ],
      "summary": {
        "covered_lines": 38,
        "num_statements": 180,
        "percent_covered": 21.11111111111111,
        "percent_covered_display": "21",
        "missing_lines": 142,
        "excluded_lines": 0,
        "percent_statements_covered": 21.11111111111111,
        "percent_statements_covered_display": "21"
      },
      "missing_lines": [
        45,
        46,
        47,
        48,
        49,
        53,
        54,
        55,
        58,
        59,
        60,
        61,
        63,
        64,
        65,
        69,
        72,
        73,
        74,
        75,
        76,
        77,
        78,
        79,
        80,
        82,
        83,
        84,
        88,
        91,
        92,
        93,
        94,
        95,
        96,
        97,
        98,
        100,
        101,
        102,
        106,
        109,
        110,
        111,
        112,
        113,
        114,
        120,
        123,
        124,
        127,
        128,
        129,
        130,
        131,
        132,
        137,
        139,
        142,
        144,
        145,
        146,
        147,
        148,
        150,
        152,
        153,
        155,
        163,
        164,
        165,
        167,
        168,
        170,
        171,
        172,
        174,
        175,
        176,
        177,
        178,
        179,
        181,
        182,
        183,
        184,
        186,
        187,
        188,
        189,
        190,
        191,
        193,
        194,
        195,
        197,
        199,
        200,
        204,
        207,
        208,
        213,
        214,
        215,
        217,
        219,
        220,
        224,
        227,
        228,
        233,
        234,
        235,
        236,
        238,
        250,
        252,
        253,
        255,
        256,
        257,
        258,
        259,
        260,
        262,
        263,
        265,
        266,
        267,
        268,
        269,
        271,
        276,
        278,
        288,
        290,
        291,
        292,
        293,
        295,
        300,
        303
      ],
      "excluded_lines": [],
      "functions": {
        "percentile": {
          "executed_lines": [
            35,
            36,
            37,
            38
          ],
          "summary": {
            "covered_lines": 4,
            "num_statements": 4,
            "percent_covered": 100.0,
            "percent_covered_display": "100",
            "missing_lines": 0,
            "excluded_lines": 0,
            "percent_statements_covered": 100.0,
            "percent_statements_covered_display": "100"
          },
          "missing_lines": [],
          "excluded_lines": [],
          "start_line": 34
        },
        "get_server_timing": {
          "executed_lines": [
            41,
            42,
            43,
            44,
            50
          ],
          "summary": {
            "covered_lines": 5,
            "num_statements": 10,
            "percent_covered": 50.0,
            "percent_covered_display": "50",
            "missing_lines": 5,
            "excluded_lines": 0,
            "percent_statements_covered": 50.0,
            "percent_statements_covered_display": "50"
          },
          "missing_lines": [
            45,
            46,
            47,
            48,
            49
          ],
          "excluded_lines": [],
          "start_line": 40
        },
        "upload_test": {
          "executed_lines": [],
          "summary": {
            "covered_lines": 0,
            "num_statements": 11,
            "percent_covered": 0.0,
            "percent_covered_display": "0",
            "missing_lines": 11,
            "excluded_lines": 0,
            "percent_statements_covered": 0.0,
            "percent_statements_covered_display": "0"
          },
          "missing_lines": [
            53,
            54,
            55,
            58,
            59,
            60,
            61,
            63,
            64,
            65,
            69
          ],
          "excluded_lines": [],
          "start_line": 52
        },
        "download_test": {
          "executed_lines": [],
          "summary": {
            "covered_lines": 0,
            "num_statements": 13,
            "percent_covered": 0.0,
            "percent_covered_display": "0",
            "missing_lines": 13,
            "excluded_lines": 0,
            "percent_statements_covered": 0.0,
            "percent_statements_covered_display": "0"
          },
          "missing_lines": [
            72,
            73,
            74,
            75,
            76,
            77,
            78,
            79,
            80,
            82,
            83,
            84,
            88
          ],
          "excluded_lines": [],
          "start_line": 71
        },
        "latency_test": {
          "executed_lines": [],
          "summary": {
            "covered_lines": 0,
            "num_statements": 12,
            "percent_covered": 0.0,
            "percent_covered_display": "0",
            "missing_lines": 12,
            "excluded_lines": 0,
            "percent_statements_covered": 0.0,
            "percent_statements_covered_display": "0"
          },
          "missing_lines": [
            91,
            92,
            93,
            94,
            95,
            96,
            97,
            98,
            100,
            101,
            102,
            106
          ],
          "excluded_lines": [],
          "start_line": 90
        },
        "get_our_country": {
          "executed_lines": [],
          "summary": {
            "covered_lines": 0,
            "num_statements": 7,
            "percent_covered": 0.0,
            "percent_covered_display": "0",
            "missing_lines": 7,
            "excluded_lines": 0,
            "percent_statements_covered": 0.0,
            "percent_statements_covered_display": "0"
          },
          "missing_lines": [
            109,
            110,
            111,
            112,
            113,
            114,
            120
          ],
          "excluded_lines": [],
          "start_line": 108
        },
        "preamble": {
          "executed_lines": [],
          "summary": {
            "covered_lines": 0,
            "num_statements": 10,
            "percent_covered": 0.0,
            "percent_covered_display": "0",
            "missing_lines": 10,
            "excluded_lines": 0,
            "percent_statements_covered": 0.0,
            "percent_statements_covered_display": "0"
          },
          "missing_lines": [
            123,
            124,
            127,
            128,
            129,
            130,
            131,
            132,
            137,
            139
          ],
          "excluded_lines": [],
          "start_line": 122
        },
        "run_tests": {
          "executed_lines": [],
          "summary": {
            "covered_lines": 0,
            "num_statements": 10,
            "percent_covered": 0.0,
            "percent_covered_display": "0",
            "missing_lines": 10,
            "excluded_lines": 0,
            "percent_statements_covered": 0.0,
            "percent_statements_covered_display": "0"
          },