{
  "files": {
    "iconsdk/providers/http_provider.py": {
      "executed_lines": [
        15,
        16,
        17,
        18,
        19,
        20,
        22,
        23,
        24,
        26,
        27,
        28,
        31,
        37,
        38,
        46,
        47,
        48,
        49,
        50,
        51,
        52,
        53,
        55,
        56,
        64,
        65,
        66,
        67,
        68,
        69,
        71,
        72,
        73,
        74,
        75,
        77,
        83,
        84,
        85,
        86,
        91,
        93,
        94,
        100,
        102,
        103,
        104,
        105,
        106,
        107,
        108,
        109,
        111,
        114,
        115,
        116,
        117,
        118,
        121,
        122,
        123,
        124,
        125,
        126,
        128,
        131,
        132,
        137,
        138,
        140,
        141,
        142,
        143,
        144,
        145,
        146,
        150,
        151,
        152,
        153,
        154,
        155,
        156,
        157,
        159,
        169,
        170,
        181,
        184,
        205
      ],
      "summary": {
        "covered_lines": 91,
        "num_statements": 133,
        "percent_covered": 68.42105263157895,
        "percent_covered_display": "68",
        "missing_lines": 42,
        "excluded_lines": 0,
        "percent_statements_covered": 68.42105263157895,
        "percent_statements_covered_display": "68"
      },
      "missing_lines": [
        87,
        88,
        90,
        112,
        119,
        129,
        147,
        148,
        160,
        161,
        162,
        163,
        164,
        165,
        166,
        171,
        172,
        173,
        174,
        175,
        176,
        177,
        178,
        179,
        182,
        185,
        186,
        187,
        188,
        190,
        191,
        192,
        193,
        195,
        196,
        197,
        198,
        199,
        200,
        201,
        203,
        206
      ],
      "excluded_lines": [],
      "functions": {
        "HTTPProvider.__init__": {
          "executed_lines": [
            64,
            65,
            66,
            67,
            68,
            69
          ],
          "summary": {
            "covered_lines": 6,
            "num_statements": 6,
            "percent_covered": 100.0,
            "percent_covered_display": "100",
            "missing_lines": 0,
            "excluded_lines": 0,
            "percent_statements_covered": 100.0,
            "percent_statements_covered_display": "100"
          },
          "missing_lines": [],
          "excluded_lines": [],
          "start_line": 56
        },
        "HTTPProvider._generate_url_map": {
          "executed_lines": [
            72,
            77,
            83,
            93,
            94,
            100
          ],
          "summary": {
            "covered_lines": 6,
            "num_statements": 6,
            "percent_covered": 100.0,
            "percent_covered_display": "100",
            "missing_lines": 0,
            "excluded_lines": 0,
            "percent_statements_covered": 100.0,
            "percent_statements_covered_display": "100"
          },
          "missing_lines": [],
          "excluded_lines": [],
          "start_line": 71
        },
        "HTTPProvider._generate_url_map._add_channel_path": {
          "executed_lines": [
            73,
            74,
            75
          ],
          "summary": {
            "covered_lines": 3,
            "num_statements": 3,
            "percent_covered": 100.0,
            "percent_covered_display": "100",
            "missing_lines": 0,
            "excluded_lines": 0,
            "percent_statements_covered": 100.0,
            "percent_statements_covered_display": "100"
          },
          "missing_lines": [],
          "excluded_lines": [],
          "start_line": 72
        },
        "HTTPProvider._generate_url_map._make_ws_url": {
          "executed_lines": [
            84,
            85,
            86,
            91
          ],
          "summary": {
            "covered_lines": 4,
            "num_statements": 7,
            "percent_covered": 57.142857142857146,
            "percent_covered_display": "57",
            "missing_lines": 3,
            "excluded_lines": 0,
            "percent_statements_covered": 57.142857142857146,
            "percent_statements_covered_display": "57"
          },
          "missing_lines": [
            87,
            88,
            90
          ],
          "excluded_lines": [],
          "start_line": 83
        },
        "HTTPProvider._get_channel": {
          "executed_lines": [
            104,
            105,
            106,
            107,
            108,
            109
          ],
          "summary": {
            "covered_lines": 6,
            "num_statements": 6,
            "percent_covered": 100.0,
            "percent_covered_display": "100",
            "missing_lines": 0,
            "excluded_lines": 0,
            "percent_statements_covered": 100.0,
            "percent_statements_covered_display": "100"
          },
          "missing_lines": [],
          "excluded_lines": [],
          "start_line": 103
        },
        "HTTPProvider.__str__": {
          "executed_lines": [],
          "summary": {
            "covered_lines": 0,
            "num_statements": 1,
            "percent_covered": 0.0,
            "percent_covered_display": "0",
            "missing_lines": 1,
            "excluded_lines": 0,
            "percent_statements_covered": 0.0,
            "percent_statements_covered_display": "0"
          },
          "missing_lines": [
            112
          ],
          "excluded_lines": [],
          "start_line": 111
        },
        "HTTPProvider._get_request_kwargs": {
          "executed_lines": [
            116,
            117,
            118
          ],
          "summary": {
            "covered_lines": 3,
            "num_statements": 4,
            "percent_covered": 75.0,
            "percent_covered_display": "75",
            "missing_lines": 1,
            "excluded_lines": 0,
            "percent_statements_covered": 75.0,
            "percent_statements_covered_display": "75"
          },
          "missing_lines": [
            119
          ],
          "excluded_lines": [],
          "start_line": 115
        },
        "HTTPProvider._make_post_request": {
          "executed_lines": [
            123,
            124,
            125,
            126
          ],
          "summary": {
            "covered_lines": 4,
            "num_statements": 4,
            "percent_covered": 100.0,
            "percent_covered_display": "100",
            "missing_lines": 0,
            "excluded_lines": 0,
            "percent_statements_covered": 100.0,
            "percent_statements_covered_display": "100"
          },
          "missing_lines": [],
          "excluded_lines": [],
          "start_line": 122
        },
        "HTTPProvider._make_id": {
          "executed_lines": [],
          "summary": {
            "covered_lines": 0,
            "num_statements": 1,
            "percent_covered": 0.0,
            "percent_covered_display": "0",
            "missing_lines": 1,
            "excluded_lines": 0,
            "percent_statements_covered": 0.0,
            "percent_statements_covered_display": "0"
          },
          "missing_lines": [
            129
          ],
          "excluded_lines": [],
          "start_line": 128
        },
        "HTTPProvider.make_request": {
          "executed_lines": [
            132,
            137,
            138,
            140,
            141,
            142,
            143,
            144,
            145,
            146
          ],