{
  "files": {
    "whatsapp_api_client_python/API.py": {
      "executed_lines": [
        1,
        2,
        3,
        5,
        6,
        8,
        9,
        23,
        29,
        40,
        41,
        42,
        43,
        46,
        47,
        49,
        50,
        52,
        53,
        55,
        56,
        57,
        58,
        59,
        60,
        61,
        62,
        63,
        64,
        66,
        67,
        69,
        103,
        119,
        145,
        146,
        147,
        154,
        156,
        157,
        161,
        162,
        168,
        169,
        172,
        173
      ],
      "summary": {
        "covered_lines": 46,
        "num_statements": 86,
        "percent_covered": 53.48837209302326,
        "percent_covered_display": "53",
        "missing_lines": 40,
        "excluded_lines": 0,
        "percent_statements_covered": 53.48837209302326,
        "percent_statements_covered_display": "53"
      },
      "missing_lines": [
        76,
        77,
        78,
        79,
        81,
        82,
        83,
        87,
        90,
        91,
        93,
        94,
        95,
        97,
        99,
        101,
        104,
        105,
        106,
        107,
        109,
        110,
        111,
        113,
        115,
        117,
        120,
        121,
        122,
        123,
        126,
        127,
        129,
        130,
        135,
        136,
        137,
        139,
        141,
        159
      ],
      "excluded_lines": [],
      "functions": {
        "GreenApi.__init__": {
          "executed_lines": [
            40,
            41,
            42,
            43,
            46,
            47,
            49,
            50,
            52,
            53,
            55,
            56,
            57,
            58,
            59,
            60,
            61,
            62,
            63,
            64,
            66,
            67
          ],
          "summary": {
            "covered_lines": 22,
            "num_statements": 22,
            "percent_covered": 100.0,
            "percent_covered_display": "100",
            "missing_lines": 0,
            "excluded_lines": 0,
            "percent_statements_covered": 100.0,
            "percent_statements_covered_display": "100"
          },
          "missing_lines": [],
          "excluded_lines": [],
          "start_line": 29
        },
        "GreenApi.request": {
          "executed_lines": [],
          "summary": {
            "covered_lines": 0,
            "num_statements": 16,
            "percent_covered": 0.0,
            "percent_covered_display": "0",
            "missing_lines": 16,
            "excluded_lines": 0,
            "percent_statements_covered": 0.0,
            "percent_statements_covered_display": "0"
          },
          "missing_lines": [
            76,
            77,
            78,
            79,
            81,
            82,
            83,
            87,
            90,
            91,
            93,
            94,
            95,
            97,
            99,
            101
          ],
          "excluded_lines": [],
          "start_line": 69
        },
        "GreenApi.raw_request": {
          "executed_lines": [],
          "summary": {
            "covered_lines": 0,
            "num_statements": 10,
            "percent_covered": 0.0,
            "percent_covered_display": "0",
            "missing_lines": 10,
            "excluded_lines": 0,
            "percent_statements_covered": 0.0,
            "percent_statements_covered_display": "0"
          },
          "missing_lines": [
            104,
            105,
            106,
            107,
            109,
            110,
            111,
            113,
            115,
            117
          ],
          "excluded_lines": [],
          "start_line": 103
        },
        "GreenApi.__handle_response": {
          "executed_lines": [],
          "summary": {
            "covered_lines": 0,
            "num_statements": 13,
            "percent_covered": 0.0,
            "percent_covered_display": "0",
            "missing_lines": 13,
            "excluded_lines": 0,
            "percent_statements_covered": 0.0,
            "percent_statements_covered_display": "0"
          },
          "missing_lines": [
            120,
            121,
            122,
            123,
            126,
            127,
            129,
            130,
            135,
            136,
            137,
            139,
            141
          ],
          "excluded_lines": [],
          "start_line": 119
        },
        "GreenApi.__prepare_logger": {
          "executed_lines": [
            146,
            147,
            154,
            156,
            157
          ],
          "summary": {
            "covered_lines": 5,
            "num_statements": 6,
            "percent_covered": 83.33333333333333,
            "percent_covered_display": "83",
            "missing_lines": 1,
            "excluded_lines": 0,
            "percent_statements_covered": 83.33333333333333,
            "percent_statements_covered_display": "83"
          },
          "missing_lines": [
            159
          ],
          "excluded_lines": [],
          "start_line": 145
        },
        "GreenApi.__prepare_session": {
          "executed_lines": [
            162
          ],
          "summary": {
            "covered_lines": 1,
            "num_statements": 1,
            "percent_covered": 100.0,
            "percent_covered_display": "100",
            "missing_lines": 0,
            "excluded_lines": 0,
            "percent_statements_covered": 100.0,
            "percent_statements_covered_display": "100"
          },
          "missing_lines": [],
          "excluded_lines": [],
          "start_line": 161
        },
        "": {
          "executed_lines": [
            1,
            2,
            3,
            5,
            6,
            8,
            9,
            23,
            29,
            69,
            103,
            119,
            145,
            161,
            168,
            169,
            172,
            173
          ],
          "summary": {
            "covered_lines": 18,
            "num_statements": 18,
            "percent_covered": 100.0,
            "percent_covered_display": "100",
            "missing_lines": 0,
            "excluded_lines": 0,
            "percent_statements_covered": 100.0,
            "percent_statements_covered_display": "100"
          },
          "missing_lines": [],
          "excluded_lines": [],
          "start_line": 1
        }
      },
      "classes": {
        "GreenApi": {
          "executed_lines": [
            40,
            41,
            42,
            43,
            46,
            47,
            49,
            50,
            52,
            53,
            55,
            56,
            57,
            58,
            59,
            60,
            61,
            62,
            63,
            64,
            66,
            67,
            146,
            147,
            154,
            156,
            157,
            162
          ],
          "summary": {
            "covered_lines": 28,
            "num_statements": 68,
            "percent_covered": 41.1764705882353,
            "percent_covered_display": "41",
            "missing_lines": 40,
            "excluded_lines": 0,
            "percent_statements_covered": 41.1764705882353,
            "percent_statements_covered_display": "41"
          },