{
  "files": {
    "api/tokens.py": {
      "executed_lines": [
        1,
        2,
        4,
        5,
        6,
        7,
        9,
        10,
        11,
        12,
        13,
        16,
        17,
        18,
        21,
        38,
        39,
        40,
        41,
        42,
        58,
        59,
        60,
        61,
        62,
        84,
        85,
        86,
        87,
        88,
        99,
        100,
        101,
        103,
        115,
        116,
        117,
        119,
        120,
        130,
        131,
        133,
        134,
        151,
        152,
        153,
        154,
        156
      ],
      "summary": {
        "covered_lines": 48,
        "num_statements": 121,
        "percent_covered": 39.66942148760331,
        "percent_covered_display": "40",
        "missing_lines": 73,
        "excluded_lines": 2,
        "percent_statements_covered": 39.66942148760331,
        "percent_statements_covered_display": "40"
      },
      "missing_lines": [
        22,
        23,
        24,
        25,
        26,
        27,
        31,
        50,
        51,
        52,
        53,
        54,
        55,
        69,
        70,
        72,
        73,
        74,
        75,
        76,
        77,
        78,
        79,
        80,
        81,
        90,
        91,
        94,
        95,
        96,
        105,
        106,
        107,
        108,
        110,
        112,
        122,
        123,
        124,
        125,
        126,
        127,
        136,
        137,
        138,
        139,
        140,
        148,
        164,
        165,
        166,
        167,
        168,
        170,
        171,
        179,
        180,
        181,
        182,
        183,
        185,
        189,
        190,
        191,
        192,
        193,
        194,
        195,
        196,
        197,
        198,
        199,
        200
      ],
      "excluded_lines": [
        92,
        93
      ],
      "functions": {
        "token_response": {
          "executed_lines": [],
          "summary": {
            "covered_lines": 0,
            "num_statements": 7,
            "percent_covered": 0.0,
            "percent_covered_display": "0",
            "missing_lines": 7,
            "excluded_lines": 0,
            "percent_statements_covered": 0.0,
            "percent_statements_covered_display": "0"
          },
          "missing_lines": [
            22,
            23,
            24,
            25,
            26,
            27,
            31
          ],
          "excluded_lines": [],
          "start_line": 21
        },
        "new": {
          "executed_lines": [],
          "summary": {
            "covered_lines": 0,
            "num_statements": 6,
            "percent_covered": 0.0,
            "percent_covered_display": "0",
            "missing_lines": 6,
            "excluded_lines": 0,
            "percent_statements_covered": 0.0,
            "percent_statements_covered_display": "0"
          },
          "missing_lines": [
            50,
            51,
            52,
            53,
            54,
            55
          ],
          "excluded_lines": [],
          "start_line": 42
        },
        "refresh": {
          "executed_lines": [],
          "summary": {
            "covered_lines": 0,
            "num_statements": 12,
            "percent_covered": 0.0,
            "percent_covered_display": "0",
            "missing_lines": 12,
            "excluded_lines": 0,
            "percent_statements_covered": 0.0,
            "percent_statements_covered_display": "0"
          },
          "missing_lines": [
            69,
            70,
            72,
            73,
            74,
            75,
            76,
            77,
            78,
            79,
            80,
            81
          ],
          "excluded_lines": [],
          "start_line": 62
        },
        "revoke": {
          "executed_lines": [],
          "summary": {
            "covered_lines": 0,
            "num_statements": 5,
            "percent_covered": 0.0,
            "percent_covered_display": "0",
            "missing_lines": 5,
            "excluded_lines": 2,
            "percent_statements_covered": 0.0,
            "percent_statements_covered_display": "0"
          },
          "missing_lines": [
            90,
            91,
            94,
            95,
            96
          ],
          "excluded_lines": [
            92,
            93
          ],
          "start_line": 88
        },
        "reset": {
          "executed_lines": [],
          "summary": {
            "covered_lines": 0,
            "num_statements": 6,
            "percent_covered": 0.0,
            "percent_covered_display": "0",
            "missing_lines": 6,
            "excluded_lines": 0,
            "percent_statements_covered": 0.0,
            "percent_statements_covered_display": "0"
          },
          "missing_lines": [
            105,
            106,
            107,
            108,
            110,
            112
          ],
          "excluded_lines": [],
          "start_line": 103
        },
        "password_reset": {
          "executed_lines": [],
          "summary": {
            "covered_lines": 0,
            "num_statements": 6,
            "percent_covered": 0.0,
            "percent_covered_display": "0",
            "missing_lines": 6,
            "excluded_lines": 0,
            "percent_statements_covered": 0.0,
            "percent_statements_covered_display": "0"
          },
          "missing_lines": [
            122,
            123,
            124,
            125,
            126,
            127
          ],
          "excluded_lines": [],
          "start_line": 120
        },
        "oauth2_authorize": {
          "executed_lines": [],
          "summary": {
            "covered_lines": 0,
            "num_statements": 6,
            "percent_covered": 0.0,
            "percent_covered_display": "0",
            "missing_lines": 6,
            "excluded_lines": 0,
            "percent_statements_covered": 0.0,
            "percent_statements_covered_display": "0"
          },
          "missing_lines": [
            136,
            137,
            138,
            139,
            140,
            148
          ],
          "excluded_lines": [],
          "start_line": 134
        },
        "oauth2_new": {
          "executed_lines": [],
          "summary": {
            "covered_lines": 0,
            "num_statements": 25,
            "percent_covered": 0.0,
            "percent_covered_display": "0",
            "missing_lines": 25,
            "excluded_lines": 0,
            "percent_statements_covered": 0.0,
            "percent_statements_covered_display": "0"
          },
          "missing_lines": [
            164,
            165,
            166,
            167,
            168,
            170,
            171,
            179,
            180,
            181,
            182,
            183,
            185,
            189,
            190,
            191,
            192,
            193,
            194,
            195,
            196,
            197,
            198,
            199,
            200
          ],
          "excluded_lines": [],
          "start_line": 156
        },