{
  "files": {
    "tasks/add_new_prebid_partner.py": {
      "executed_lines": [
        4,
        5,
        6,
        7,
        8,
        9,
        11,
        13,
        14,
        15,
        16,
        17,
        18,
        19,
        20,
        21,
        22,
        23,
        24,
        28,
        41,
        46,
        47,
        48,
        49,
        51,
        54,
        61,
        64,
        67,
        70,
        74,
        77,
        79,
        82,
        83,
        86,
        87,
        90,
        93,
        94,
        97,
        100,
        109,
        114,
        119,
        120,
        121,
        123,
        125,
        126,
        127,
        128,
        129,
        130,
        131,
        133,
        134,
        137,
        146,
        147,
        148,
        149,
        152,
        161,
        162,
        163,
        164,
        166,
        190,
        192,
        193,
        195,
        198,
        204,
        206,
        214,
        216,
        218,
        229,
        230,
        231,
        232,
        233,
        234,
        235,
        238,
        242,
        243,
        246,
        250,
        251,
        254,
        260,
        261,
        262,
        264,
        265,
        266,
        268,
        269,
        270,
        272,
        273,
        275,
        276,
        278,
        281,
        282,
        283,
        287,
        288,
        290,
        294,
        296,
        301,
        306,
        307,
        308,
        310,
        311,
        312,
        314,
        315,
        316,
        317,
        318,
        319,
        320,
        326,
        327,
        329,
        330,
        331,
        334,
        336,
        339,
        366,
        377,
        382,
        384,
        385,
        386,
        388,
        390
      ],
      "summary": {
        "covered_lines": 145,
        "num_statements": 159,
        "percent_covered": 91.19496855345912,
        "percent_covered_display": "91",
        "missing_lines": 14,
        "excluded_lines": 0,
        "percent_statements_covered": 91.19496855345912,
        "percent_statements_covered_display": "91"
      },
      "missing_lines": [
        42,
        43,
        44,
        239,
        247,
        279,
        284,
        289,
        291,
        313,
        321,
        323,
        367,
        391
      ],
      "excluded_lines": [],
      "functions": {
        "setup_partner": {
          "executed_lines": [
            61,
            64,
            67,
            70,
            74,
            77,
            79,
            82,
            83,
            86,
            87,
            90,
            93,
            94,
            97,
            100
          ],
          "summary": {
            "covered_lines": 16,
            "num_statements": 16,
            "percent_covered": 100.0,
            "percent_covered_display": "100",
            "missing_lines": 0,
            "excluded_lines": 0,
            "percent_statements_covered": 100.0,
            "percent_statements_covered_display": "100"
          },
          "missing_lines": [],
          "excluded_lines": [],
          "start_line": 54
        },
        "DFPValueIdGetter.__init__": {
          "executed_lines": [
            119,
            120,
            121,
            123
          ],
          "summary": {
            "covered_lines": 4,
            "num_statements": 4,
            "percent_covered": 100.0,
            "percent_covered_display": "100",
            "missing_lines": 0,
            "excluded_lines": 0,
            "percent_statements_covered": 100.0,
            "percent_statements_covered_display": "100"
          },
          "missing_lines": [],
          "excluded_lines": [],
          "start_line": 114
        },
        "DFPValueIdGetter._get_value_id_from_cache": {
          "executed_lines": [
            126,
            127,
            128,
            129,
            130,
            131
          ],
          "summary": {
            "covered_lines": 6,
            "num_statements": 6,
            "percent_covered": 100.0,
            "percent_covered_display": "100",
            "missing_lines": 0,
            "excluded_lines": 0,
            "percent_statements_covered": 100.0,
            "percent_statements_covered_display": "100"
          },
          "missing_lines": [],
          "excluded_lines": [],
          "start_line": 125
        },
        "DFPValueIdGetter._create_value_and_return_id": {
          "executed_lines": [
            134
          ],
          "summary": {
            "covered_lines": 1,
            "num_statements": 1,
            "percent_covered": 100.0,
            "percent_covered_display": "100",
            "missing_lines": 0,
            "excluded_lines": 0,
            "percent_statements_covered": 100.0,
            "percent_statements_covered_display": "100"
          },
          "missing_lines": [],
          "excluded_lines": [],
          "start_line": 133
        },
        "DFPValueIdGetter.get_value_id": {
          "executed_lines": [
            146,
            147,
            148,
            149
          ],
          "summary": {
            "covered_lines": 4,
            "num_statements": 4,
            "percent_covered": 100.0,
            "percent_covered_display": "100",
            "missing_lines": 0,
            "excluded_lines": 0,
            "percent_statements_covered": 100.0,
            "percent_statements_covered_display": "100"
          },
          "missing_lines": [],
          "excluded_lines": [],
          "start_line": 137
        },
        "get_or_create_dfp_targeting_key": {
          "executed_lines": [
            161,
            162,
            163,
            164
          ],
          "summary": {
            "covered_lines": 4,
            "num_statements": 4,
            "percent_covered": 100.0,
            "percent_covered_display": "100",
            "missing_lines": 0,
            "excluded_lines": 0,
            "percent_statements_covered": 100.0,
            "percent_statements_covered_display": "100"
          },
          "missing_lines": [],
          "excluded_lines": [],
          "start_line": 152
        },
        "create_line_item_configs": {
          "executed_lines": [
            190,
            192,
            193,
            195,
            198,
            204,
            206,
            214,
            216
          ],
          "summary": {
            "covered_lines": 9,
            "num_statements": 9,
            "percent_covered": 100.0,
            "percent_covered_display": "100",
            "missing_lines": 0,
            "excluded_lines": 0,
            "percent_statements_covered": 100.0,
            "percent_statements_covered_display": "100"
          },
          "missing_lines": [],
          "excluded_lines": [],
          "start_line": 166
        },
        "check_price_buckets_validity": {
          "executed_lines": [
            229,
            230,
            231,
            232,
            233,
            234,
            235,
            238,
            242,
            243,
            246,
            250,
            251
          ],
          "summary": {
            "covered_lines": 13,
            "num_statements": 15,
            "percent_covered": 86.66666666666667,
            "percent_covered_display": "87",
            "missing_lines": 2,
            "excluded_lines": 0,
            "percent_statements_covered": 86.66666666666667,
            "percent_statements_covered_display": "87"
          },
          "missing_lines": [
            239,
            247
          ],
          "excluded_lines": [],
          "start_line": 218
        },