{
  "files": {
    "config.py": {
      "executed_lines": [
        13,
        14,
        15,
        16,
        18,
        57,
        84,
        85,
        86,
        87,
        88,
        89,
        90,
        91,
        92,
        93,
        94,
        95,
        96,
        97,
        98,
        99,
        100,
        101,
        102,
        103,
        104,
        105,
        106,
        107,
        109,
        139,
        149,
        150,
        151,
        152,
        155,
        164,
        165,
        166,
        167,
        168,
        169,
        170,
        173,
        179,
        180,
        182,
        184,
        185,
        186,
        187,
        189,
        194,
        195,
        203,
        205,
        206,
        207,
        210,
        211,
        212,
        213,
        215,
        216,
        217,
        218,
        221,
        222,
        223,
        224,
        225,
        226,
        227,
        228,
        229,
        230,
        231,
        233
      ],
      "summary": {
        "covered_lines": 79,
        "num_statements": 83,
        "percent_covered": 95.18072289156626,
        "percent_covered_display": "95",
        "missing_lines": 4,
        "excluded_lines": 0,
        "percent_statements_covered": 95.18072289156626,
        "percent_statements_covered_display": "95"
      },
      "missing_lines": [
        110,
        190,
        201,
        208
      ],
      "excluded_lines": [],
      "functions": {
        "EnvVars.__init__": {
          "executed_lines": [
            84,
            85,
            86,
            87,
            88,
            89,
            90,
            91,
            92,
            93,
            94,
            95,
            96,
            97,
            98,
            99,
            100,
            101,
            102,
            103,
            104,
            105,
            106,
            107
          ],
          "summary": {
            "covered_lines": 24,
            "num_statements": 24,
            "percent_covered": 100.0,
            "percent_covered_display": "100",
            "missing_lines": 0,
            "excluded_lines": 0,
            "percent_statements_covered": 100.0,
            "percent_statements_covered_display": "100"
          },
          "missing_lines": [],
          "excluded_lines": [],
          "start_line": 57
        },
        "EnvVars.__repr__": {
          "executed_lines": [],
          "summary": {
            "covered_lines": 0,
            "num_statements": 1,
            "percent_covered": 0.0,
            "percent_covered_display": "0",
            "missing_lines": 1,
            "excluded_lines": 0,
            "percent_statements_covered": 0.0,
            "percent_statements_covered_display": "0"
          },
          "missing_lines": [
            110
          ],
          "excluded_lines": [],
          "start_line": 109
        },
        "get_bool_env_var": {
          "executed_lines": [
            149,
            150,
            151,
            152
          ],
          "summary": {
            "covered_lines": 4,
            "num_statements": 4,
            "percent_covered": 100.0,
            "percent_covered_display": "100",
            "missing_lines": 0,
            "excluded_lines": 0,
            "percent_statements_covered": 100.0,
            "percent_statements_covered_display": "100"
          },
          "missing_lines": [],
          "excluded_lines": [],
          "start_line": 139
        },
        "get_int_env_var": {
          "executed_lines": [
            164,
            165,
            166,
            167,
            168,
            169,
            170
          ],
          "summary": {
            "covered_lines": 7,
            "num_statements": 7,
            "percent_covered": 100.0,
            "percent_covered_display": "100",
            "missing_lines": 0,
            "excluded_lines": 0,
            "percent_statements_covered": 100.0,
            "percent_statements_covered_display": "100"
          },
          "missing_lines": [],
          "excluded_lines": [],
          "start_line": 155
        },
        "get_env_vars": {
          "executed_lines": [
            179,
            180,
            182,
            184,
            185,
            186,
            187,
            189,
            194,
            195,
            203,
            205,
            206,
            207,
            210,
            211,
            212,
            213,
            215,
            216,
            217,
            218,
            221,
            222,
            223,
            224,
            225,
            226,
            227,
            228,
            229,
            230,
            231,
            233
          ],
          "summary": {
            "covered_lines": 34,
            "num_statements": 37,
            "percent_covered": 91.89189189189189,
            "percent_covered_display": "92",
            "missing_lines": 3,
            "excluded_lines": 0,
            "percent_statements_covered": 91.89189189189189,
            "percent_statements_covered_display": "92"
          },
          "missing_lines": [
            190,
            201,
            208
          ],
          "excluded_lines": [],
          "start_line": 173
        },
        "": {
          "executed_lines": [
            13,
            14,
            15,
            16,
            18,
            57,
            109,
            139,
            155,
            173
          ],
          "summary": {
            "covered_lines": 10,
            "num_statements": 10,
            "percent_covered": 100.0,
            "percent_covered_display": "100",
            "missing_lines": 0,
            "excluded_lines": 0,
            "percent_statements_covered": 100.0,
            "percent_statements_covered_display": "100"
          },
          "missing_lines": [],
          "excluded_lines": [],
          "start_line": 1
        }
      },
      "classes": {
        "EnvVars": {
          "executed_lines": [
            84,
            85,
            86,
            87,
            88,
            89,
            90,
            91,
            92,
            93,
            94,
            95,
            96,
            97,
            98,
            99,
            100,
            101,
            102,
            103,
            104,
            105,
            106,
            107
          ],
          "summary": {
            "covered_lines": 24,
            "num_statements": 25,
            "percent_covered": 96.0,
            "percent_covered_display": "96",
            "missing_lines": 1,
            "excluded_lines": 0,
            "percent_statements_covered": 96.0,
            "percent_statements_covered_display": "96"
          },
          "missing_lines": [
            110
          ],
          "excluded_lines": [],
          "start_line": 18
        },