{
  "files": {
    "github_nonpublic_api/api.py": {
      "executed_lines": [
        17,
        18,
        19,
        20,
        21,
        23,
        24,
        25,
        26,
        27,
        28,
        31,
        74,
        81,
        112,
        113,
        114,
        115,
        116,
        117,
        120,
        121,
        124,
        129,
        132,
        133,
        136,
        143,
        150,
        157,
        175,
        203,
        219,
        231,
        240,
        254,
        266,
        283,
        315
      ],
      "summary": {
        "covered_lines": 39,
        "num_statements": 126,
        "percent_covered": 30.952380952380953,
        "percent_covered_display": "31",
        "missing_lines": 87,
        "excluded_lines": 0,
        "percent_statements_covered": 30.952380952380953,
        "percent_statements_covered_display": "31"
      },
      "missing_lines": [
        34,
        35,
        36,
        37,
        38,
        39,
        41,
        42,
        44,
        45,
        46,
        47,
        48,
        49,
        50,
        52,
        53,
        55,
        56,
        57,
        58,
        59,
        61,
        62,
        64,
        66,
        67,
        69,
        70,
        71,
        75,
        76,
        77,
        78,
        88,
        91,
        93,
        94,
        96,
        100,
        101,
        103,
        109,
        163,
        164,
        166,
        167,
        168,
        187,
        188,
        189,
        190,
        191,
        192,
        193,
        194,
        196,
        207,
        209,
        210,
        212,
        223,
        225,
        235,
        238,
        246,
        247,
        248,
        256,
        257,
        258,
        262,
        263,
        264,
        273,
        289,
        290,
        292,
        293,
        294,
        295,
        303,
        304,
        305,
        306,
        316,
        318
      ],
      "excluded_lines": [],
      "functions": {
        "_get_and_submit_form": {
          "executed_lines": [],
          "summary": {
            "covered_lines": 0,
            "num_statements": 30,
            "percent_covered": 0.0,
            "percent_covered_display": "0",
            "missing_lines": 30,
            "excluded_lines": 0,
            "percent_statements_covered": 0.0,
            "percent_statements_covered_display": "0"
          },
          "missing_lines": [
            34,
            35,
            36,
            37,
            38,
            39,
            41,
            42,
            44,
            45,
            46,
            47,
            48,
            49,
            50,
            52,
            53,
            55,
            56,
            57,
            58,
            59,
            61,
            62,
            64,
            66,
            67,
            69,
            70,
            71
          ],
          "excluded_lines": [],
          "start_line": 31
        },
        "_get_url_with_session": {
          "executed_lines": [],
          "summary": {
            "covered_lines": 0,
            "num_statements": 4,
            "percent_covered": 0.0,
            "percent_covered_display": "0",
            "missing_lines": 4,
            "excluded_lines": 0,
            "percent_statements_covered": 0.0,
            "percent_statements_covered_display": "0"
          },
          "missing_lines": [
            75,
            76,
            77,
            78
          ],
          "excluded_lines": [],
          "start_line": 74
        },
        "create_login_session": {
          "executed_lines": [],
          "summary": {
            "covered_lines": 0,
            "num_statements": 7,
            "percent_covered": 0.0,
            "percent_covered_display": "0",
            "missing_lines": 7,
            "excluded_lines": 0,
            "percent_statements_covered": 0.0,
            "percent_statements_covered_display": "0"
          },
          "missing_lines": [
            88,
            91,
            93,
            96,
            100,
            103,
            109
          ],
          "excluded_lines": [],
          "start_line": 81
        },
        "create_login_session._login_callback": {
          "executed_lines": [],
          "summary": {
            "covered_lines": 0,
            "num_statements": 1,
            "percent_covered": 0.0,
            "percent_covered_display": "0",
            "missing_lines": 1,
            "excluded_lines": 0,
            "percent_statements_covered": 0.0,
            "percent_statements_covered_display": "0"
          },
          "missing_lines": [
            94
          ],
          "excluded_lines": [],
          "start_line": 93
        },
        "create_login_session._tfa_callback": {
          "executed_lines": [],
          "summary": {
            "covered_lines": 0,
            "num_statements": 1,
            "percent_covered": 0.0,
            "percent_covered_display": "0",
            "missing_lines": 1,
            "excluded_lines": 0,
            "percent_statements_covered": 0.0,
            "percent_statements_covered_display": "0"
          },
          "missing_lines": [
            101
          ],
          "excluded_lines": [],
          "start_line": 100
        },
        "Api.__init__": {
          "executed_lines": [
            150
          ],
          "summary": {
            "covered_lines": 1,
            "num_statements": 1,
            "percent_covered": 100.0,
            "percent_covered_display": "100",
            "missing_lines": 0,
            "excluded_lines": 0,
            "percent_statements_covered": 100.0,
            "percent_statements_covered_display": "100"
          },
          "missing_lines": [],
          "excluded_lines": [],
          "start_line": 143
        },
        "Api.request_usage": {
          "executed_lines": [],
          "summary": {
            "covered_lines": 0,
            "num_statements": 4,
            "percent_covered": 0.0,
            "percent_covered_display": "0",
            "missing_lines": 4,
            "excluded_lines": 0,
            "percent_statements_covered": 0.0,
            "percent_statements_covered_display": "0"
          },
          "missing_lines": [
            163,
            166,
            167,
            168
          ],
          "excluded_lines": [],
          "start_line": 157
        },
        "Api.request_usage._request_usage_callback": {
          "executed_lines": [],
          "summary": {
            "covered_lines": 0,
            "num_statements": 1,
            "percent_covered": 0.0,
            "percent_covered_display": "0",
            "missing_lines": 1,
            "excluded_lines": 0,
            "percent_statements_covered": 0.0,
            "percent_statements_covered_display": "0"
          },
          "missing_lines": [
            164
          ],
          "excluded_lines": [],
          "start_line": 163
        },
        "Api.create_organization": {
          "executed_lines": [],
          "summary": {
            "covered_lines": 0,
            "num_statements": 2,
            "percent_covered": 0.0,
            "percent_covered_display": "0",
            "missing_lines": 2,
            "excluded_lines": 0,
            "percent_statements_covered": 0.0,
            "percent_statements_covered_display": "0"
          },
          "missing_lines": [
            187,
            196
          ],
          "excluded_lines": [],
          "start_line": 175
        },
        "Api.create_organization._create_org_callback": {
          "executed_lines": [],
          "summary": {
            "covered_lines": 0,
            "num_statements": 7,
            "percent_covered": 0.0,
            "percent_covered_display": "0",
            "missing_lines": 7,