{
  "files": {
    "src/gpt2/training/training.py": {
      "executed_lines": [
        1,
        2,
        3,
        4,
        5,
        6,
        7,
        8,
        10,
        11,
        12,
        13,
        15,
        16,
        17,
        20,
        21,
        25,
        34,
        157,
        182,
        183,
        192,
        207
      ],
      "summary": {
        "covered_lines": 24,
        "num_statements": 112,
        "percent_covered": 21.428571428571427,
        "percent_covered_display": "21",
        "missing_lines": 88,
        "excluded_lines": 0,
        "percent_statements_covered": 21.428571428571427,
        "percent_statements_covered_display": "21"
      },
      "missing_lines": [
        22,
        23,
        28,
        29,
        32,
        38,
        39,
        40,
        46,
        47,
        50,
        51,
        52,
        53,
        57,
        58,
        61,
        62,
        64,
        65,
        68,
        69,
        72,
        74,
        75,
        77,
        78,
        80,
        81,
        82,
        84,
        85,
        87,
        88,
        92,
        93,
        95,
        98,
        99,
        102,
        104,
        106,
        108,
        114,
        116,
        117,
        119,
        121,
        122,
        126,
        127,
        135,
        136,
        138,
        142,
        143,
        148,
        149,
        152,
        153,
        164,
        165,
        167,
        168,
        169,
        171,
        172,
        173,
        175,
        177,
        178,
        180,
        185,
        187,
        188,
        190,
        194,
        197,
        199,
        200,
        201,
        203,
        205,
        208,
        209,
        210,
        211,
        213
      ],
      "excluded_lines": [],
      "functions": {
        "Trainer.__init__": {
          "executed_lines": [],
          "summary": {
            "covered_lines": 0,
            "num_statements": 2,
            "percent_covered": 0.0,
            "percent_covered_display": "0",
            "missing_lines": 2,
            "excluded_lines": 0,
            "percent_statements_covered": 0.0,
            "percent_statements_covered_display": "0"
          },
          "missing_lines": [
            22,
            23
          ],
          "excluded_lines": [],
          "start_line": 21
        },
        "Trainer.train": {
          "executed_lines": [],
          "summary": {
            "covered_lines": 0,
            "num_statements": 3,
            "percent_covered": 0.0,
            "percent_covered_display": "0",
            "missing_lines": 3,
            "excluded_lines": 0,
            "percent_statements_covered": 0.0,
            "percent_statements_covered_display": "0"
          },
          "missing_lines": [
            28,
            29,
            32
          ],
          "excluded_lines": [],
          "start_line": 25
        },
        "Trainer._train": {
          "executed_lines": [],
          "summary": {
            "covered_lines": 0,
            "num_statements": 55,
            "percent_covered": 0.0,
            "percent_covered_display": "0",
            "missing_lines": 55,
            "excluded_lines": 0,
            "percent_statements_covered": 0.0,
            "percent_statements_covered_display": "0"
          },
          "missing_lines": [
            38,
            39,
            40,
            46,
            47,
            50,
            51,
            52,
            53,
            57,
            58,
            61,
            62,
            64,
            65,
            68,
            69,
            72,
            74,
            75,
            77,
            78,
            80,
            81,
            82,
            84,
            85,
            87,
            88,
            92,
            93,
            95,
            98,
            99,
            102,
            104,
            106,
            108,
            114,
            116,
            117,
            119,
            121,
            122,
            126,
            127,
            135,
            136,
            138,
            142,
            143,
            148,
            149,
            152,
            153
          ],
          "excluded_lines": [],
          "start_line": 34
        },
        "Trainer._train_step": {
          "executed_lines": [],
          "summary": {
            "covered_lines": 0,
            "num_statements": 12,
            "percent_covered": 0.0,
            "percent_covered_display": "0",
            "missing_lines": 12,
            "excluded_lines": 0,
            "percent_statements_covered": 0.0,
            "percent_statements_covered_display": "0"
          },
          "missing_lines": [
            164,
            165,
            167,
            168,
            169,
            171,
            172,
            173,
            175,
            177,
            178,
            180
          ],
          "excluded_lines": [],
          "start_line": 157
        },
        "Trainer._eval_step": {
          "executed_lines": [],
          "summary": {
            "covered_lines": 0,
            "num_statements": 4,
            "percent_covered": 0.0,
            "percent_covered_display": "0",
            "missing_lines": 4,
            "excluded_lines": 0,
            "percent_statements_covered": 0.0,
            "percent_statements_covered_display": "0"
          },
          "missing_lines": [
            185,
            187,
            188,
            190
          ],
          "excluded_lines": [],
          "start_line": 183
        },
        "Trainer._fetch_from": {
          "executed_lines": [],
          "summary": {
            "covered_lines": 0,
            "num_statements": 7,
            "percent_covered": 0.0,
            "percent_covered_display": "0",
            "missing_lines": 7,
            "excluded_lines": 0,
            "percent_statements_covered": 0.0,
            "percent_statements_covered_display": "0"
          },
          "missing_lines": [
            194,
            197,
            199,
            200,
            201,
            203,
            205
          ],
          "excluded_lines": [],
          "start_line": 192
        },
        "Trainer._to_value": {
          "executed_lines": [],
          "summary": {
            "covered_lines": 0,
            "num_statements": 5,
            "percent_covered": 0.0,
            "percent_covered_display": "0",
            "missing_lines": 5,
            "excluded_lines": 0,
            "percent_statements_covered": 0.0,
            "percent_statements_covered_display": "0"
          },
          "missing_lines": [
            208,
            209,
            210,
            211,
            213
          ],
          "excluded_lines": [],
          "start_line": 207
        },
        "": {
          "executed_lines": [
            1,
            2,
            3,
            4,
            5,
            6,
            7,
            8,
            10,
            11,
            12,
            13,
            15,
            16,
            17,
            20,
            21,
            25,
            34,
            157,
            182,
            183,
            192,
            207
          ],
          "summary": {
            "covered_lines": 24,
            "num_statements": 24,
            "percent_covered": 100.0,
            "percent_covered_display": "100",
            "missing_lines": 0,
            "excluded_lines": 0,
            "percent_statements_covered": 100.0,
            "percent_statements_covered_display": "100"
          },
          "missing_lines": [],
          "excluded_lines": [],
          "start_line": 1
        }
      },
      "classes": {
        "Trainer": {
          "executed_lines": [],