{
  "files": {
    "apyrat/apyrat.py": {
      "executed_lines": [
        1,
        2,
        3,
        4,
        5,
        7,
        8,
        9,
        11,
        15,
        16,
        17,
        20,
        21,
        22,
        23,
        24,
        25,
        26,
        30,
        33,
        34,
        35,
        36,
        37,
        38,
        39,
        41,
        42,
        43,
        44,
        46,
        47,
        49,
        50,
        51,
        58,
        86,
        104,
        105,
        112,
        113,
        119,
        137,
        142,
        157,
        158
      ],
      "summary": {
        "covered_lines": 47,
        "num_statements": 93,
        "percent_covered": 50.53763440860215,
        "percent_covered_display": "51",
        "missing_lines": 46,
        "excluded_lines": 0,
        "percent_statements_covered": 50.53763440860215,
        "percent_statements_covered_display": "51"
      },
      "missing_lines": [
        48,
        52,
        53,
        54,
        56,
        59,
        60,
        61,
        62,
        63,
        64,
        65,
        69,
        70,
        76,
        77,
        84,
        87,
        88,
        89,
        93,
        94,
        95,
        110,
        120,
        123,
        124,
        126,
        129,
        133,
        134,
        135,
        138,
        139,
        140,
        143,
        144,
        145,
        146,
        147,
        149,
        151,
        152,
        154,
        155,
        159
      ],
      "excluded_lines": [],
      "functions": {
        "Downloader.__init__": {
          "executed_lines": [
            35,
            36,
            37,
            38,
            39
          ],
          "summary": {
            "covered_lines": 5,
            "num_statements": 5,
            "percent_covered": 100.0,
            "percent_covered_display": "100",
            "missing_lines": 0,
            "excluded_lines": 0,
            "percent_statements_covered": 100.0,
            "percent_statements_covered_display": "100"
          },
          "missing_lines": [],
          "excluded_lines": [],
          "start_line": 34
        },
        "Downloader._cleanup_url": {
          "executed_lines": [
            43,
            44
          ],
          "summary": {
            "covered_lines": 2,
            "num_statements": 2,
            "percent_covered": 100.0,
            "percent_covered_display": "100",
            "missing_lines": 0,
            "excluded_lines": 0,
            "percent_statements_covered": 100.0,
            "percent_statements_covered_display": "100"
          },
          "missing_lines": [],
          "excluded_lines": [],
          "start_line": 42
        },
        "Downloader._url_type": {
          "executed_lines": [
            47,
            49,
            50,
            51
          ],
          "summary": {
            "covered_lines": 4,
            "num_statements": 9,
            "percent_covered": 44.44444444444444,
            "percent_covered_display": "44",
            "missing_lines": 5,
            "excluded_lines": 0,
            "percent_statements_covered": 44.44444444444444,
            "percent_statements_covered_display": "44"
          },
          "missing_lines": [
            48,
            52,
            53,
            54,
            56
          ],
          "excluded_lines": [],
          "start_line": 46
        },
        "Downloader._get_available_videos": {
          "executed_lines": [],
          "summary": {
            "covered_lines": 0,
            "num_statements": 12,
            "percent_covered": 0.0,
            "percent_covered_display": "0",
            "missing_lines": 12,
            "excluded_lines": 0,
            "percent_statements_covered": 0.0,
            "percent_statements_covered_display": "0"
          },
          "missing_lines": [
            59,
            60,
            61,
            62,
            63,
            64,
            65,
            69,
            70,
            76,
            77,
            84
          ],
          "excluded_lines": [],
          "start_line": 58
        },
        "Downloader._get_single_video_qualities": {
          "executed_lines": [],
          "summary": {
            "covered_lines": 0,
            "num_statements": 6,
            "percent_covered": 0.0,
            "percent_covered_display": "0",
            "missing_lines": 6,
            "excluded_lines": 0,
            "percent_statements_covered": 0.0,
            "percent_statements_covered_display": "0"
          },
          "missing_lines": [
            87,
            88,
            89,
            93,
            94,
            95
          ],
          "excluded_lines": [],
          "start_line": 86
        },
        "Downloader._get_available_qualities": {
          "executed_lines": [
            105
          ],
          "summary": {
            "covered_lines": 1,
            "num_statements": 2,
            "percent_covered": 50.0,
            "percent_covered_display": "50",
            "missing_lines": 1,
            "excluded_lines": 0,
            "percent_statements_covered": 50.0,
            "percent_statements_covered_display": "50"
          },
          "missing_lines": [
            110
          ],
          "excluded_lines": [],
          "start_line": 104
        },
        "Downloader.default_quality": {
          "executed_lines": [
            113
          ],
          "summary": {
            "covered_lines": 1,
            "num_statements": 1,
            "percent_covered": 100.0,
            "percent_covered_display": "100",
            "missing_lines": 0,
            "excluded_lines": 0,
            "percent_statements_covered": 100.0,
            "percent_statements_covered_display": "100"
          },
          "missing_lines": [],
          "excluded_lines": [],
          "start_line": 112
        },
        "Downloader.find_closest_quality": {
          "executed_lines": [],
          "summary": {
            "covered_lines": 0,
            "num_statements": 8,
            "percent_covered": 0.0,
            "percent_covered_display": "0",
            "missing_lines": 8,
            "excluded_lines": 0,
            "percent_statements_covered": 0.0,
            "percent_statements_covered_display": "0"
          },
          "missing_lines": [
            120,
            123,
            124,
            126,
            129,
            133,
            134,
            135
          ],
          "excluded_lines": [],
          "start_line": 119
        },
        "Downloader.download": {
          "executed_lines": [],
          "summary": {
            "covered_lines": 0,
            "num_statements": 3,
            "percent_covered": 0.0,
            "percent_covered_display": "0",
            "missing_lines": 3,
            "excluded_lines": 0,
            "percent_statements_covered": 0.0,
            "percent_statements_covered_display": "0"
          },
          "missing_lines": [
            138,
            139,
            140
          ],
          "excluded_lines": [],
          "start_line": 137
        },
        "Downloader._download_video": {
          "executed_lines": [],
          "summary": {
            "covered_lines": 0,
            "num_statements": 10,
            "percent_covered": 0.0,
            "percent_covered_display": "0",
            "missing_lines": 10,
            "excluded_lines": 0,
            "percent_statements_covered": 0.0,
            "percent_statements_covered_display": "0"
          },
          "missing_lines": [
            143,
            144,
            145,
            146,
            147,
            149,
            151,
            152,
            154,
            155
          ],
          "excluded_lines": [],
          "start_line": 142
        },