{
  "files": {
    "src/gpt2/training/training.py": {
      "executed_lines": [
        1,
        2,
        3,
        4,
        5,
        6,
        7,
        8,
        9,
        11,
        12,
        13,
        14,
        16,
        17,
        20,
        21,
        25,
        34,
        163,
        188,
        189,
        198,
        213
      ],
      "summary": {
        "covered_lines": 24,
        "num_statements": 114,
        "percent_covered": 21.05263157894737,
        "percent_covered_display": "21",
        "missing_lines": 90,
        "excluded_lines": 0,
        "percent_statements_covered": 21.05263157894737,
        "percent_statements_covered_display": "21"
      },
      "missing_lines": [
        22,
        23,
        28,
        29,
        32,
        38,
        39,
        40,
        46,
        47,
        50,
        51,
        52,
        53,
        57,
        58,
        61,
        62,
        64,
        65,
        68,
        69,
        72,
        74,
        75,
        77,
        78,
        80,
        81,
        82,
        84,
        85,
        87,
        88,
        92,
        93,
        95,
        98,
        103,
        104,
        107,
        109,
        111,
        113,
        119,
        121,
        122,
        124,
        126,
        127,
        128,
        132,
        133,
        141,
        142,
        144,
        148,
        149,
        154,
        155,
        158,
        159,
        170,
        171,
        173,
        174,
        175,
        177,
        178,
        179,
        181,
        183,
        184,
        186,
        191,
        193,
        194,
        196,
        200,
        203,
        205,
        206,
        207,
        209,
        211,
        214,
        215,
        216,
        217,
        219
      ],
      "excluded_lines": [],
      "functions": {
        "Trainer.__init__": {
          "executed_lines": [],
          "summary": {
            "covered_lines": 0,
            "num_statements": 2,
            "percent_covered": 0.0,
            "percent_covered_display": "0",
            "missing_lines": 2,
            "excluded_lines": 0,
            "percent_statements_covered": 0.0,
            "percent_statements_covered_display": "0"
          },
          "missing_lines": [
            22,
            23
          ],
          "excluded_lines": [],
          "start_line": 21
        },
        "Trainer.train": {
          "executed_lines": [],
          "summary": {
            "covered_lines": 0,
            "num_statements": 3,
            "percent_covered": 0.0,
            "percent_covered_display": "0",
            "missing_lines": 3,
            "excluded_lines": 0,
            "percent_statements_covered": 0.0,
            "percent_statements_covered_display": "0"
          },
          "missing_lines": [
            28,
            29,
            32
          ],
          "excluded_lines": [],
          "start_line": 25
        },
        "Trainer._train": {
          "executed_lines": [],
          "summary": {
            "covered_lines": 0,
            "num_statements": 57,
            "percent_covered": 0.0,
            "percent_covered_display": "0",
            "missing_lines": 57,
            "excluded_lines": 0,
            "percent_statements_covered": 0.0,
            "percent_statements_covered_display": "0"
          },
          "missing_lines": [
            38,
            39,
            40,
            46,
            47,
            50,
            51,
            52,
            53,
            57,
            58,
            61,
            62,
            64,
            65,
            68,
            69,
            72,
            74,
            75,
            77,
            78,
            80,
            81,
            82,
            84,
            85,
            87,
            88,
            92,
            93,
            95,
            98,
            103,
            104,
            107,
            109,
            111,
            113,
            119,
            121,
            122,
            124,
            126,
            127,
            128,
            132,
            133,
            141,
            142,
            144,
            148,
            149,
            154,
            155,
            158,
            159
          ],
          "excluded_lines": [],
          "start_line": 34
        },
        "Trainer._train_step": {
          "executed_lines": [],
          "summary": {
            "covered_lines": 0,
            "num_statements": 12,
            "percent_covered": 0.0,
            "percent_covered_display": "0",
            "missing_lines": 12,
            "excluded_lines": 0,
            "percent_statements_covered": 0.0,
            "percent_statements_covered_display": "0"
          },
          "missing_lines": [
            170,
            171,
            173,
            174,
            175,
            177,
            178,
            179,
            181,
            183,
            184,
            186
          ],
          "excluded_lines": [],
          "start_line": 163
        },
        "Trainer._eval_step": {
          "executed_lines": [],
          "summary": {
            "covered_lines": 0,
            "num_statements": 4,
            "percent_covered": 0.0,
            "percent_covered_display": "0",
            "missing_lines": 4,
            "excluded_lines": 0,
            "percent_statements_covered": 0.0,
            "percent_statements_covered_display": "0"
          },
          "missing_lines": [
            191,
            193,
            194,
            196
          ],
          "excluded_lines": [],
          "start_line": 189
        },
        "Trainer._fetch_from": {
          "executed_lines": [],
          "summary": {
            "covered_lines": 0,
            "num_statements": 7,
            "percent_covered": 0.0,
            "percent_covered_display": "0",
            "missing_lines": 7,
            "excluded_lines": 0,
            "percent_statements_covered": 0.0,
            "percent_statements_covered_display": "0"
          },
          "missing_lines": [
            200,
            203,
            205,
            206,
            207,
            209,
            211
          ],
          "excluded_lines": [],
          "start_line": 198
        },
        "Trainer._to_value": {
          "executed_lines": [],
          "summary": {
            "covered_lines": 0,
            "num_statements": 5,
            "percent_covered": 0.0,
            "percent_covered_display": "0",
            "missing_lines": 5,
            "excluded_lines": 0,
            "percent_statements_covered": 0.0,
            "percent_statements_covered_display": "0"
          },
          "missing_lines": [
            214,
            215,
            216,
            217,
            219
          ],
          "excluded_lines": [],
          "start_line": 213
        },
        "": {
          "executed_lines": [
            1,
            2,
            3,
            4,
            5,
            6,
            7,
            8,
            9,
            11,
            12,
            13,
            14,
            16,
            17,
            20,
            21,
            25,
            34,
            163,
            188,
            189,
            198,
            213
          ],
          "summary": {
            "covered_lines": 24,
            "num_statements": 24,
            "percent_covered": 100.0,
            "percent_covered_display": "100",
            "missing_lines": 0,
            "excluded_lines": 0,
            "percent_statements_covered": 100.0,
            "percent_statements_covered_display": "100"
          },
          "missing_lines": [],
          "excluded_lines": [],
          "start_line": 1
        }
      },