{
  "files": {
    "github_nonpublic_api/api.py": {
      "executed_lines": [
        17,
        18,
        19,
        20,
        21,
        22,
        23,
        24,
        25,
        26,
        27,
        29,
        31,
        34,
        35,
        36,
        37,
        79,
        80,
        81,
        82,
        83,
        87,
        118,
        119,
        120,
        121,
        122,
        123,
        126,
        127,
        130,
        135,
        138,
        139,
        142,
        149,
        156,
        163,
        169,
        172,
        173,
        174,
        181,
        193,
        202,
        209,
        213,
        215,
        218,
        225,
        229,
        231,
        237,
        241,
        244,
        246,
        260,
        272,
        279,
        289,
        295,
        298,
        299,
        301,
        309,
        310,
        312,
        321
      ],
      "summary": {
        "covered_lines": 69,
        "num_statements": 127,
        "percent_covered": 54.330708661417326,
        "percent_covered_display": "54",
        "missing_lines": 58,
        "excluded_lines": 0,
        "percent_statements_covered": 54.330708661417326,
        "percent_statements_covered_display": "54"
      },
      "missing_lines": [
        39,
        43,
        44,
        46,
        47,
        48,
        49,
        50,
        51,
        52,
        54,
        56,
        58,
        59,
        60,
        61,
        62,
        65,
        66,
        68,
        70,
        71,
        73,
        74,
        75,
        76,
        84,
        94,
        99,
        100,
        102,
        106,
        107,
        109,
        115,
        170,
        194,
        195,
        196,
        197,
        198,
        199,
        200,
        216,
        252,
        253,
        254,
        262,
        263,
        264,
        268,
        269,
        270,
        296,
        300,
        311,
        322,
        324
      ],
      "excluded_lines": [],
      "functions": {
        "_get_and_submit_form": {
          "executed_lines": [
            34,
            35,
            36,
            37
          ],
          "summary": {
            "covered_lines": 4,
            "num_statements": 30,
            "percent_covered": 13.333333333333334,
            "percent_covered_display": "13",
            "missing_lines": 26,
            "excluded_lines": 0,
            "percent_statements_covered": 13.333333333333334,
            "percent_statements_covered_display": "13"
          },
          "missing_lines": [
            39,
            43,
            44,
            46,
            47,
            48,
            49,
            50,
            51,
            52,
            54,
            56,
            58,
            59,
            60,
            61,
            62,
            65,
            66,
            68,
            70,
            71,
            73,
            74,
            75,
            76
          ],
          "excluded_lines": [],
          "start_line": 31
        },
        "_get_url_with_session": {
          "executed_lines": [
            80,
            81,
            82,
            83
          ],
          "summary": {
            "covered_lines": 4,
            "num_statements": 5,
            "percent_covered": 80.0,
            "percent_covered_display": "80",
            "missing_lines": 1,
            "excluded_lines": 0,
            "percent_statements_covered": 80.0,
            "percent_statements_covered_display": "80"
          },
          "missing_lines": [
            84
          ],
          "excluded_lines": [],
          "start_line": 79
        },
        "create_login_session": {
          "executed_lines": [],
          "summary": {
            "covered_lines": 0,
            "num_statements": 6,
            "percent_covered": 0.0,
            "percent_covered_display": "0",
            "missing_lines": 6,
            "excluded_lines": 0,
            "percent_statements_covered": 0.0,
            "percent_statements_covered_display": "0"
          },
          "missing_lines": [
            94,
            99,
            102,
            106,
            109,
            115
          ],
          "excluded_lines": [],
          "start_line": 87
        },
        "create_login_session._login_callback": {
          "executed_lines": [],
          "summary": {
            "covered_lines": 0,
            "num_statements": 1,
            "percent_covered": 0.0,
            "percent_covered_display": "0",
            "missing_lines": 1,
            "excluded_lines": 0,
            "percent_statements_covered": 0.0,
            "percent_statements_covered_display": "0"
          },
          "missing_lines": [
            100
          ],
          "excluded_lines": [],
          "start_line": 99
        },
        "create_login_session._tfa_callback": {
          "executed_lines": [],
          "summary": {
            "covered_lines": 0,
            "num_statements": 1,
            "percent_covered": 0.0,
            "percent_covered_display": "0",
            "missing_lines": 1,
            "excluded_lines": 0,
            "percent_statements_covered": 0.0,
            "percent_statements_covered_display": "0"
          },
          "missing_lines": [
            107
          ],
          "excluded_lines": [],
          "start_line": 106
        },
        "Api.__init__": {
          "executed_lines": [
            156
          ],
          "summary": {
            "covered_lines": 1,
            "num_statements": 1,
            "percent_covered": 100.0,
            "percent_covered_display": "100",
            "missing_lines": 0,
            "excluded_lines": 0,
            "percent_statements_covered": 100.0,
            "percent_statements_covered_display": "100"
          },
          "missing_lines": [],
          "excluded_lines": [],
          "start_line": 149
        },
        "Api.request_usage": {
          "executed_lines": [
            169,
            172,
            173,
            174
          ],
          "summary": {
            "covered_lines": 4,
            "num_statements": 4,
            "percent_covered": 100.0,
            "percent_covered_display": "100",
            "missing_lines": 0,
            "excluded_lines": 0,
            "percent_statements_covered": 100.0,
            "percent_statements_covered_display": "100"
          },
          "missing_lines": [],
          "excluded_lines": [],
          "start_line": 163
        },
        "Api.request_usage._request_usage_callback": {
          "executed_lines": [],
          "summary": {
            "covered_lines": 0,
            "num_statements": 1,
            "percent_covered": 0.0,
            "percent_covered_display": "0",
            "missing_lines": 1,
            "excluded_lines": 0,
            "percent_statements_covered": 0.0,
            "percent_statements_covered_display": "0"
          },
          "missing_lines": [
            170
          ],
          "excluded_lines": [],
          "start_line": 169
        },
        "Api.create_organization": {
          "executed_lines": [
            193,
            202
          ],
          "summary": {
            "covered_lines": 2,
            "num_statements": 2,
            "percent_covered": 100.0,
            "percent_covered_display": "100",
            "missing_lines": 0,
            "excluded_lines": 0,
            "percent_statements_covered": 100.0,
            "percent_statements_covered_display": "100"
          },
          "missing_lines": [],
          "excluded_lines": [],
          "start_line": 181
        },
        "Api.create_organization._create_org_callback": {
          "executed_lines": [],
          "summary": {
            "covered_lines": 0,
            "num_statements": 7,
            "percent_covered": 0.0,