{
  "files": {
    "ash_model/measures/hyper_conformity.py": {
      "executed_lines": [
        1,
        2,
        3,
        4,
        5,
        8,
        20,
        21,
        22,
        24,
        27,
        28,
        31,
        34,
        39,
        40,
        43,
        46,
        47,
        48,
        50,
        53,
        61,
        62,
        64,
        69,
        78,
        79,
        81,
        82,
        83,
        85,
        88,
        113,
        115,
        116,
        118,
        120,
        121,
        123,
        126,
        131,
        132,
        133,
        136,
        139,
        140,
        141,
        146,
        148,
        149,
        151,
        154,
        155,
        156,
        157,
        158,
        160,
        161,
        163,
        171,
        172,
        173,
        175,
        176,
        177,
        178,
        179,
        181,
        182,
        183,
        184,
        188,
        189,
        190,
        191,
        192,
        194,
        197,
        198,
        199,
        202,
        204,
        206
      ],
      "summary": {
        "covered_lines": 84,
        "num_statements": 90,
        "percent_covered": 93.33333333333333,
        "percent_covered_display": "93",
        "missing_lines": 6,
        "excluded_lines": 0
      },
      "missing_lines": [
        23,
        32,
        41,
        124,
        127,
        147
      ],
      "excluded_lines": [],
      "functions": {
        "__label_frequency": {
          "executed_lines": [
            20,
            21,
            22,
            24,
            27,
            28,
            31,
            34,
            39,
            40,
            43,
            46,
            47,
            48,
            50
          ],
          "summary": {
            "covered_lines": 15,
            "num_statements": 18,
            "percent_covered": 83.33333333333333,
            "percent_covered_display": "83",
            "missing_lines": 3,
            "excluded_lines": 0
          },
          "missing_lines": [
            23,
            32,
            41
          ],
          "excluded_lines": []
        },
        "__distance": {
          "executed_lines": [
            61,
            62,
            64
          ],
          "summary": {
            "covered_lines": 3,
            "num_statements": 3,
            "percent_covered": 100.0,
            "percent_covered_display": "100",
            "missing_lines": 0,
            "excluded_lines": 0
          },
          "missing_lines": [],
          "excluded_lines": []
        },
        "__normalize": {
          "executed_lines": [
            78,
            79,
            81,
            82,
            83,
            85
          ],
          "summary": {
            "covered_lines": 6,
            "num_statements": 6,
            "percent_covered": 100.0,
            "percent_covered_display": "100",
            "missing_lines": 0,
            "excluded_lines": 0
          },
          "missing_lines": [],
          "excluded_lines": []
        },
        "hyper_conformity": {
          "executed_lines": [
            113,
            115,
            116,
            118,
            120,
            121,
            123,
            126,
            131,
            132,
            133,
            136,
            139,
            140,
            141,
            146,
            148,
            149,
            151,
            154,
            155,
            156,
            157,
            158,
            160,
            161,
            163,
            171,
            172,
            173,
            175,
            176,
            177,
            178,
            179,
            181,
            182,
            183,
            184,
            188,
            189,
            190,
            191,
            192,
            194,
            197,
            198,
            199,
            202,
            204,
            206
          ],
          "summary": {
            "covered_lines": 51,
            "num_statements": 54,
            "percent_covered": 94.44444444444444,
            "percent_covered_display": "94",
            "missing_lines": 3,
            "excluded_lines": 0
          },
          "missing_lines": [
            124,
            127,
            147
          ],
          "excluded_lines": []
        },
        "": {
          "executed_lines": [
            1,
            2,
            3,
            4,
            5,
            8,
            53,
            69,
            88
          ],
          "summary": {
            "covered_lines": 9,
            "num_statements": 9,
            "percent_covered": 100.0,
            "percent_covered_display": "100",
            "missing_lines": 0,
            "excluded_lines": 0
          },
          "missing_lines": [],
          "excluded_lines": []
        }
      },
      "classes": {
        "": {
          "executed_lines": [
            1,
            2,
            3,
            4,
            5,
            8,
            20,
            21,
            22,
            24,
            27,
            28,
            31,
            34,
            39,
            40,
            43,
            46,
            47,
            48,
            50,
            53,
            61,
            62,
            64,
            69,
            78,
            79,
            81,
            82,
            83,
            85,
            88,
            113,
            115,
            116,
            118,
            120,
            121,
            123,
            126,
            131,
            132,
            133,
            136,
            139,
            140,
            141,
            146,
            148,
            149,
            151,
            154,
            155,
            156,
            157,
            158,
            160,
            161,
            163,
            171,
            172,
            173,
            175,
            176,
            177,
            178,
            179,
            181,
            182,
            183,
            184,
            188,
            189,
            190,
            191,
            192,
            194,
            197,
            198,
            199,
            202,
            204,
            206
          ],
          "summary": {
            "covered_lines": 84,
            "num_statements": 90,
            "percent_covered": 93.33333333333333,
            "percent_covered_display": "93",
            "missing_lines": 6,
            "excluded_lines": 0
          },
          "missing_lines": [
            23,
            32,
            41,
            124,
            127,
            147
          ],
          "excluded_lines": []
        }
      }
    }
  },
  "meta": {
    "format": 3,
    "version": "7.8.0",
    "branch_coverage": false,
    "show_contexts": false
  },
  "totals": {
    "covered_lines": 84,
    "num_statements": 90,
    "percent_covered": 93.33333333333333,
    "percent_covered_display": "93",
    "missing_lines": 6,
    "excluded_lines": 0
  }
}