{
  "files": {
    "src/clickgen/configparser.py": {
      "executed_lines": [
        4,
        5,
        6,
        8,
        9,
        10,
        12,
        13,
        14,
        15,
        16,
        19,
        20,
        21,
        22,
        23,
        26,
        27,
        28,
        35,
        36,
        37,
        38,
        39,
        42,
        43,
        44,
        46,
        47,
        48,
        49,
        52,
        53,
        54,
        55,
        61,
        68,
        71,
        72,
        73,
        74,
        75,
        76,
        77,
        80,
        83,
        84,
        86,
        87,
        88,
        89,
        90,
        92,
        94,
        95,
        97,
        98,
        102,
        103,
        105,
        106,
        108,
        110,
        111,
        115,
        116,
        117,
        118,
        119,
        120,
        122,
        123,
        124,
        125,
        126,
        127,
        129,
        139,
        142,
        143,
        144,
        145,
        146,
        149,
        150,
        151,
        159,
        160,
        162,
        163,
        165,
        166,
        167,
        169,
        172,
        173,
        175,
        176,
        178,
        179,
        180,
        182,
        185,
        186,
        189,
        190,
        192,
        193,
        195,
        196,
        199,
        201
      ],
      "summary": {
        "covered_lines": 112,
        "num_statements": 116,
        "percent_covered": 96.55172413793103,
        "percent_covered_display": "97",
        "missing_lines": 4,
        "excluded_lines": 0,
        "percent_statements_covered": 96.55172413793103,
        "percent_statements_covered_display": "97"
      },
      "missing_lines": [
        152,
        153,
        154,
        156
      ],
      "excluded_lines": [],
      "functions": {
        "parse_theme_section": {
          "executed_lines": [
            27,
            28
          ],
          "summary": {
            "covered_lines": 2,
            "num_statements": 2,
            "percent_covered": 100.0,
            "percent_covered_display": "100",
            "missing_lines": 0,
            "excluded_lines": 0,
            "percent_statements_covered": 100.0,
            "percent_statements_covered_display": "100"
          },
          "missing_lines": [],
          "excluded_lines": [],
          "start_line": 26
        },
        "parse_config_section": {
          "executed_lines": [
            43,
            44,
            46,
            52,
            53,
            54,
            55,
            61
          ],
          "summary": {
            "covered_lines": 8,
            "num_statements": 8,
            "percent_covered": 100.0,
            "percent_covered_display": "100",
            "missing_lines": 0,
            "excluded_lines": 0,
            "percent_statements_covered": 100.0,
            "percent_statements_covered_display": "100"
          },
          "missing_lines": [],
          "excluded_lines": [],
          "start_line": 42
        },
        "parse_config_section.absolute_path": {
          "executed_lines": [
            47,
            48,
            49
          ],
          "summary": {
            "covered_lines": 3,
            "num_statements": 3,
            "percent_covered": 100.0,
            "percent_covered_display": "100",
            "missing_lines": 0,
            "excluded_lines": 0,
            "percent_statements_covered": 100.0,
            "percent_statements_covered_display": "100"
          },
          "missing_lines": [],
          "excluded_lines": [],
          "start_line": 46
        },
        "parse_cursors_section": {
          "executed_lines": [
            83,
            86,
            92,
            94,
            95,
            97,
            98,
            102,
            103,
            105,
            106,
            108,
            110,
            111,
            115,
            116,
            117,
            118,
            119,
            120,
            122,
            123,
            124,
            125,
            126,
            127,
            129,
            139
          ],
          "summary": {
            "covered_lines": 28,
            "num_statements": 28,
            "percent_covered": 100.0,
            "percent_covered_display": "100",
            "missing_lines": 0,
            "excluded_lines": 0,
            "percent_statements_covered": 100.0,
            "percent_statements_covered_display": "100"
          },
          "missing_lines": [],
          "excluded_lines": [],
          "start_line": 80
        },
        "parse_cursors_section.get_value": {
          "executed_lines": [
            84
          ],
          "summary": {
            "covered_lines": 1,
            "num_statements": 1,
            "percent_covered": 100.0,
            "percent_covered_display": "100",
            "missing_lines": 0,
            "excluded_lines": 0,
            "percent_statements_covered": 100.0,
            "percent_statements_covered_display": "100"
          },
          "missing_lines": [],
          "excluded_lines": [],
          "start_line": 83
        },
        "parse_cursors_section.size_typing": {
          "executed_lines": [
            87,
            88,
            89,
            90
          ],
          "summary": {
            "covered_lines": 4,
            "num_statements": 4,
            "percent_covered": 100.0,
            "percent_covered_display": "100",
            "missing_lines": 0,
            "excluded_lines": 0,
            "percent_statements_covered": 100.0,
            "percent_statements_covered_display": "100"
          },
          "missing_lines": [],
          "excluded_lines": [],
          "start_line": 86
        },
        "parse_toml_file": {
          "executed_lines": [
            150,
            151
          ],
          "summary": {
            "covered_lines": 2,
            "num_statements": 6,
            "percent_covered": 33.333333333333336,
            "percent_covered_display": "33",
            "missing_lines": 4,
            "excluded_lines": 0,
            "percent_statements_covered": 33.333333333333336,
            "percent_statements_covered_display": "33"
          },
          "missing_lines": [
            152,
            153,
            154,
            156
          ],
          "excluded_lines": [],
          "start_line": 149
        },
        "parse_yaml_file": {
          "executed_lines": [
            160,
            162,
            163,
            165,
            166,
            167,
            169
          ],
          "summary": {
            "covered_lines": 7,
            "num_statements": 7,
            "percent_covered": 100.0,
            "percent_covered_display": "100",
            "missing_lines": 0,
            "excluded_lines": 0,
            "percent_statements_covered": 100.0,
            "percent_statements_covered_display": "100"
          },
          "missing_lines": [],
          "excluded_lines": [],
          "start_line": 159
        },
        "parse_json_file": {
          "executed_lines": [
            173,
            175,
            176,
            178,
            179,
            180,
            182
          ],
          "summary": {
            "covered_lines": 7,
            "num_statements": 7,
            "percent_covered": 100.0,
            "percent_covered_display": "100",
            "missing_lines": 0,
            "excluded_lines": 0,
            "percent_statements_covered": 100.0,
            "percent_statements_covered_display": "100"
          },
          "missing_lines": [],
          "excluded_lines": [],
          "start_line": 172
        },