{
  "files": {
    "apyrat/apyrat.py": {
      "executed_lines": [
        1,
        2,
        3,
        4,
        5,
        7,
        8,
        9,
        11,
        15,
        16,
        17,
        20,
        21,
        22,
        23,
        24,
        25,
        26,
        30,
        33,
        34,
        35,
        36,
        37,
        38,
        39,
        43,
        44,
        45,
        46,
        48,
        49,
        51,
        52,
        53,
        60,
        61,
        62,
        92,
        93,
        94,
        109,
        117,
        124,
        142,
        147,
        162,
        163
      ],
      "summary": {
        "covered_lines": 49,
        "num_statements": 95,
        "percent_covered": 51.578947368421055,
        "percent_covered_display": "52",
        "missing_lines": 46,
        "excluded_lines": 0,
        "percent_statements_covered": 51.578947368421055,
        "percent_statements_covered_display": "52"
      },
      "missing_lines": [
        40,
        41,
        50,
        54,
        55,
        56,
        58,
        63,
        64,
        65,
        66,
        70,
        71,
        77,
        78,
        87,
        88,
        90,
        98,
        99,
        100,
        110,
        115,
        118,
        125,
        128,
        129,
        131,
        134,
        138,
        139,
        140,
        143,
        144,
        145,
        148,
        149,
        150,
        151,
        152,
        154,
        156,
        157,
        159,
        160,
        164
      ],
      "excluded_lines": [],
      "functions": {
        "Downloader.__init__": {
          "executed_lines": [
            35,
            36,
            37,
            38,
            39
          ],
          "summary": {
            "covered_lines": 5,
            "num_statements": 7,
            "percent_covered": 71.42857142857143,
            "percent_covered_display": "71",
            "missing_lines": 2,
            "excluded_lines": 0,
            "percent_statements_covered": 71.42857142857143,
            "percent_statements_covered_display": "71"
          },
          "missing_lines": [
            40,
            41
          ],
          "excluded_lines": [],
          "start_line": 34
        },
        "Downloader._cleanup_url": {
          "executed_lines": [
            45,
            46
          ],
          "summary": {
            "covered_lines": 2,
            "num_statements": 2,
            "percent_covered": 100.0,
            "percent_covered_display": "100",
            "missing_lines": 0,
            "excluded_lines": 0,
            "percent_statements_covered": 100.0,
            "percent_statements_covered_display": "100"
          },
          "missing_lines": [],
          "excluded_lines": [],
          "start_line": 44
        },
        "Downloader._url_type": {
          "executed_lines": [
            49,
            51,
            52,
            53
          ],
          "summary": {
            "covered_lines": 4,
            "num_statements": 9,
            "percent_covered": 44.44444444444444,
            "percent_covered_display": "44",
            "missing_lines": 5,
            "excluded_lines": 0,
            "percent_statements_covered": 44.44444444444444,
            "percent_statements_covered_display": "44"
          },
          "missing_lines": [
            50,
            54,
            55,
            56,
            58
          ],
          "excluded_lines": [],
          "start_line": 48
        },
        "Downloader._get_available_videos": {
          "executed_lines": [
            61,
            62
          ],
          "summary": {
            "covered_lines": 2,
            "num_statements": 13,
            "percent_covered": 15.384615384615385,
            "percent_covered_display": "15",
            "missing_lines": 11,
            "excluded_lines": 0,
            "percent_statements_covered": 15.384615384615385,
            "percent_statements_covered_display": "15"
          },
          "missing_lines": [
            63,
            64,
            65,
            66,
            70,
            71,
            77,
            78,
            87,
            88,
            90
          ],
          "excluded_lines": [],
          "start_line": 60
        },
        "Downloader._get_single_video_qualities": {
          "executed_lines": [
            93,
            94
          ],
          "summary": {
            "covered_lines": 2,
            "num_statements": 5,
            "percent_covered": 40.0,
            "percent_covered_display": "40",
            "missing_lines": 3,
            "excluded_lines": 0,
            "percent_statements_covered": 40.0,
            "percent_statements_covered_display": "40"
          },
          "missing_lines": [
            98,
            99,
            100
          ],
          "excluded_lines": [],
          "start_line": 92
        },
        "Downloader._get_available_qualities": {
          "executed_lines": [],
          "summary": {
            "covered_lines": 0,
            "num_statements": 2,
            "percent_covered": 0.0,
            "percent_covered_display": "0",
            "missing_lines": 2,
            "excluded_lines": 0,
            "percent_statements_covered": 0.0,
            "percent_statements_covered_display": "0"
          },
          "missing_lines": [
            110,
            115
          ],
          "excluded_lines": [],
          "start_line": 109
        },
        "Downloader.default_quality": {
          "executed_lines": [],
          "summary": {
            "covered_lines": 0,
            "num_statements": 1,
            "percent_covered": 0.0,
            "percent_covered_display": "0",
            "missing_lines": 1,
            "excluded_lines": 0,
            "percent_statements_covered": 0.0,
            "percent_statements_covered_display": "0"
          },
          "missing_lines": [
            118
          ],
          "excluded_lines": [],
          "start_line": 117
        },
        "Downloader.find_closest_quality": {
          "executed_lines": [],
          "summary": {
            "covered_lines": 0,
            "num_statements": 8,
            "percent_covered": 0.0,
            "percent_covered_display": "0",
            "missing_lines": 8,
            "excluded_lines": 0,
            "percent_statements_covered": 0.0,
            "percent_statements_covered_display": "0"
          },
          "missing_lines": [
            125,
            128,
            129,
            131,
            134,
            138,
            139,
            140
          ],
          "excluded_lines": [],
          "start_line": 124
        },
        "Downloader.download": {
          "executed_lines": [],
          "summary": {
            "covered_lines": 0,
            "num_statements": 3,
            "percent_covered": 0.0,
            "percent_covered_display": "0",
            "missing_lines": 3,
            "excluded_lines": 0,
            "percent_statements_covered": 0.0,
            "percent_statements_covered_display": "0"
          },
          "missing_lines": [
            143,
            144,
            145
          ],
          "excluded_lines": [],
          "start_line": 142
        },
        "Downloader._download_video": {
          "executed_lines": [],
          "summary": {
            "covered_lines": 0,
            "num_statements": 10,
            "percent_covered": 0.0,
            "percent_covered_display": "0",
            "missing_lines": 10,
            "excluded_lines": 0,
            "percent_statements_covered": 0.0,
            "percent_statements_covered_display": "0"
          },