{
  "files": {
    "wikipediaapi/__init__.py": {
      "executed_lines": [
        1,
        2,
        3,
        4,
        5,
        6,
        7,
        9,
        15,
        17,
        20,
        21,
        22,
        25,
        26,
        27,
        28,
        29,
        30,
        31,
        32,
        33,
        34,
        35,
        36,
        37,
        38,
        39,
        40,
        41,
        42,
        43,
        44,
        45,
        46,
        47,
        48,
        49,
        50,
        51,
        52,
        53,
        54,
        55,
        56,
        57,
        58,
        59,
        60,
        61,
        64,
        67,
        73,
        83,
        84,
        92,
        94,
        95,
        96,
        100,
        101,
        102,
        108,
        110,
        111,
        117,
        119,
        126,
        127,
        129,
        140
      ],
      "summary": {
        "covered_lines": 71,
        "num_statements": 84,
        "percent_covered": 84.52380952380952,
        "percent_covered_display": "85",
        "missing_lines": 13,
        "excluded_lines": 0
      },
      "missing_lines": [
        68,
        69,
        70,
        112,
        135,
        136,
        138,
        141,
        142,
        146,
        147,
        148,
        149
      ],
      "excluded_lines": [],
      "functions": {
        "namespace2int": {
          "executed_lines": [],
          "summary": {
            "covered_lines": 0,
            "num_statements": 3,
            "percent_covered": 0.0,
            "percent_covered_display": "0",
            "missing_lines": 3,
            "excluded_lines": 0
          },
          "missing_lines": [
            68,
            69,
            70
          ],
          "excluded_lines": []
        },
        "Wikipedia.__init__": {
          "executed_lines": [
            92,
            94,
            95,
            96,
            100,
            101,
            102,
            108,
            110,
            111,
            117,
            119,
            126,
            127
          ],
          "summary": {
            "covered_lines": 14,
            "num_statements": 15,
            "percent_covered": 93.33333333333333,
            "percent_covered_display": "93",
            "missing_lines": 1,
            "excluded_lines": 0
          },
          "missing_lines": [
            112
          ],
          "excluded_lines": []
        },
        "Wikipedia.page": {
          "executed_lines": [],
          "summary": {
            "covered_lines": 0,
            "num_statements": 3,
            "percent_covered": 0.0,
            "percent_covered_display": "0",
            "missing_lines": 3,
            "excluded_lines": 0
          },
          "missing_lines": [
            135,
            136,
            138
          ],
          "excluded_lines": []
        },
        "Wikipedia._query": {
          "executed_lines": [],
          "summary": {
            "covered_lines": 0,
            "num_statements": 6,
            "percent_covered": 0.0,
            "percent_covered_display": "0",
            "missing_lines": 6,
            "excluded_lines": 0
          },
          "missing_lines": [
            141,
            142,
            146,
            147,
            148,
            149
          ],
          "excluded_lines": []
        },
        "": {
          "executed_lines": [
            1,
            2,
            3,
            4,
            5,
            6,
            7,
            9,
            15,
            17,
            20,
            21,
            22,
            25,
            26,
            27,
            28,
            29,
            30,
            31,
            32,
            33,
            34,
            35,
            36,
            37,
            38,
            39,
            40,
            41,
            42,
            43,
            44,
            45,
            46,
            47,
            48,
            49,
            50,
            51,
            52,
            53,
            54,
            55,
            56,
            57,
            58,
            59,
            60,
            61,
            64,
            67,
            73,
            83,
            84,
            129,
            140
          ],
          "summary": {
            "covered_lines": 57,
            "num_statements": 57,
            "percent_covered": 100.0,
            "percent_covered_display": "100",
            "missing_lines": 0,
            "excluded_lines": 0
          },
          "missing_lines": [],
          "excluded_lines": []
        }
      },
      "classes": {
        "ExtractFormat": {
          "executed_lines": [],
          "summary": {
            "covered_lines": 0,
            "num_statements": 0,
            "percent_covered": 100.0,
            "percent_covered_display": "100",
            "missing_lines": 0,
            "excluded_lines": 0
          },
          "missing_lines": [],
          "excluded_lines": []
        },
        "Namespace": {
          "executed_lines": [],
          "summary": {
            "covered_lines": 0,
            "num_statements": 0,
            "percent_covered": 100.0,
            "percent_covered_display": "100",
            "missing_lines": 0,
            "excluded_lines": 0
          },
          "missing_lines": [],
          "excluded_lines": []
        },
        "Wikipedia": {
          "executed_lines": [
            92,
            94,
            95,
            96,
            100,
            101,
            102,
            108,
            110,
            111,
            117,
            119,
            126,
            127
          ],
          "summary": {
            "covered_lines": 14,
            "num_statements": 24,
            "percent_covered": 58.333333333333336,
            "percent_covered_display": "58",
            "missing_lines": 10,
            "excluded_lines": 0
          },
          "missing_lines": [
            112,
            135,
            136,
            138,
            141,
            142,
            146,
            147,
            148,
            149
          ],
          "excluded_lines": []
        },
        "": {
          "executed_lines": [
            1,
            2,
            3,
            4,
            5,
            6,
            7,
            9,
            15,
            17,
            20,
            21,
            22,
            25,
            26,
            27,
            28,
            29,
            30,
            31,
            32,
            33,
            34,
            35,
            36,
            37,
            38,
            39,
            40,
            41,
            42,
            43,
            44,
            45,
            46,
            47,
            48,
            49,
            50,
            51,
            52,
            53,
            54,
            55,
            56,
            57,
            58,
            59,
            60,
            61,
            64,
            67,
            73,
            83,
            84,
            129,
            140
          ],
          "summary": {
            "covered_lines": 57,
            "num_statements": 60,
            "percent_covered": 95.0,
            "percent_covered_display": "95",
            "missing_lines": 3,
            "excluded_lines": 0
          },