{
  "files": {
    "cronitor/monitor.py": {
      "executed_lines": [
        1,
        2,
        3,
        4,
        5,
        6,
        7,
        9,
        11,
        14,
        27,
        28,
        30,
        31,
        35,
        36,
        48,
        49,
        50,
        51,
        52,
        54,
        55,
        58,
        61,
        64,
        65,
        66,
        68,
        69,
        71,
        73,
        74,
        76,
        77,
        78,
        79,
        80,
        82,
        84,
        85,
        113,
        114,
        115,
        116,
        117,
        118,
        120,
        121,
        122,
        124,
        125,
        126,
        128,
        129,
        130,
        132,
        133,
        139,
        146,
        147,
        151,
        153,
        156,
        163,
        166,
        167,
        170,
        179,
        180,
        181,
        182,
        184,
        194,
        195,
        197,
        198,
        199,
        200,
        202,
        213,
        214,
        215
      ],
      "summary": {
        "covered_lines": 83,
        "num_statements": 143,
        "percent_covered": 58.04195804195804,
        "percent_covered_display": "58",
        "missing_lines": 60,
        "excluded_lines": 0,
        "percent_statements_covered": 58.04195804195804,
        "percent_statements_covered_display": "58"
      },
      "missing_lines": [
        15,
        16,
        22,
        23,
        24,
        25,
        37,
        38,
        39,
        43,
        44,
        46,
        56,
        57,
        59,
        60,
        62,
        63,
        86,
        87,
        88,
        89,
        90,
        91,
        93,
        94,
        95,
        97,
        103,
        104,
        105,
        107,
        108,
        109,
        111,
        123,
        140,
        141,
        142,
        144,
        148,
        149,
        154,
        157,
        158,
        159,
        161,
        164,
        168,
        175,
        176,
        177,
        203,
        204,
        205,
        206,
        207,
        208,
        209,
        210
      ],
      "excluded_lines": [],
      "functions": {
        "retry_session": {
          "executed_lines": [],
          "summary": {
            "covered_lines": 0,
            "num_statements": 6,
            "percent_covered": 0.0,
            "percent_covered_display": "0",
            "missing_lines": 6,
            "excluded_lines": 0,
            "percent_statements_covered": 0.0,
            "percent_statements_covered_display": "0"
          },
          "missing_lines": [
            15,
            16,
            22,
            23,
            24,
            25
          ],
          "excluded_lines": [],
          "start_line": 14
        },
        "Monitor.as_yaml": {
          "executed_lines": [],
          "summary": {
            "covered_lines": 0,
            "num_statements": 6,
            "percent_covered": 0.0,
            "percent_covered_display": "0",
            "missing_lines": 6,
            "excluded_lines": 0,
            "percent_statements_covered": 0.0,
            "percent_statements_covered_display": "0"
          },
          "missing_lines": [
            37,
            38,
            39,
            43,
            44,
            46
          ],
          "excluded_lines": [],
          "start_line": 36
        },
        "Monitor.put": {
          "executed_lines": [
            50,
            51,
            52,
            54,
            55,
            58,
            61,
            64,
            65,
            66,
            68,
            69,
            71,
            73,
            74,
            76,
            77,
            78,
            79,
            80,
            82
          ],
          "summary": {
            "covered_lines": 21,
            "num_statements": 27,
            "percent_covered": 77.77777777777777,
            "percent_covered_display": "78",
            "missing_lines": 6,
            "excluded_lines": 0,
            "percent_statements_covered": 77.77777777777777,
            "percent_statements_covered_display": "78"
          },
          "missing_lines": [
            56,
            57,
            59,
            60,
            62,
            63
          ],
          "excluded_lines": [],
          "start_line": 49
        },
        "Monitor._put": {
          "executed_lines": [],
          "summary": {
            "covered_lines": 0,
            "num_statements": 17,
            "percent_covered": 0.0,
            "percent_covered_display": "0",
            "missing_lines": 17,
            "excluded_lines": 0,
            "percent_statements_covered": 0.0,
            "percent_statements_covered_display": "0"
          },
          "missing_lines": [
            86,
            87,
            88,
            89,
            90,
            91,
            93,
            94,
            95,
            97,
            103,
            104,
            105,
            107,
            108,
            109,
            111
          ],
          "excluded_lines": [],
          "start_line": 85
        },
        "Monitor.__init__": {
          "executed_lines": [
            114,
            115,
            116,
            117,
            118
          ],
          "summary": {
            "covered_lines": 5,
            "num_statements": 5,
            "percent_covered": 100.0,
            "percent_covered_display": "100",
            "missing_lines": 0,
            "excluded_lines": 0,
            "percent_statements_covered": 100.0,
            "percent_statements_covered_display": "100"
          },
          "missing_lines": [],
          "excluded_lines": [],
          "start_line": 113
        },
        "Monitor.data": {
          "executed_lines": [
            130
          ],
          "summary": {
            "covered_lines": 1,
            "num_statements": 1,
            "percent_covered": 100.0,
            "percent_covered_display": "100",
            "missing_lines": 0,
            "excluded_lines": 0,
            "percent_statements_covered": 100.0,
            "percent_statements_covered_display": "100"
          },
          "missing_lines": [],
          "excluded_lines": [],
          "start_line": 129
        },
        "Monitor.delete": {
          "executed_lines": [
            133,
            139
          ],
          "summary": {
            "covered_lines": 2,
            "num_statements": 6,
            "percent_covered": 33.333333333333336,
            "percent_covered_display": "33",
            "missing_lines": 4,
            "excluded_lines": 0,
            "percent_statements_covered": 33.333333333333336,
            "percent_statements_covered_display": "33"
          },
          "missing_lines": [
            140,
            141,
            142,
            144
          ],
          "excluded_lines": [],
          "start_line": 132
        },
        "Monitor.ping": {
          "executed_lines": [
            147,
            151
          ],
          "summary": {
            "covered_lines": 2,
            "num_statements": 4,
            "percent_covered": 50.0,
            "percent_covered_display": "50",
            "missing_lines": 2,
            "excluded_lines": 0,
            "percent_statements_covered": 50.0,
            "percent_statements_covered_display": "50"
          },
          "missing_lines": [
            148,
            149
          ],
          "excluded_lines": [],
          "start_line": 146
        },
        "Monitor.ok": {
          "executed_lines": [],
          "summary": {
            "covered_lines": 0,
            "num_statements": 1,
            "percent_covered": 0.0,
            "percent_covered_display": "0",
            "missing_lines": 1,