{
  "files": {
    "trussme/report.py": {
      "executed_lines": [
        1,
        2,
        3,
        5,
        6,
        7,
        8,
        10,
        12,
        15,
        19,
        23,
        26,
        44,
        46,
        47,
        48,
        50,
        53,
        71,
        92,
        93,
        96,
        112,
        113,
        120,
        122,
        123,
        125,
        126,
        130,
        131,
        133,
        135,
        136,
        138,
        140,
        141,
        143,
        145,
        146,
        147,
        150,
        159,
        160,
        161,
        162,
        164,
        165,
        171,
        180,
        181,
        182,
        183,
        185,
        186,
        192,
        199,
        206,
        213,
        221,
        230,
        233,
        249,
        251,
        252,
        255,
        256,
        257,
        258,
        259,
        260,
        271,
        278,
        279,
        280,
        281,
        282,
        283,
        298,
        312,
        313,
        314,
        315,
        316,
        317,
        325,
        335,
        338,
        356,
        359,
        360,
        361,
        362,
        363,
        364,
        379,
        384,
        385,
        386,
        387,
        388,
        389,
        403,
        410,
        412,
        413,
        418,
        419,
        420,
        421,
        422,
        436,
        451,
        453,
        454,
        459,
        460,
        461,
        462,
        463,
        480,
        491
      ],
      "summary": {
        "covered_lines": 123,
        "num_statements": 128,
        "percent_covered": 96.09375,
        "percent_covered_display": "96",
        "missing_lines": 5,
        "excluded_lines": 0,
        "percent_statements_covered": 96.09375,
        "percent_statements_covered_display": "96"
      },
      "missing_lines": [
        68,
        128,
        151,
        166,
        172
      ],
      "excluded_lines": [],
      "functions": {
        "_create_altair_chart": {
          "executed_lines": [
            19,
            23
          ],
          "summary": {
            "covered_lines": 2,
            "num_statements": 2,
            "percent_covered": 100.0,
            "percent_covered_display": "100",
            "missing_lines": 0,
            "excluded_lines": 0,
            "percent_statements_covered": 100.0,
            "percent_statements_covered_display": "100"
          },
          "missing_lines": [],
          "excluded_lines": [],
          "start_line": 15
        },
        "report_to_str": {
          "executed_lines": [
            44,
            46,
            47,
            48,
            50
          ],
          "summary": {
            "covered_lines": 5,
            "num_statements": 5,
            "percent_covered": 100.0,
            "percent_covered_display": "100",
            "missing_lines": 0,
            "excluded_lines": 0,
            "percent_statements_covered": 100.0,
            "percent_statements_covered_display": "100"
          },
          "missing_lines": [],
          "excluded_lines": [],
          "start_line": 26
        },
        "print_report": {
          "executed_lines": [],
          "summary": {
            "covered_lines": 0,
            "num_statements": 1,
            "percent_covered": 0.0,
            "percent_covered_display": "0",
            "missing_lines": 1,
            "excluded_lines": 0,
            "percent_statements_covered": 0.0,
            "percent_statements_covered_display": "0"
          },
          "missing_lines": [
            68
          ],
          "excluded_lines": [],
          "start_line": 53
        },
        "report_to_md": {
          "executed_lines": [
            92,
            93
          ],
          "summary": {
            "covered_lines": 2,
            "num_statements": 2,
            "percent_covered": 100.0,
            "percent_covered_display": "100",
            "missing_lines": 0,
            "excluded_lines": 0,
            "percent_statements_covered": 100.0,
            "percent_statements_covered_display": "100"
          },
          "missing_lines": [],
          "excluded_lines": [],
          "start_line": 71
        },
        "__generate_summary": {
          "executed_lines": [
            112,
            113,
            120,
            122,
            123,
            125,
            126,
            130,
            131,
            133,
            135,
            136,
            138,
            140,
            141,
            143,
            145,
            146,
            147,
            150,
            159,
            160,
            161,
            162,
            164,
            165,
            171,
            180,
            181,
            182,
            183,
            185,
            186,
            192,
            199,
            206,
            213,
            221,
            230
          ],
          "summary": {
            "covered_lines": 39,
            "num_statements": 43,
            "percent_covered": 90.69767441860465,
            "percent_covered_display": "91",
            "missing_lines": 4,
            "excluded_lines": 0,
            "percent_statements_covered": 90.69767441860465,
            "percent_statements_covered_display": "91"
          },
          "missing_lines": [
            128,
            151,
            166,
            172
          ],
          "excluded_lines": [],
          "start_line": 96
        },
        "__generate_instantiation_information": {
          "executed_lines": [
            249,
            251,
            252,
            255,
            256,
            257,
            258,
            259,
            260,
            271,
            278,
            279,
            280,
            281,
            282,
            283,
            298,
            312,
            313,
            314,
            315,
            316,
            317,
            325,
            335
          ],
          "summary": {
            "covered_lines": 25,
            "num_statements": 25,
            "percent_covered": 100.0,
            "percent_covered_display": "100",
            "missing_lines": 0,
            "excluded_lines": 0,
            "percent_statements_covered": 100.0,
            "percent_statements_covered_display": "100"
          },
          "missing_lines": [],
          "excluded_lines": [],
          "start_line": 233
        },
        "__generate_stress_analysis": {
          "executed_lines": [
            356,
            359,
            360,
            361,
            362,
            363,
            364,
            379,
            384,
            385,
            386,
            387,
            388,
            389,
            403,
            410,
            412,
            413,
            418,
            419,
            420,
            421,
            422,
            436,
            451,
            453,
            454,
            459,
            460,
            461,
            462,
            463,
            480,
            491
          ],
          "summary": {
            "covered_lines": 34,
            "num_statements": 34,
            "percent_covered": 100.0,
            "percent_covered_display": "100",
            "missing_lines": 0,
            "excluded_lines": 0,
            "percent_statements_covered": 100.0,
            "percent_statements_covered_display": "100"
          },
          "missing_lines": [],
          "excluded_lines": [],
          "start_line": 338
        },