{
  "files": {
    "cf_speedtest/speedtest.py": {
      "executed_lines": [
        2,
        4,
        5,
        6,
        7,
        8,
        9,
        10,
        11,
        13,
        14,
        16,
        17,
        18,
        23,
        24,
        25,
        27,
        34,
        35,
        36,
        37,
        38,
        40,
        41,
        42,
        43,
        44,
        50,
        52,
        71,
        90,
        108,
        122,
        144,
        165,
        166,
        181,
        182,
        207,
        211,
        227,
        318,
        372
      ],
      "summary": {
        "covered_lines": 44,
        "num_statements": 208,
        "percent_covered": 21.153846153846153,
        "percent_covered_display": "21",
        "missing_lines": 164,
        "excluded_lines": 0,
        "percent_statements_covered": 21.153846153846153,
        "percent_statements_covered_display": "21"
      },
      "missing_lines": [
        45,
        46,
        47,
        48,
        49,
        53,
        54,
        55,
        58,
        59,
        60,
        61,
        63,
        64,
        65,
        69,
        72,
        73,
        74,
        75,
        76,
        77,
        78,
        79,
        80,
        82,
        83,
        84,
        88,
        91,
        92,
        93,
        94,
        95,
        96,
        97,
        98,
        100,
        101,
        102,
        106,
        109,
        110,
        111,
        112,
        113,
        114,
        120,
        123,
        124,
        127,
        128,
        129,
        130,
        131,
        132,
        137,
        139,
        145,
        147,
        148,
        149,
        151,
        152,
        154,
        155,
        156,
        160,
        167,
        169,
        170,
        178,
        187,
        189,
        190,
        191,
        192,
        199,
        201,
        209,
        212,
        214,
        215,
        216,
        217,
        218,
        220,
        222,
        223,
        225,
        233,
        234,
        235,
        237,
        238,
        240,
        241,
        242,
        244,
        245,
        246,
        247,
        248,
        249,
        251,
        252,
        253,
        254,
        256,
        257,
        258,
        259,
        260,
        261,
        263,
        264,
        265,
        267,
        269,
        270,
        274,
        277,
        278,
        283,
        284,
        285,
        287,
        289,
        290,
        294,
        297,
        298,
        303,
        304,
        305,
        306,
        308,
        320,
        322,
        323,
        325,
        326,
        327,
        328,
        329,
        330,
        332,
        333,
        335,
        336,
        337,
        338,
        339,
        341,
        346,
        348,
        358,
        360,
        361,
        362,
        363,
        365,
        370,
        373
      ],
      "excluded_lines": [],
      "functions": {
        "percentile": {
          "executed_lines": [
            35,
            36,
            37,
            38
          ],
          "summary": {
            "covered_lines": 4,
            "num_statements": 4,
            "percent_covered": 100.0,
            "percent_covered_display": "100",
            "missing_lines": 0,
            "excluded_lines": 0,
            "percent_statements_covered": 100.0,
            "percent_statements_covered_display": "100"
          },
          "missing_lines": [],
          "excluded_lines": [],
          "start_line": 34
        },
        "get_server_timing": {
          "executed_lines": [
            41,
            42,
            43,
            44,
            50
          ],
          "summary": {
            "covered_lines": 5,
            "num_statements": 10,
            "percent_covered": 50.0,
            "percent_covered_display": "50",
            "missing_lines": 5,
            "excluded_lines": 0,
            "percent_statements_covered": 50.0,
            "percent_statements_covered_display": "50"
          },
          "missing_lines": [
            45,
            46,
            47,
            48,
            49
          ],
          "excluded_lines": [],
          "start_line": 40
        },
        "upload_test": {
          "executed_lines": [],
          "summary": {
            "covered_lines": 0,
            "num_statements": 11,
            "percent_covered": 0.0,
            "percent_covered_display": "0",
            "missing_lines": 11,
            "excluded_lines": 0,
            "percent_statements_covered": 0.0,
            "percent_statements_covered_display": "0"
          },
          "missing_lines": [
            53,
            54,
            55,
            58,
            59,
            60,
            61,
            63,
            64,
            65,
            69
          ],
          "excluded_lines": [],
          "start_line": 52
        },
        "download_test": {
          "executed_lines": [],
          "summary": {
            "covered_lines": 0,
            "num_statements": 13,
            "percent_covered": 0.0,
            "percent_covered_display": "0",
            "missing_lines": 13,
            "excluded_lines": 0,
            "percent_statements_covered": 0.0,
            "percent_statements_covered_display": "0"
          },
          "missing_lines": [
            72,
            73,
            74,
            75,
            76,
            77,
            78,
            79,
            80,
            82,
            83,
            84,
            88
          ],
          "excluded_lines": [],
          "start_line": 71
        },
        "latency_test": {
          "executed_lines": [],
          "summary": {
            "covered_lines": 0,
            "num_statements": 10,
            "percent_covered": 0.0,
            "percent_covered_display": "0",
            "missing_lines": 10,
            "excluded_lines": 0,
            "percent_statements_covered": 0.0,
            "percent_statements_covered_display": "0"
          },
          "missing_lines": [
            145,
            147,
            148,
            149,
            151,
            152,
            154,
            155,
            156,
            160
          ],
          "excluded_lines": [],
          "start_line": 144
        },
        "get_our_country": {
          "executed_lines": [
            166
          ],
          "summary": {
            "covered_lines": 1,
            "num_statements": 5,
            "percent_covered": 20.0,
            "percent_covered_display": "20",
            "missing_lines": 4,
            "excluded_lines": 0,
            "percent_statements_covered": 20.0,
            "percent_statements_covered_display": "20"
          },
          "missing_lines": [
            167,
            169,
            170,
            178
          ],
          "excluded_lines": [],
          "start_line": 165
        },
        "preamble": {
          "executed_lines": [
            182
          ],
          "summary": {
            "covered_lines": 1,
            "num_statements": 8,
            "percent_covered": 12.5,
            "percent_covered_display": "12",
            "missing_lines": 7,
            "excluded_lines": 0,
            "percent_statements_covered": 12.5,
            "percent_statements_covered_display": "12"
          },
          "missing_lines": [
            187,
            189,
            190,
            191,
            192,
            199,
            201
          ],
          "excluded_lines": [],
          "start_line": 181
        },
        "run_tests": {
          "executed_lines": [],
          "summary": {
            "covered_lines": 0,
            "num_statements": 10,
            "percent_covered": 0.0,