{
  "files": {
    "fp/fp.py": {
      "executed_lines": [
        3,
        4,
        5,
        6,
        7,
        8,
        10,
        13,
        14,
        23,
        24,
        25,
        26,
        27,
        28,
        29,
        30,
        31,
        33,
        34,
        35,
        36,
        50,
        51,
        52,
        53,
        54,
        55,
        56,
        58,
        60,
        61,
        63,
        65,
        67,
        68,
        70,
        72,
        74,
        75,
        77,
        78,
        80,
        81,
        82,
        83,
        84,
        85,
        89,
        90,
        92,
        93,
        96,
        97,
        98,
        99,
        100,
        101,
        102,
        103,
        106,
        107
      ],
      "summary": {
        "covered_lines": 61,
        "num_statements": 78,
        "percent_covered": 78.2051282051282,
        "percent_covered_display": "78",
        "missing_lines": 17,
        "excluded_lines": 0
      },
      "missing_lines": [
        37,
        38,
        39,
        40,
        42,
        43,
        44,
        46,
        47,
        48,
        79,
        86,
        87,
        88,
        91,
        104,
        105
      ],
      "excluded_lines": [],
      "functions": {
        "FreeProxy.__init__": {
          "executed_lines": [
            24,
            25,
            26,
            27,
            28,
            29,
            30,
            31
          ],
          "summary": {
            "covered_lines": 8,
            "num_statements": 8,
            "percent_covered": 100.0,
            "percent_covered_display": "100",
            "missing_lines": 0,
            "excluded_lines": 0
          },
          "missing_lines": [],
          "excluded_lines": []
        },
        "FreeProxy.get_proxy_list": {
          "executed_lines": [
            35,
            36
          ],
          "summary": {
            "covered_lines": 2,
            "num_statements": 12,
            "percent_covered": 16.666666666666668,
            "percent_covered_display": "17",
            "missing_lines": 10,
            "excluded_lines": 0
          },
          "missing_lines": [
            37,
            38,
            39,
            40,
            42,
            43,
            44,
            46,
            47,
            48
          ],
          "excluded_lines": []
        },
        "FreeProxy.__website": {
          "executed_lines": [
            51,
            52,
            53,
            54,
            55,
            56,
            58
          ],
          "summary": {
            "covered_lines": 7,
            "num_statements": 7,
            "percent_covered": 100.0,
            "percent_covered_display": "100",
            "missing_lines": 0,
            "excluded_lines": 0
          },
          "missing_lines": [],
          "excluded_lines": []
        },
        "FreeProxy.__criteria": {
          "executed_lines": [
            61,
            63,
            65,
            67,
            68,
            70,
            72
          ],
          "summary": {
            "covered_lines": 7,
            "num_statements": 7,
            "percent_covered": 100.0,
            "percent_covered_display": "100",
            "missing_lines": 0,
            "excluded_lines": 0
          },
          "missing_lines": [],
          "excluded_lines": []
        },
        "FreeProxy.get": {
          "executed_lines": [
            77,
            78,
            80,
            81,
            82,
            83,
            84,
            85,
            89,
            90,
            92,
            93
          ],
          "summary": {
            "covered_lines": 12,
            "num_statements": 17,
            "percent_covered": 70.58823529411765,
            "percent_covered_display": "71",
            "missing_lines": 5,
            "excluded_lines": 0
          },
          "missing_lines": [
            79,
            86,
            87,
            88,
            91
          ],
          "excluded_lines": []
        },
        "FreeProxy.__check_if_proxy_is_working": {
          "executed_lines": [
            98,
            99,
            100,
            101,
            102,
            103,
            106,
            107
          ],
          "summary": {
            "covered_lines": 8,
            "num_statements": 10,
            "percent_covered": 80.0,
            "percent_covered_display": "80",
            "missing_lines": 2,
            "excluded_lines": 0
          },
          "missing_lines": [
            104,
            105
          ],
          "excluded_lines": []
        },
        "": {
          "executed_lines": [
            3,
            4,
            5,
            6,
            7,
            8,
            10,
            13,
            14,
            23,
            33,
            34,
            50,
            60,
            74,
            75,
            96,
            97
          ],
          "summary": {
            "covered_lines": 17,
            "num_statements": 17,
            "percent_covered": 100.0,
            "percent_covered_display": "100",
            "missing_lines": 0,
            "excluded_lines": 0
          },
          "missing_lines": [],
          "excluded_lines": []
        }
      },
      "classes": {
        "FreeProxy": {
          "executed_lines": [
            24,
            25,
            26,
            27,
            28,
            29,
            30,
            31,
            35,
            36,
            51,
            52,
            53,
            54,
            55,
            56,
            58,
            61,
            63,
            65,
            67,
            68,
            70,
            72,
            77,
            78,
            80,
            81,
            82,
            83,
            84,
            85,
            89,
            90,
            92,
            93,
            98,
            99,
            100,
            101,
            102,
            103,
            106,
            107
          ],
          "summary": {
            "covered_lines": 44,
            "num_statements": 61,
            "percent_covered": 72.1311475409836,
            "percent_covered_display": "72",
            "missing_lines": 17,
            "excluded_lines": 0
          },
          "missing_lines": [
            37,
            38,
            39,
            40,
            42,
            43,
            44,
            46,
            47,
            48,
            79,
            86,
            87,
            88,
            91,
            104,
            105
          ],
          "excluded_lines": []
        },
        "": {
          "executed_lines": [
            3,
            4,
            5,
            6,
            7,
            8,
            10,
            13,
            14,
            23,
            33,
            34,
            50,
            60,
            74,
            75,
            96,
            97
          ],
          "summary": {
            "covered_lines": 17,
            "num_statements": 17,
            "percent_covered": 100.0,
            "percent_covered_display": "100",
            "missing_lines": 0,
            "excluded_lines": 0
          },
          "missing_lines": [],
          "excluded_lines": []
        }
      }
    }
  },
  "meta": {
    "format": 3,
    "version": "7.8.0",