{
  "files": {
    "src/coguard_cli/api_connection.py": {
      "executed_lines": [
        1,
        6,
        7,
        8,
        9,
        10,
        11,
        13,
        14,
        15,
        19,
        21,
        30,
        32,
        44,
        45,
        46,
        49,
        60,
        61,
        64,
        92,
        96,
        101,
        123,
        124,
        125,
        178,
        198,
        217,
        218,
        247,
        258,
        267,
        280,
        292,
        303,
        312,
        320,
        321,
        336,
        352,
        364,
        365,
        366,
        386,
        406,
        410
      ],
      "summary": {
        "covered_lines": 47,
        "num_statements": 114,
        "percent_covered": 41.228070175438596,
        "percent_covered_display": "41",
        "missing_lines": 67,
        "excluded_lines": 0
      },
      "missing_lines": [
        47,
        77,
        80,
        93,
        95,
        97,
        98,
        99,
        138,
        139,
        140,
        141,
        142,
        143,
        149,
        150,
        151,
        158,
        159,
        160,
        161,
        164,
        191,
        192,
        194,
        195,
        229,
        230,
        231,
        232,
        233,
        237,
        238,
        241,
        242,
        243,
        244,
        261,
        262,
        264,
        265,
        286,
        287,
        289,
        290,
        309,
        310,
        331,
        332,
        333,
        334,
        335,
        346,
        347,
        348,
        349,
        350,
        378,
        379,
        383,
        384,
        398,
        399,
        403,
        404,
        416,
        417
      ],
      "excluded_lines": [],
      "functions": {
        "run_report": {
          "executed_lines": [
            30,
            32,
            44,
            45,
            46
          ],
          "summary": {
            "covered_lines": 5,
            "num_statements": 6,
            "percent_covered": 83.33333333333333,
            "percent_covered_display": "83",
            "missing_lines": 1,
            "excluded_lines": 0
          },
          "missing_lines": [
            47
          ],
          "excluded_lines": []
        },
        "get_latest_report": {
          "executed_lines": [
            60,
            61,
            64,
            92,
            96
          ],
          "summary": {
            "covered_lines": 5,
            "num_statements": 12,
            "percent_covered": 41.666666666666664,
            "percent_covered_display": "42",
            "missing_lines": 7,
            "excluded_lines": 0
          },
          "missing_lines": [
            77,
            80,
            93,
            95,
            97,
            98,
            99
          ],
          "excluded_lines": []
        },
        "send_zip_file_for_scanning": {
          "executed_lines": [
            123,
            124,
            125,
            178
          ],
          "summary": {
            "covered_lines": 4,
            "num_statements": 22,
            "percent_covered": 18.181818181818183,
            "percent_covered_display": "18",
            "missing_lines": 18,
            "excluded_lines": 0
          },
          "missing_lines": [
            138,
            139,
            140,
            141,
            142,
            143,
            149,
            150,
            151,
            158,
            159,
            160,
            161,
            164,
            191,
            192,
            194,
            195
          ],
          "excluded_lines": []
        },
        "send_zip_file_for_fixing": {
          "executed_lines": [
            217,
            218
          ],
          "summary": {
            "covered_lines": 2,
            "num_statements": 13,
            "percent_covered": 15.384615384615385,
            "percent_covered_display": "15",
            "missing_lines": 11,
            "excluded_lines": 0
          },
          "missing_lines": [
            229,
            230,
            231,
            232,
            233,
            237,
            238,
            241,
            242,
            243,
            244
          ],
          "excluded_lines": []
        },
        "does_user_with_email_already_exist": {
          "executed_lines": [
            258
          ],
          "summary": {
            "covered_lines": 1,
            "num_statements": 5,
            "percent_covered": 20.0,
            "percent_covered_display": "20",
            "missing_lines": 4,
            "excluded_lines": 0
          },
          "missing_lines": [
            261,
            262,
            264,
            265
          ],
          "excluded_lines": []
        },
        "sign_up_for_coguard": {
          "executed_lines": [
            280
          ],
          "summary": {
            "covered_lines": 1,
            "num_statements": 5,
            "percent_covered": 20.0,
            "percent_covered_display": "20",
            "missing_lines": 4,
            "excluded_lines": 0
          },
          "missing_lines": [
            286,
            287,
            289,
            290
          ],
          "excluded_lines": []
        },
        "mention_referrer": {
          "executed_lines": [
            303
          ],
          "summary": {
            "covered_lines": 1,
            "num_statements": 3,
            "percent_covered": 33.333333333333336,
            "percent_covered_display": "33",
            "missing_lines": 2,
            "excluded_lines": 0
          },
          "missing_lines": [
            309,
            310
          ],
          "excluded_lines": []
        },
        "get_fixable_rule_list": {
          "executed_lines": [
            320,
            321,
            336
          ],
          "summary": {
            "covered_lines": 3,
            "num_statements": 13,
            "percent_covered": 23.076923076923077,
            "percent_covered_display": "23",
            "missing_lines": 10,
            "excluded_lines": 0
          },
          "missing_lines": [
            331,
            332,
            333,
            334,
            335,
            346,
            347,
            348,
            349,
            350
          ],
          "excluded_lines": []
        },
        "download_report": {
          "executed_lines": [
            364,
            365,
            366,
            386
          ],
          "summary": {
            "covered_lines": 4,
            "num_statements": 12,
            "percent_covered": 33.333333333333336,
            "percent_covered_display": "33",
            "missing_lines": 8,
            "excluded_lines": 0
          },
          "missing_lines": [
            378,
            379,
            383,
            384,
            398,
            399,
            403,
            404
          ],
          "excluded_lines": []
        },
        "log": {
          "executed_lines": [
            410
          ],
          "summary": {
            "covered_lines": 1,
            "num_statements": 3,
            "percent_covered": 33.333333333333336,
            "percent_covered_display": "33",
            "missing_lines": 2,
            "excluded_lines": 0
          },
          "missing_lines": [
            416,
            417
          ],
          "excluded_lines": []
        },