{
  "files": {
    "scripts/utils.py": {
      "executed_lines": [
        1,
        2,
        3,
        4,
        5,
        6,
        8,
        9,
        10,
        12,
        14,
        20,
        25,
        26,
        29,
        30,
        32,
        44,
        108,
        115,
        116,
        117,
        121,
        124,
        125,
        126,
        129,
        139,
        140,
        141,
        144,
        147,
        148,
        149,
        155,
        166,
        173,
        174,
        177,
        189,
        191,
        192,
        195,
        206,
        209,
        214,
        217,
        225,
        226,
        227,
        228,
        230,
        231,
        232,
        233,
        234,
        237,
        247,
        248,
        249,
        251,
        269,
        276,
        277,
        282,
        283,
        284,
        285,
        286,
        287,
        288,
        289,
        297,
        310,
        311,
        323,
        328,
        336,
        339,
        340
      ],
      "summary": {
        "covered_lines": 80,
        "num_statements": 95,
        "percent_covered": 84.21052631578948,
        "percent_covered_display": "84",
        "missing_lines": 15,
        "excluded_lines": 0,
        "percent_statements_covered": 84.21052631578948,
        "percent_statements_covered_display": "84"
      },
      "missing_lines": [
        15,
        17,
        118,
        119,
        120,
        122,
        123,
        142,
        143,
        145,
        146,
        264,
        265,
        266,
        333
      ],
      "excluded_lines": [],
      "functions": {
        "fetch_gists": {
          "executed_lines": [
            115,
            116,
            117,
            121,
            124,
            125,
            126
          ],
          "summary": {
            "covered_lines": 7,
            "num_statements": 12,
            "percent_covered": 58.333333333333336,
            "percent_covered_display": "58",
            "missing_lines": 5,
            "excluded_lines": 0,
            "percent_statements_covered": 58.333333333333336,
            "percent_statements_covered_display": "58"
          },
          "missing_lines": [
            118,
            119,
            120,
            122,
            123
          ],
          "excluded_lines": [],
          "start_line": 108
        },
        "fetch_gist_content": {
          "executed_lines": [
            139,
            140,
            141,
            144,
            147,
            148,
            149
          ],
          "summary": {
            "covered_lines": 7,
            "num_statements": 11,
            "percent_covered": 63.63636363636363,
            "percent_covered_display": "64",
            "missing_lines": 4,
            "excluded_lines": 0,
            "percent_statements_covered": 63.63636363636363,
            "percent_statements_covered_display": "64"
          },
          "missing_lines": [
            142,
            143,
            145,
            146
          ],
          "excluded_lines": [],
          "start_line": 129
        },
        "format_date": {
          "executed_lines": [
            166,
            173,
            174
          ],
          "summary": {
            "covered_lines": 3,
            "num_statements": 3,
            "percent_covered": 100.0,
            "percent_covered_display": "100",
            "missing_lines": 0,
            "excluded_lines": 0,
            "percent_statements_covered": 100.0,
            "percent_statements_covered_display": "100"
          },
          "missing_lines": [],
          "excluded_lines": [],
          "start_line": 155
        },
        "sanitise_folder_name": {
          "executed_lines": [
            189,
            191,
            192
          ],
          "summary": {
            "covered_lines": 3,
            "num_statements": 3,
            "percent_covered": 100.0,
            "percent_covered_display": "100",
            "missing_lines": 0,
            "excluded_lines": 0,
            "percent_statements_covered": 100.0,
            "percent_statements_covered_display": "100"
          },
          "missing_lines": [],
          "excluded_lines": [],
          "start_line": 177
        },
        "generate_folder_name": {
          "executed_lines": [
            206,
            209,
            214
          ],
          "summary": {
            "covered_lines": 3,
            "num_statements": 3,
            "percent_covered": 100.0,
            "percent_covered_display": "100",
            "missing_lines": 0,
            "excluded_lines": 0,
            "percent_statements_covered": 100.0,
            "percent_statements_covered_display": "100"
          },
          "missing_lines": [],
          "excluded_lines": [],
          "start_line": 195
        },
        "save_gist_files": {
          "executed_lines": [
            225,
            226,
            227,
            228,
            230,
            231,
            232,
            233,
            234
          ],
          "summary": {
            "covered_lines": 9,
            "num_statements": 9,
            "percent_covered": 100.0,
            "percent_covered_display": "100",
            "missing_lines": 0,
            "excluded_lines": 0,
            "percent_statements_covered": 100.0,
            "percent_statements_covered_display": "100"
          },
          "missing_lines": [],
          "excluded_lines": [],
          "start_line": 217
        },
        "create_gist_index": {
          "executed_lines": [
            247,
            248,
            249,
            251
          ],
          "summary": {
            "covered_lines": 4,
            "num_statements": 7,
            "percent_covered": 57.142857142857146,
            "percent_covered_display": "57",
            "missing_lines": 3,
            "excluded_lines": 0,
            "percent_statements_covered": 57.142857142857146,
            "percent_statements_covered_display": "57"
          },
          "missing_lines": [
            264,
            265,
            266
          ],
          "excluded_lines": [],
          "start_line": 237
        },
        "update_readme": {
          "executed_lines": [
            276,
            277,
            282,
            283,
            284,
            285,
            286,
            287,
            288,
            289,
            297,
            310,
            311,
            323,
            328,
            336,
            339,
            340
          ],
          "summary": {
            "covered_lines": 18,
            "num_statements": 19,
            "percent_covered": 94.73684210526316,
            "percent_covered_display": "95",
            "missing_lines": 1,
            "excluded_lines": 0,
            "percent_statements_covered": 94.73684210526316,
            "percent_statements_covered_display": "95"
          },
          "missing_lines": [
            333
          ],
          "excluded_lines": [],
          "start_line": 269
        },
        "": {
          "executed_lines": [
            1,
            2,
            3,
            4,
            5,
            6,
            8,
            9,
            10,
            12,
            14,
            20,
            25,
            26,
            29,
            30,
            32,
            44,
            108,
            129,
            155,
            177,
            195,
            217,
            237,
            269
          ],
          "summary": {
            "covered_lines": 26,
            "num_statements": 28,
            "percent_covered": 92.85714285714286,
            "percent_covered_display": "93",
            "missing_lines": 2,
            "excluded_lines": 0,
            "percent_statements_covered": 92.85714285714286,