{
  "files": {
    "chessdotcom/client.py": {
      "executed_lines": [
        1,
        2,
        3,
        4,
        5,
        7,
        8,
        10,
        11,
        14,
        22,
        23,
        24,
        26,
        27,
        28,
        30,
        31,
        32,
        37,
        39,
        40,
        41,
        42,
        43,
        46,
        58,
        59,
        60,
        61,
        62,
        64,
        65,
        66,
        68,
        70,
        71,
        72,
        74,
        75,
        78,
        82,
        84,
        85,
        86,
        87,
        89,
        90,
        92,
        93,
        95,
        103,
        105,
        106,
        112,
        114,
        120,
        122,
        123,
        124,
        127,
        128,
        130,
        131,
        133,
        136,
        139,
        153,
        161,
        163,
        170,
        173,
        175,
        177,
        178,
        180,
        183,
        185,
        186,
        187,
        190,
        193,
        194,
        196,
        205,
        206,
        207,
        208,
        210,
        211
      ],
      "summary": {
        "covered_lines": 90,
        "num_statements": 99,
        "percent_covered": 90.9090909090909,
        "percent_covered_display": "91",
        "missing_lines": 9,
        "excluded_lines": 0,
        "percent_statements_covered": 90.9090909090909,
        "percent_statements_covered_display": "91"
      },
      "missing_lines": [
        33,
        36,
        76,
        96,
        115,
        116,
        117,
        132,
        188
      ],
      "excluded_lines": [],
      "functions": {
        "RateLimitHandler.__init__": {
          "executed_lines": [
            23,
            24
          ],
          "summary": {
            "covered_lines": 2,
            "num_statements": 2,
            "percent_covered": 100.0,
            "percent_covered_display": "100",
            "missing_lines": 0,
            "excluded_lines": 0,
            "percent_statements_covered": 100.0,
            "percent_statements_covered_display": "100"
          },
          "missing_lines": [],
          "excluded_lines": [],
          "start_line": 22
        },
        "RateLimitHandler.retries": {
          "executed_lines": [
            32,
            37
          ],
          "summary": {
            "covered_lines": 2,
            "num_statements": 4,
            "percent_covered": 50.0,
            "percent_covered_display": "50",
            "missing_lines": 2,
            "excluded_lines": 0,
            "percent_statements_covered": 50.0,
            "percent_statements_covered_display": "50"
          },
          "missing_lines": [
            33,
            36
          ],
          "excluded_lines": [],
          "start_line": 31
        },
        "RateLimitHandler.should_try_again": {
          "executed_lines": [
            40,
            41,
            42,
            43
          ],
          "summary": {
            "covered_lines": 4,
            "num_statements": 4,
            "percent_covered": 100.0,
            "percent_covered_display": "100",
            "missing_lines": 0,
            "excluded_lines": 0,
            "percent_statements_covered": 100.0,
            "percent_statements_covered_display": "100"
          },
          "missing_lines": [],
          "excluded_lines": [],
          "start_line": 39
        },
        "Client.endpoint": {
          "executed_lines": [
            66,
            68
          ],
          "summary": {
            "covered_lines": 2,
            "num_statements": 2,
            "percent_covered": 100.0,
            "percent_covered_display": "100",
            "missing_lines": 0,
            "excluded_lines": 0,
            "percent_statements_covered": 100.0,
            "percent_statements_covered_display": "100"
          },
          "missing_lines": [],
          "excluded_lines": [],
          "start_line": 65
        },
        "Client.loop_callback": {
          "executed_lines": [
            72
          ],
          "summary": {
            "covered_lines": 1,
            "num_statements": 1,
            "percent_covered": 100.0,
            "percent_covered_display": "100",
            "missing_lines": 0,
            "excluded_lines": 0,
            "percent_statements_covered": 100.0,
            "percent_statements_covered_display": "100"
          },
          "missing_lines": [],
          "excluded_lines": [],
          "start_line": 71
        },
        "Client.do_get_request": {
          "executed_lines": [
            75,
            78,
            82
          ],
          "summary": {
            "covered_lines": 3,
            "num_statements": 4,
            "percent_covered": 75.0,
            "percent_covered_display": "75",
            "missing_lines": 1,
            "excluded_lines": 0,
            "percent_statements_covered": 75.0,
            "percent_statements_covered_display": "75"
          },
          "missing_lines": [
            76
          ],
          "excluded_lines": [],
          "start_line": 74
        },
        "Client.activate_endpoint": {
          "executed_lines": [
            86,
            89,
            90
          ],
          "summary": {
            "covered_lines": 3,
            "num_statements": 3,
            "percent_covered": 100.0,
            "percent_covered_display": "100",
            "missing_lines": 0,
            "excluded_lines": 0,
            "percent_statements_covered": 100.0,
            "percent_statements_covered_display": "100"
          },
          "missing_lines": [],
          "excluded_lines": [],
          "start_line": 84
        },
        "Client.activate_endpoint.wrapper": {
          "executed_lines": [
            87
          ],
          "summary": {
            "covered_lines": 1,
            "num_statements": 1,
            "percent_covered": 100.0,
            "percent_covered_display": "100",
            "missing_lines": 0,
            "excluded_lines": 0,
            "percent_statements_covered": 100.0,
            "percent_statements_covered_display": "100"
          },
          "missing_lines": [],
          "excluded_lines": [],
          "start_line": 86
        },
        "Client._build_request_options": {
          "executed_lines": [
            93,
            95,
            103
          ],
          "summary": {
            "covered_lines": 3,
            "num_statements": 4,
            "percent_covered": 75.0,
            "percent_covered_display": "75",
            "missing_lines": 1,
            "excluded_lines": 0,
            "percent_statements_covered": 75.0,
            "percent_statements_covered_display": "75"
          },
          "missing_lines": [
            96
          ],
          "excluded_lines": [],
          "start_line": 92
        },
        "Client._do_sync_get_request": {
          "executed_lines": [
            106,
            112,
            114,
            120
          ],
          "summary": {
            "covered_lines": 4,
            "num_statements": 7,
            "percent_covered": 57.142857142857146,
            "percent_covered_display": "57",
            "missing_lines": 3,
            "excluded_lines": 0,
            "percent_statements_covered": 57.142857142857146,
            "percent_statements_covered_display": "57"
          },
          "missing_lines": [
            115,
            116,
            117
          ],
          "excluded_lines": [],
          "start_line": 105
        },
        "Client._do_async_get_request": {
          "executed_lines": [
            123,
            124,
            127,
            128,
            130,
            131,
            133,
            136
          ],
          "summary": {
            "covered_lines": 8,
            "num_statements": 9,