{
  "files": {
    "cf_speedtest/speedtest.py": {
      "executed_lines": [
        2,
        4,
        5,
        6,
        7,
        8,
        10,
        12,
        13,
        15,
        17,
        18,
        19,
        21,
        28,
        29,
        30,
        33,
        34,
        35,
        36,
        37,
        40,
        41,
        42,
        43,
        44,
        50,
        53,
        79,
        105,
        130,
        131,
        150,
        151,
        173,
        174,
        176,
        177,
        178,
        179,
        180,
        182,
        184,
        185,
        187,
        190,
        196,
        197,
        198,
        200,
        201,
        203,
        204,
        205,
        207,
        208,
        209,
        210,
        211,
        212,
        214,
        215,
        216,
        217,
        219,
        220,
        221,
        222,
        223,
        224,
        226,
        230,
        232,
        233,
        237,
        240,
        241,
        246,
        250,
        252,
        253,
        257,
        260,
        261,
        266,
        267,
        268,
        269,
        271,
        282,
        284,
        286,
        287,
        289,
        290,
        291,
        292,
        293,
        294,
        296,
        297,
        299,
        300,
        301,
        302,
        303,
        305,
        310,
        312,
        322,
        324,
        325,
        326,
        327,
        329,
        334,
        337
      ],
      "summary": {
        "covered_lines": 118,
        "num_statements": 174,
        "percent_covered": 67.816091954023,
        "percent_covered_display": "68",
        "missing_lines": 56,
        "excluded_lines": 0,
        "percent_statements_covered": 67.816091954023,
        "percent_statements_covered_display": "68"
      },
      "missing_lines": [
        45,
        46,
        47,
        48,
        49,
        54,
        56,
        64,
        65,
        67,
        68,
        70,
        71,
        72,
        76,
        80,
        81,
        83,
        89,
        90,
        92,
        93,
        94,
        96,
        97,
        98,
        102,
        106,
        108,
        109,
        115,
        116,
        118,
        119,
        121,
        122,
        123,
        127,
        137,
        138,
        140,
        141,
        147,
        157,
        158,
        160,
        161,
        162,
        163,
        168,
        170,
        227,
        228,
        247,
        248,
        338
      ],
      "excluded_lines": [],
      "functions": {
        "percentile": {
          "executed_lines": [
            34,
            35,
            36,
            37
          ],
          "summary": {
            "covered_lines": 4,
            "num_statements": 4,
            "percent_covered": 100.0,
            "percent_covered_display": "100",
            "missing_lines": 0,
            "excluded_lines": 0,
            "percent_statements_covered": 100.0,
            "percent_statements_covered_display": "100"
          },
          "missing_lines": [],
          "excluded_lines": [],
          "start_line": 33
        },
        "get_server_timing": {
          "executed_lines": [
            41,
            42,
            43,
            44,
            50
          ],
          "summary": {
            "covered_lines": 5,
            "num_statements": 10,
            "percent_covered": 50.0,
            "percent_covered_display": "50",
            "missing_lines": 5,
            "excluded_lines": 0,
            "percent_statements_covered": 50.0,
            "percent_statements_covered_display": "50"
          },
          "missing_lines": [
            45,
            46,
            47,
            48,
            49
          ],
          "excluded_lines": [],
          "start_line": 40
        },
        "upload_test": {
          "executed_lines": [],
          "summary": {
            "covered_lines": 0,
            "num_statements": 10,
            "percent_covered": 0.0,
            "percent_covered_display": "0",
            "missing_lines": 10,
            "excluded_lines": 0,
            "percent_statements_covered": 0.0,
            "percent_statements_covered_display": "0"
          },
          "missing_lines": [
            54,
            56,
            64,
            65,
            67,
            68,
            70,
            71,
            72,
            76
          ],
          "excluded_lines": [],
          "start_line": 53
        },
        "download_test": {
          "executed_lines": [],
          "summary": {
            "covered_lines": 0,
            "num_statements": 12,
            "percent_covered": 0.0,
            "percent_covered_display": "0",
            "missing_lines": 12,
            "excluded_lines": 0,
            "percent_statements_covered": 0.0,
            "percent_statements_covered_display": "0"
          },
          "missing_lines": [
            80,
            81,
            83,
            89,
            90,
            92,
            93,
            94,
            96,
            97,
            98,
            102
          ],
          "excluded_lines": [],
          "start_line": 79
        },
        "latency_test": {
          "executed_lines": [],
          "summary": {
            "covered_lines": 0,
            "num_statements": 11,
            "percent_covered": 0.0,
            "percent_covered_display": "0",
            "missing_lines": 11,
            "excluded_lines": 0,
            "percent_statements_covered": 0.0,
            "percent_statements_covered_display": "0"
          },
          "missing_lines": [
            106,
            108,
            109,
            115,
            116,
            118,
            119,
            121,
            122,
            123,
            127
          ],
          "excluded_lines": [],
          "start_line": 105
        },
        "get_our_country": {
          "executed_lines": [
            131
          ],
          "summary": {
            "covered_lines": 1,
            "num_statements": 6,
            "percent_covered": 16.666666666666668,
            "percent_covered_display": "17",
            "missing_lines": 5,
            "excluded_lines": 0,
            "percent_statements_covered": 16.666666666666668,
            "percent_statements_covered_display": "17"
          },
          "missing_lines": [
            137,
            138,
            140,
            141,
            147
          ],
          "excluded_lines": [],
          "start_line": 130
        },
        "preamble": {
          "executed_lines": [
            151
          ],
          "summary": {
            "covered_lines": 1,
            "num_statements": 9,
            "percent_covered": 11.11111111111111,
            "percent_covered_display": "11",
            "missing_lines": 8,
            "excluded_lines": 0,
            "percent_statements_covered": 11.11111111111111,
            "percent_statements_covered_display": "11"
          },
          "missing_lines": [
            157,
            158,
            160,
            161,
            162,
            163,
            168,
            170
          ],
          "excluded_lines": [],
          "start_line": 150
        },
        "run_tests": {
          "executed_lines": [
            174,
            176,
            177,
            178,
            179,
            180,
            182,
            184,
            185,
            187
          ],
          "summary": {
            "covered_lines": 10,
            "num_statements": 10,
            "percent_covered": 100.0,
            "percent_covered_display": "100",
            "missing_lines": 0,
            "excluded_lines": 0,
            "percent_statements_covered": 100.0,