{
  "files": {
    "common/psapi.py": {
      "executed_lines": [
        1,
        2,
        4,
        6,
        7,
        11,
        24,
        25,
        27,
        30,
        31,
        32,
        33,
        51,
        52,
        54,
        55,
        56,
        58,
        59,
        71,
        86,
        87,
        89,
        90,
        92,
        101,
        102,
        104,
        105,
        107,
        108,
        109
      ],
      "summary": {
        "covered_lines": 33,
        "num_statements": 87,
        "percent_covered": 37.93103448275862,
        "percent_covered_display": "38",
        "missing_lines": 54,
        "excluded_lines": 0
      },
      "missing_lines": [
        12,
        14,
        15,
        16,
        18,
        19,
        20,
        22,
        28,
        34,
        35,
        37,
        38,
        39,
        41,
        42,
        44,
        45,
        47,
        49,
        60,
        61,
        63,
        64,
        66,
        67,
        69,
        72,
        74,
        75,
        77,
        78,
        79,
        81,
        82,
        84,
        93,
        94,
        96,
        97,
        99,
        110,
        111,
        113,
        114,
        115,
        117,
        119,
        124,
        126,
        127,
        129,
        131,
        132
      ],
      "excluded_lines": [],
      "functions": {
        "get_all_podcast_episodes_all_seasons": {
          "executed_lines": [],
          "summary": {
            "covered_lines": 0,
            "num_statements": 8,
            "percent_covered": 0.0,
            "percent_covered_display": "0",
            "missing_lines": 8,
            "excluded_lines": 0
          },
          "missing_lines": [
            12,
            14,
            15,
            16,
            18,
            19,
            20,
            22
          ],
          "excluded_lines": []
        },
        "get_all_podcast_episodes": {
          "executed_lines": [
            25,
            27,
            30,
            31,
            32,
            33
          ],
          "summary": {
            "covered_lines": 6,
            "num_statements": 18,
            "percent_covered": 33.333333333333336,
            "percent_covered_display": "33",
            "missing_lines": 12,
            "excluded_lines": 0
          },
          "missing_lines": [
            28,
            34,
            35,
            37,
            38,
            39,
            41,
            42,
            44,
            45,
            47,
            49
          ],
          "excluded_lines": []
        },
        "get_podcast_episodes": {
          "executed_lines": [
            52,
            54,
            55,
            56,
            58,
            59
          ],
          "summary": {
            "covered_lines": 6,
            "num_statements": 13,
            "percent_covered": 46.15384615384615,
            "percent_covered_display": "46",
            "missing_lines": 7,
            "excluded_lines": 0
          },
          "missing_lines": [
            60,
            61,
            63,
            64,
            66,
            67,
            69
          ],
          "excluded_lines": []
        },
        "get_episode_manifest": {
          "executed_lines": [],
          "summary": {
            "covered_lines": 0,
            "num_statements": 9,
            "percent_covered": 0.0,
            "percent_covered_display": "0",
            "missing_lines": 9,
            "excluded_lines": 0
          },
          "missing_lines": [
            72,
            74,
            75,
            77,
            78,
            79,
            81,
            82,
            84
          ],
          "excluded_lines": []
        },
        "get_podcast_metadata": {
          "executed_lines": [
            87,
            89,
            90,
            92
          ],
          "summary": {
            "covered_lines": 4,
            "num_statements": 9,
            "percent_covered": 44.44444444444444,
            "percent_covered_display": "44",
            "missing_lines": 5,
            "excluded_lines": 0
          },
          "missing_lines": [
            93,
            94,
            96,
            97,
            99
          ],
          "excluded_lines": []
        },
        "get_all_podcasts": {
          "executed_lines": [
            102,
            104,
            105,
            107,
            108,
            109
          ],
          "summary": {
            "covered_lines": 6,
            "num_statements": 19,
            "percent_covered": 31.57894736842105,
            "percent_covered_display": "32",
            "missing_lines": 13,
            "excluded_lines": 0
          },
          "missing_lines": [
            110,
            111,
            113,
            114,
            115,
            117,
            119,
            124,
            126,
            127,
            129,
            131,
            132
          ],
          "excluded_lines": []
        },
        "": {
          "executed_lines": [
            1,
            2,
            4,
            6,
            7,
            11,
            24,
            51,
            71,
            86,
            101
          ],
          "summary": {
            "covered_lines": 11,
            "num_statements": 11,
            "percent_covered": 100.0,
            "percent_covered_display": "100",
            "missing_lines": 0,
            "excluded_lines": 0
          },
          "missing_lines": [],
          "excluded_lines": []
        }
      },
      "classes": {
        "": {
          "executed_lines": [
            1,
            2,
            4,
            6,
            7,
            11,
            24,
            25,
            27,
            30,
            31,
            32,
            33,
            51,
            52,
            54,
            55,
            56,
            58,
            59,
            71,
            86,
            87,
            89,
            90,
            92,
            101,
            102,
            104,
            105,
            107,
            108,
            109
          ],
          "summary": {
            "covered_lines": 33,
            "num_statements": 87,
            "percent_covered": 37.93103448275862,
            "percent_covered_display": "38",
            "missing_lines": 54,
            "excluded_lines": 0
          },
          "missing_lines": [
            12,
            14,
            15,
            16,
            18,
            19,
            20,
            22,
            28,
            34,
            35,
            37,
            38,
            39,
            41,
            42,
            44,
            45,
            47,
            49,
            60,
            61,
            63,
            64,
            66,
            67,
            69,
            72,
            74,
            75,
            77,
            78,
            79,
            81,
            82,
            84,
            93,
            94,
            96,
            97,
            99,
            110,
            111,
            113,
            114,
            115,
            117,
            119,
            124,
            126,
            127,
            129,
            131,
            132
          ],
          "excluded_lines": []
        }
      }
    }
  },