{
  "files": {
    "gammy/plot.py": {
      "executed_lines": [
        5,
        6,
        8,
        9,
        10,
        11,
        13,
        14,
        15,
        18,
        141,
        179,
        186,
        198
      ],
      "summary": {
        "covered_lines": 14,
        "num_statements": 92,
        "percent_covered": 15.217391304347826,
        "percent_covered_display": "15",
        "missing_lines": 78,
        "excluded_lines": 0,
        "percent_statements_covered": 15.217391304347826,
        "percent_statements_covered_display": "15"
      },
      "missing_lines": [
        61,
        62,
        63,
        65,
        66,
        67,
        69,
        78,
        81,
        86,
        91,
        92,
        95,
        96,
        97,
        98,
        99,
        100,
        101,
        104,
        105,
        106,
        107,
        110,
        113,
        114,
        115,
        119,
        120,
        121,
        122,
        123,
        124,
        125,
        126,
        130,
        131,
        132,
        134,
        135,
        137,
        138,
        145,
        146,
        147,
        150,
        151,
        152,
        153,
        154,
        157,
        158,
        159,
        160,
        161,
        162,
        167,
        168,
        169,
        170,
        171,
        172,
        173,
        175,
        176,
        183,
        191,
        192,
        193,
        195,
        208,
        209,
        212,
        221,
        222,
        223,
        224,
        226
      ],
      "excluded_lines": [],
      "functions": {
        "validation_plot": {
          "executed_lines": [],
          "summary": {
            "covered_lines": 0,
            "num_statements": 42,
            "percent_covered": 0.0,
            "percent_covered_display": "0",
            "missing_lines": 42,
            "excluded_lines": 0,
            "percent_statements_covered": 0.0,
            "percent_statements_covered_display": "0"
          },
          "missing_lines": [
            61,
            62,
            63,
            65,
            66,
            67,
            69,
            78,
            81,
            86,
            91,
            92,
            95,
            96,
            97,
            98,
            99,
            100,
            101,
            104,
            105,
            106,
            107,
            110,
            113,
            114,
            115,
            119,
            120,
            121,
            122,
            123,
            124,
            125,
            126,
            130,
            131,
            132,
            134,
            135,
            137,
            138
          ],
          "excluded_lines": [],
          "start_line": 18
        },
        "gaussian1d_density_plot": {
          "executed_lines": [],
          "summary": {
            "covered_lines": 0,
            "num_statements": 23,
            "percent_covered": 0.0,
            "percent_covered_display": "0",
            "missing_lines": 23,
            "excluded_lines": 0,
            "percent_statements_covered": 0.0,
            "percent_statements_covered_display": "0"
          },
          "missing_lines": [
            145,
            146,
            147,
            150,
            151,
            152,
            153,
            154,
            157,
            158,
            159,
            160,
            161,
            162,
            167,
            168,
            169,
            170,
            171,
            172,
            173,
            175,
            176
          ],
          "excluded_lines": [],
          "start_line": 141
        },
        "gaussian2d_density_plot": {
          "executed_lines": [],
          "summary": {
            "covered_lines": 0,
            "num_statements": 1,
            "percent_covered": 0.0,
            "percent_covered_display": "0",
            "missing_lines": 1,
            "excluded_lines": 0,
            "percent_statements_covered": 0.0,
            "percent_statements_covered_display": "0"
          },
          "missing_lines": [
            183
          ],
          "excluded_lines": [],
          "start_line": 179
        },
        "covariance_plot": {
          "executed_lines": [],
          "summary": {
            "covered_lines": 0,
            "num_statements": 4,
            "percent_covered": 0.0,
            "percent_covered_display": "0",
            "missing_lines": 4,
            "excluded_lines": 0,
            "percent_statements_covered": 0.0,
            "percent_statements_covered_display": "0"
          },
          "missing_lines": [
            191,
            192,
            193,
            195
          ],
          "excluded_lines": [],
          "start_line": 186
        },
        "basis_plot": {
          "executed_lines": [],
          "summary": {
            "covered_lines": 0,
            "num_statements": 8,
            "percent_covered": 0.0,
            "percent_covered_display": "0",
            "missing_lines": 8,
            "excluded_lines": 0,
            "percent_statements_covered": 0.0,
            "percent_statements_covered_display": "0"
          },
          "missing_lines": [
            208,
            209,
            212,
            221,
            222,
            223,
            224,
            226
          ],
          "excluded_lines": [],
          "start_line": 198
        },
        "": {
          "executed_lines": [
            5,
            6,
            8,
            9,
            10,
            11,
            13,
            14,
            15,
            18,
            141,
            179,
            186,
            198
          ],
          "summary": {
            "covered_lines": 14,
            "num_statements": 14,
            "percent_covered": 100.0,
            "percent_covered_display": "100",
            "missing_lines": 0,
            "excluded_lines": 0,
            "percent_statements_covered": 100.0,
            "percent_statements_covered_display": "100"
          },
          "missing_lines": [],
          "excluded_lines": [],
          "start_line": 1
        }
      },
      "classes": {
        "": {
          "executed_lines": [
            5,
            6,
            8,
            9,
            10,
            11,
            13,
            14,
            15,
            18,
            141,
            179,
            186,
            198
          ],
          "summary": {
            "covered_lines": 14,
            "num_statements": 92,
            "percent_covered": 15.217391304347826,
            "percent_covered_display": "15",
            "missing_lines": 78,
            "excluded_lines": 0,
            "percent_statements_covered": 15.217391304347826,
            "percent_statements_covered_display": "15"
          },