{
  "files": {
    "cf_speedtest/speedtest.py": {
      "executed_lines": [
        2,
        4,
        5,
        6,
        7,
        8,
        10,
        11,
        13,
        14,
        16,
        18,
        19,
        20,
        22,
        29,
        30,
        31,
        33,
        34,
        35,
        36,
        37,
        39,
        40,
        41,
        42,
        43,
        49,
        51,
        72,
        92,
        110,
        111,
        112,
        114,
        115,
        123,
        125,
        126,
        131,
        133,
        134,
        135,
        136,
        143,
        145,
        147,
        148,
        150,
        151,
        152,
        153,
        154,
        156,
        158,
        159,
        161,
        163,
        169,
        170,
        171,
        173,
        174,
        176,
        177,
        178,
        180,
        181,
        182,
        183,
        184,
        185,
        187,
        188,
        189,
        190,
        192,
        193,
        194,
        195,
        196,
        197,
        199,
        203,
        205,
        206,
        210,
        213,
        214,
        219,
        223,
        225,
        226,
        230,
        233,
        234,
        239,
        240,
        241,
        242,
        244,
        254,
        256,
        258,
        259,
        261,
        262,
        263,
        264,
        265,
        266,
        268,
        269,
        271,
        272,
        273,
        274,
        275,
        277,
        282,
        284,
        294,
        296,
        297,
        298,
        299,
        301,
        306,
        308
      ],
      "summary": {
        "covered_lines": 130,
        "num_statements": 170,
        "percent_covered": 76.47058823529412,
        "percent_covered_display": "76",
        "missing_lines": 40,
        "excluded_lines": 0,
        "percent_statements_covered": 76.47058823529412,
        "percent_statements_covered_display": "76"
      },
      "missing_lines": [
        44,
        45,
        46,
        47,
        48,
        52,
        54,
        59,
        60,
        62,
        64,
        65,
        66,
        70,
        73,
        74,
        76,
        77,
        79,
        81,
        82,
        84,
        85,
        86,
        90,
        93,
        95,
        96,
        97,
        99,
        100,
        102,
        103,
        104,
        108,
        200,
        201,
        220,
        221,
        309
      ],
      "excluded_lines": [],
      "functions": {
        "percentile": {
          "executed_lines": [
            34,
            35,
            36,
            37
          ],
          "summary": {
            "covered_lines": 4,
            "num_statements": 4,
            "percent_covered": 100.0,
            "percent_covered_display": "100",
            "missing_lines": 0,
            "excluded_lines": 0,
            "percent_statements_covered": 100.0,
            "percent_statements_covered_display": "100"
          },
          "missing_lines": [],
          "excluded_lines": [],
          "start_line": 33
        },
        "get_server_timing": {
          "executed_lines": [
            40,
            41,
            42,
            43,
            49
          ],
          "summary": {
            "covered_lines": 5,
            "num_statements": 10,
            "percent_covered": 50.0,
            "percent_covered_display": "50",
            "missing_lines": 5,
            "excluded_lines": 0,
            "percent_statements_covered": 50.0,
            "percent_statements_covered_display": "50"
          },
          "missing_lines": [
            44,
            45,
            46,
            47,
            48
          ],
          "excluded_lines": [],
          "start_line": 39
        },
        "upload_test": {
          "executed_lines": [],
          "summary": {
            "covered_lines": 0,
            "num_statements": 9,
            "percent_covered": 0.0,
            "percent_covered_display": "0",
            "missing_lines": 9,
            "excluded_lines": 0,
            "percent_statements_covered": 0.0,
            "percent_statements_covered_display": "0"
          },
          "missing_lines": [
            52,
            54,
            59,
            60,
            62,
            64,
            65,
            66,
            70
          ],
          "excluded_lines": [],
          "start_line": 51
        },
        "download_test": {
          "executed_lines": [],
          "summary": {
            "covered_lines": 0,
            "num_statements": 11,
            "percent_covered": 0.0,
            "percent_covered_display": "0",
            "missing_lines": 11,
            "excluded_lines": 0,
            "percent_statements_covered": 0.0,
            "percent_statements_covered_display": "0"
          },
          "missing_lines": [
            73,
            74,
            76,
            77,
            79,
            81,
            82,
            84,
            85,
            86,
            90
          ],
          "excluded_lines": [],
          "start_line": 72
        },
        "latency_test": {
          "executed_lines": [],
          "summary": {
            "covered_lines": 0,
            "num_statements": 10,
            "percent_covered": 0.0,
            "percent_covered_display": "0",
            "missing_lines": 10,
            "excluded_lines": 0,
            "percent_statements_covered": 0.0,
            "percent_statements_covered_display": "0"
          },
          "missing_lines": [
            93,
            95,
            96,
            97,
            99,
            100,
            102,
            103,
            104,
            108
          ],
          "excluded_lines": [],
          "start_line": 92
        },
        "get_our_country": {
          "executed_lines": [
            111,
            112,
            114,
            115,
            123
          ],
          "summary": {
            "covered_lines": 5,
            "num_statements": 5,
            "percent_covered": 100.0,
            "percent_covered_display": "100",
            "missing_lines": 0,
            "excluded_lines": 0,
            "percent_statements_covered": 100.0,
            "percent_statements_covered_display": "100"
          },
          "missing_lines": [],
          "excluded_lines": [],
          "start_line": 110
        },
        "preamble": {
          "executed_lines": [
            126,
            131,
            133,
            134,
            135,
            136,
            143,
            145
          ],
          "summary": {
            "covered_lines": 8,
            "num_statements": 8,
            "percent_covered": 100.0,
            "percent_covered_display": "100",
            "missing_lines": 0,
            "excluded_lines": 0,
            "percent_statements_covered": 100.0,
            "percent_statements_covered_display": "100"
          },
          "missing_lines": [],
          "excluded_lines": [],
          "start_line": 125
        },
        "run_tests": {
          "executed_lines": [
            148,
            150,
            151,
            152,
            153,
            154,
            156,
            158,
            159,
            161
          ],
          "summary": {
            "covered_lines": 10,
            "num_statements": 10,
            "percent_covered": 100.0,
            "percent_covered_display": "100",
            "missing_lines": 0,
            "excluded_lines": 0,
            "percent_statements_covered": 100.0,
            "percent_statements_covered_display": "100"
          },
          "missing_lines": [],
          "excluded_lines": [],
          "start_line": 147
        },