{
  "files": {
    "cronitor/monitor.py": {
      "executed_lines": [
        1,
        2,
        3,
        4,
        5,
        6,
        7,
        9,
        10,
        12,
        14,
        15,
        16,
        22,
        24,
        25,
        27,
        28,
        32,
        34,
        35,
        47,
        48,
        49,
        50,
        51,
        53,
        54,
        57,
        60,
        63,
        64,
        65,
        67,
        68,
        70,
        72,
        73,
        75,
        76,
        77,
        78,
        79,
        81,
        83,
        84,
        112,
        113,
        114,
        115,
        116,
        117,
        119,
        120,
        121,
        123,
        124,
        125,
        127,
        128,
        129,
        131,
        132,
        145,
        146,
        150,
        152,
        155,
        162,
        165,
        166,
        169,
        178,
        179,
        180,
        181,
        183,
        193,
        194,
        196,
        197,
        198,
        199,
        201,
        212,
        213,
        214
      ],
      "summary": {
        "covered_lines": 87,
        "num_statements": 142,
        "percent_covered": 61.267605633802816,
        "percent_covered_display": "61",
        "missing_lines": 55,
        "excluded_lines": 0,
        "percent_statements_covered": 61.267605633802816,
        "percent_statements_covered_display": "61"
      },
      "missing_lines": [
        36,
        37,
        38,
        42,
        43,
        45,
        55,
        56,
        58,
        59,
        61,
        62,
        85,
        86,
        87,
        88,
        89,
        90,
        92,
        93,
        94,
        96,
        102,
        103,
        104,
        106,
        107,
        108,
        110,
        122,
        138,
        139,
        140,
        141,
        143,
        147,
        148,
        153,
        156,
        157,
        158,
        160,
        163,
        167,
        174,
        175,
        176,
        202,
        203,
        204,
        205,
        206,
        207,
        208,
        209
      ],
      "excluded_lines": [],
      "functions": {
        "retry_session": {
          "executed_lines": [
            15,
            16,
            22
          ],
          "summary": {
            "covered_lines": 3,
            "num_statements": 3,
            "percent_covered": 100.0,
            "percent_covered_display": "100",
            "missing_lines": 0,
            "excluded_lines": 0,
            "percent_statements_covered": 100.0,
            "percent_statements_covered_display": "100"
          },
          "missing_lines": [],
          "excluded_lines": [],
          "start_line": 14
        },
        "Monitor.as_yaml": {
          "executed_lines": [],
          "summary": {
            "covered_lines": 0,
            "num_statements": 6,
            "percent_covered": 0.0,
            "percent_covered_display": "0",
            "missing_lines": 6,
            "excluded_lines": 0,
            "percent_statements_covered": 0.0,
            "percent_statements_covered_display": "0"
          },
          "missing_lines": [
            36,
            37,
            38,
            42,
            43,
            45
          ],
          "excluded_lines": [],
          "start_line": 35
        },
        "Monitor.put": {
          "executed_lines": [
            49,
            50,
            51,
            53,
            54,
            57,
            60,
            63,
            64,
            65,
            67,
            68,
            70,
            72,
            73,
            75,
            76,
            77,
            78,
            79,
            81
          ],
          "summary": {
            "covered_lines": 21,
            "num_statements": 27,
            "percent_covered": 77.77777777777777,
            "percent_covered_display": "78",
            "missing_lines": 6,
            "excluded_lines": 0,
            "percent_statements_covered": 77.77777777777777,
            "percent_statements_covered_display": "78"
          },
          "missing_lines": [
            55,
            56,
            58,
            59,
            61,
            62
          ],
          "excluded_lines": [],
          "start_line": 48
        },
        "Monitor._put": {
          "executed_lines": [],
          "summary": {
            "covered_lines": 0,
            "num_statements": 17,
            "percent_covered": 0.0,
            "percent_covered_display": "0",
            "missing_lines": 17,
            "excluded_lines": 0,
            "percent_statements_covered": 0.0,
            "percent_statements_covered_display": "0"
          },
          "missing_lines": [
            85,
            86,
            87,
            88,
            89,
            90,
            92,
            93,
            94,
            96,
            102,
            103,
            104,
            106,
            107,
            108,
            110
          ],
          "excluded_lines": [],
          "start_line": 84
        },
        "Monitor.__init__": {
          "executed_lines": [
            113,
            114,
            115,
            116,
            117
          ],
          "summary": {
            "covered_lines": 5,
            "num_statements": 5,
            "percent_covered": 100.0,
            "percent_covered_display": "100",
            "missing_lines": 0,
            "excluded_lines": 0,
            "percent_statements_covered": 100.0,
            "percent_statements_covered_display": "100"
          },
          "missing_lines": [],
          "excluded_lines": [],
          "start_line": 112
        },
        "Monitor.data": {
          "executed_lines": [
            129
          ],
          "summary": {
            "covered_lines": 1,
            "num_statements": 1,
            "percent_covered": 100.0,
            "percent_covered_display": "100",
            "missing_lines": 0,
            "excluded_lines": 0,
            "percent_statements_covered": 100.0,
            "percent_statements_covered_display": "100"
          },
          "missing_lines": [],
          "excluded_lines": [],
          "start_line": 128
        },
        "Monitor.delete": {
          "executed_lines": [
            132
          ],
          "summary": {
            "covered_lines": 1,
            "num_statements": 6,
            "percent_covered": 16.666666666666668,
            "percent_covered_display": "17",
            "missing_lines": 5,
            "excluded_lines": 0,
            "percent_statements_covered": 16.666666666666668,
            "percent_statements_covered_display": "17"
          },
          "missing_lines": [
            138,
            139,
            140,
            141,
            143
          ],
          "excluded_lines": [],
          "start_line": 131
        },
        "Monitor.ping": {
          "executed_lines": [
            146,
            150
          ],
          "summary": {
            "covered_lines": 2,
            "num_statements": 4,
            "percent_covered": 50.0,
            "percent_covered_display": "50",
            "missing_lines": 2,
            "excluded_lines": 0,
            "percent_statements_covered": 50.0,
            "percent_statements_covered_display": "50"
          },
          "missing_lines": [
            147,
            148
          ],
          "excluded_lines": [],
          "start_line": 145
        },
        "Monitor.ok": {
          "executed_lines": [],
          "summary": {
            "covered_lines": 0,
            "num_statements": 1,
            "percent_covered": 0.0,
            "percent_covered_display": "0",
            "missing_lines": 1,
            "excluded_lines": 0,
            "percent_statements_covered": 0.0,