{
  "files": {
    "apyrat/apyrat.py": {
      "executed_lines": [
        1,
        2,
        3,
        4,
        5,
        7,
        8,
        9,
        11,
        15,
        16,
        17,
        20,
        21,
        22,
        23,
        24,
        25,
        26,
        30,
        33,
        34,
        35,
        36,
        37,
        38,
        39,
        42,
        43,
        44,
        45,
        47,
        48,
        50,
        51,
        52,
        59,
        60,
        61,
        90,
        91,
        92,
        106,
        114,
        121,
        139,
        144,
        159,
        160
      ],
      "summary": {
        "covered_lines": 49,
        "num_statements": 92,
        "percent_covered": 53.26086956521739,
        "percent_covered_display": "53",
        "missing_lines": 43,
        "excluded_lines": 0,
        "percent_statements_covered": 53.26086956521739,
        "percent_statements_covered_display": "53"
      },
      "missing_lines": [
        40,
        49,
        53,
        54,
        55,
        57,
        62,
        63,
        64,
        65,
        69,
        75,
        76,
        85,
        86,
        88,
        96,
        97,
        107,
        112,
        115,
        122,
        125,
        126,
        128,
        131,
        135,
        136,
        137,
        140,
        141,
        142,
        145,
        146,
        147,
        148,
        149,
        151,
        153,
        154,
        156,
        157,
        161
      ],
      "excluded_lines": [],
      "functions": {
        "Downloader.__init__": {
          "executed_lines": [
            35,
            36,
            37,
            38,
            39
          ],
          "summary": {
            "covered_lines": 5,
            "num_statements": 6,
            "percent_covered": 83.33333333333333,
            "percent_covered_display": "83",
            "missing_lines": 1,
            "excluded_lines": 0,
            "percent_statements_covered": 83.33333333333333,
            "percent_statements_covered_display": "83"
          },
          "missing_lines": [
            40
          ],
          "excluded_lines": [],
          "start_line": 34
        },
        "Downloader._cleanup_url": {
          "executed_lines": [
            44,
            45
          ],
          "summary": {
            "covered_lines": 2,
            "num_statements": 2,
            "percent_covered": 100.0,
            "percent_covered_display": "100",
            "missing_lines": 0,
            "excluded_lines": 0,
            "percent_statements_covered": 100.0,
            "percent_statements_covered_display": "100"
          },
          "missing_lines": [],
          "excluded_lines": [],
          "start_line": 43
        },
        "Downloader._url_type": {
          "executed_lines": [
            48,
            50,
            51,
            52
          ],
          "summary": {
            "covered_lines": 4,
            "num_statements": 9,
            "percent_covered": 44.44444444444444,
            "percent_covered_display": "44",
            "missing_lines": 5,
            "excluded_lines": 0,
            "percent_statements_covered": 44.44444444444444,
            "percent_statements_covered_display": "44"
          },
          "missing_lines": [
            49,
            53,
            54,
            55,
            57
          ],
          "excluded_lines": [],
          "start_line": 47
        },
        "Downloader._get_available_videos": {
          "executed_lines": [
            60,
            61
          ],
          "summary": {
            "covered_lines": 2,
            "num_statements": 12,
            "percent_covered": 16.666666666666668,
            "percent_covered_display": "17",
            "missing_lines": 10,
            "excluded_lines": 0,
            "percent_statements_covered": 16.666666666666668,
            "percent_statements_covered_display": "17"
          },
          "missing_lines": [
            62,
            63,
            64,
            65,
            69,
            75,
            76,
            85,
            86,
            88
          ],
          "excluded_lines": [],
          "start_line": 59
        },
        "Downloader._get_single_video_qualities": {
          "executed_lines": [
            91,
            92
          ],
          "summary": {
            "covered_lines": 2,
            "num_statements": 4,
            "percent_covered": 50.0,
            "percent_covered_display": "50",
            "missing_lines": 2,
            "excluded_lines": 0,
            "percent_statements_covered": 50.0,
            "percent_statements_covered_display": "50"
          },
          "missing_lines": [
            96,
            97
          ],
          "excluded_lines": [],
          "start_line": 90
        },
        "Downloader._get_available_qualities": {
          "executed_lines": [],
          "summary": {
            "covered_lines": 0,
            "num_statements": 2,
            "percent_covered": 0.0,
            "percent_covered_display": "0",
            "missing_lines": 2,
            "excluded_lines": 0,
            "percent_statements_covered": 0.0,
            "percent_statements_covered_display": "0"
          },
          "missing_lines": [
            107,
            112
          ],
          "excluded_lines": [],
          "start_line": 106
        },
        "Downloader.default_quality": {
          "executed_lines": [],
          "summary": {
            "covered_lines": 0,
            "num_statements": 1,
            "percent_covered": 0.0,
            "percent_covered_display": "0",
            "missing_lines": 1,
            "excluded_lines": 0,
            "percent_statements_covered": 0.0,
            "percent_statements_covered_display": "0"
          },
          "missing_lines": [
            115
          ],
          "excluded_lines": [],
          "start_line": 114
        },
        "Downloader.find_closest_quality": {
          "executed_lines": [],
          "summary": {
            "covered_lines": 0,
            "num_statements": 8,
            "percent_covered": 0.0,
            "percent_covered_display": "0",
            "missing_lines": 8,
            "excluded_lines": 0,
            "percent_statements_covered": 0.0,
            "percent_statements_covered_display": "0"
          },
          "missing_lines": [
            122,
            125,
            126,
            128,
            131,
            135,
            136,
            137
          ],
          "excluded_lines": [],
          "start_line": 121
        },
        "Downloader.download": {
          "executed_lines": [],
          "summary": {
            "covered_lines": 0,
            "num_statements": 3,
            "percent_covered": 0.0,
            "percent_covered_display": "0",
            "missing_lines": 3,
            "excluded_lines": 0,
            "percent_statements_covered": 0.0,
            "percent_statements_covered_display": "0"
          },
          "missing_lines": [
            140,
            141,
            142
          ],
          "excluded_lines": [],
          "start_line": 139
        },
        "Downloader._download_video": {
          "executed_lines": [],
          "summary": {
            "covered_lines": 0,
            "num_statements": 10,
            "percent_covered": 0.0,
            "percent_covered_display": "0",
            "missing_lines": 10,
            "excluded_lines": 0,
            "percent_statements_covered": 0.0,
            "percent_statements_covered_display": "0"
          },
          "missing_lines": [
            145,
            146,
            147,
            148,
            149,
            151,
            153,
            154,
            156,
            157
          ],
          "excluded_lines": [],