{
  "files": {
    "consensus_decentralization/plot.py": {
      "executed_lines": [
        1,
        2,
        3,
        4,
        5,
        6,
        7,
        8,
        9,
        12,
        35,
        51,
        78,
        115,
        192,
        226
      ],
      "summary": {
        "covered_lines": 16,
        "num_statements": 162,
        "percent_covered": 9.876543209876543,
        "percent_covered_display": "10",
        "missing_lines": 146,
        "excluded_lines": 13,
        "percent_statements_covered": 9.876543209876543,
        "percent_statements_covered_display": "10"
      },
      "missing_lines": [
        13,
        14,
        15,
        16,
        18,
        19,
        20,
        21,
        22,
        24,
        25,
        26,
        27,
        29,
        30,
        31,
        32,
        36,
        37,
        38,
        39,
        40,
        41,
        42,
        43,
        44,
        45,
        46,
        47,
        48,
        52,
        53,
        54,
        55,
        56,
        57,
        58,
        59,
        60,
        61,
        62,
        63,
        64,
        65,
        66,
        67,
        68,
        69,
        70,
        71,
        73,
        74,
        75,
        79,
        80,
        81,
        82,
        83,
        84,
        85,
        86,
        87,
        88,
        89,
        90,
        91,
        92,
        94,
        95,
        96,
        97,
        98,
        99,
        100,
        101,
        103,
        104,
        105,
        106,
        108,
        110,
        111,
        112,
        116,
        117,
        118,
        119,
        120,
        122,
        126,
        127,
        128,
        129,
        131,
        132,
        133,
        134,
        136,
        137,
        138,
        139,
        140,
        141,
        142,
        143,
        144,
        146,
        148,
        149,
        150,
        151,
        152,
        154,
        155,
        156,
        157,
        158,
        164,
        165,
        166,
        167,
        168,
        170,
        171,
        181,
        193,
        194,
        195,
        196,
        197,
        198,
        199,
        200,
        201,
        202,
        203,
        204,
        205,
        206,
        215,
        227,
        228,
        229,
        230,
        231,
        232
      ],
      "excluded_lines": [
        235,
        236,
        237,
        239,
        240,
        241,
        243,
        245,
        253,
        261,
        268,
        273,
        274
      ],
      "functions": {
        "plot_animated_lines": {
          "executed_lines": [],
          "summary": {
            "covered_lines": 0,
            "num_statements": 14,
            "percent_covered": 0.0,
            "percent_covered_display": "0",
            "missing_lines": 14,
            "excluded_lines": 0,
            "percent_statements_covered": 0.0,
            "percent_statements_covered_display": "0"
          },
          "missing_lines": [
            13,
            14,
            15,
            16,
            18,
            19,
            20,
            21,
            22,
            24,
            29,
            30,
            31,
            32
          ],
          "excluded_lines": [],
          "start_line": 12
        },
        "plot_animated_lines.animate": {
          "executed_lines": [],
          "summary": {
            "covered_lines": 0,
            "num_statements": 3,
            "percent_covered": 0.0,
            "percent_covered_display": "0",
            "missing_lines": 3,
            "excluded_lines": 0,
            "percent_statements_covered": 0.0,
            "percent_statements_covered_display": "0"
          },
          "missing_lines": [
            25,
            26,
            27
          ],
          "excluded_lines": [],
          "start_line": 24
        },
        "plot_lines": {
          "executed_lines": [],
          "summary": {
            "covered_lines": 0,
            "num_statements": 13,
            "percent_covered": 0.0,
            "percent_covered_display": "0",
            "missing_lines": 13,
            "excluded_lines": 0,
            "percent_statements_covered": 0.0,
            "percent_statements_covered_display": "0"
          },
          "missing_lines": [
            36,
            37,
            38,
            39,
            40,
            41,
            42,
            43,
            44,
            45,
            46,
            47,
            48
          ],
          "excluded_lines": [],
          "start_line": 35
        },
        "plot_stack_area_chart": {
          "executed_lines": [],
          "summary": {
            "covered_lines": 0,
            "num_statements": 23,
            "percent_covered": 0.0,
            "percent_covered_display": "0",
            "missing_lines": 23,
            "excluded_lines": 0,
            "percent_statements_covered": 0.0,
            "percent_statements_covered_display": "0"
          },
          "missing_lines": [
            52,
            53,
            54,
            55,
            56,
            57,
            58,
            59,
            60,
            61,
            62,
            63,
            64,
            65,
            66,
            67,
            68,
            69,
            70,
            71,
            73,
            74,
            75
          ],
          "excluded_lines": [],
          "start_line": 51
        },
        "plot_animated_stack_area_chart": {
          "executed_lines": [],
          "summary": {
            "covered_lines": 0,
            "num_statements": 30,
            "percent_covered": 0.0,
            "percent_covered_display": "0",
            "missing_lines": 30,
            "excluded_lines": 0,
            "percent_statements_covered": 0.0,
            "percent_statements_covered_display": "0"
          },
          "missing_lines": [
            79,
            80,
            81,
            82,
            83,
            84,
            85,
            86,
            87,
            88,
            89,
            90,
            91,
            92,
            94,
            95,
            96,
            97,
            98,
            99,
            100,
            101,
            103,
            104,
            105,
            106,
            108,
            110,
            111,
            112
          ],
          "excluded_lines": [],
          "start_line": 78
        },
        "plot_dynamics_per_ledger": {
          "executed_lines": [],
          "summary": {
            "covered_lines": 0,
            "num_statements": 42,
            "percent_covered": 0.0,
            "percent_covered_display": "0",
            "missing_lines": 42,
            "excluded_lines": 0,
            "percent_statements_covered": 0.0,
            "percent_statements_covered_display": "0"
          },
          "missing_lines": [
            116,
            117,
            118,
            119,
            120,
            122,
            126,
            127,
            128,
            129,
            131,
            132,
            133,
            134,
            136,
            137,
            138,
            139,
            140,
            141,
            142,
            143,
            144,
            146,
            148,
            149,
            150,
            151,
            152,
            154,
            155,
            156,
            157,
            158,
            164,
            165,
            166,
            167,
            168,
            170,
            171,
            181
          ],
          "excluded_lines": [],
          "start_line": 115
        },
        "plot_comparative_metrics": {
          "executed_lines": [],