{
  "files": {
    "utils.py": {
      "executed_lines": [
        15,
        16,
        17,
        18,
        19,
        20,
        21,
        22,
        28,
        35,
        36,
        37,
        38,
        39,
        40,
        41,
        43,
        46,
        49,
        52,
        56,
        58,
        61,
        62,
        63,
        64,
        65,
        66,
        68,
        69,
        70,
        71,
        72,
        73,
        74,
        75,
        76,
        78,
        81,
        96,
        114,
        129,
        138,
        192,
        203,
        206,
        225,
        292
      ],
      "summary": {
        "covered_lines": 48,
        "num_statements": 141,
        "percent_covered": 34.04255319148936,
        "percent_covered_display": "34",
        "missing_lines": 93,
        "excluded_lines": 2,
        "percent_statements_covered": 34.04255319148936,
        "percent_statements_covered_display": "34"
      },
      "missing_lines": [
        82,
        88,
        89,
        90,
        91,
        93,
        98,
        99,
        100,
        101,
        102,
        104,
        105,
        106,
        107,
        111,
        118,
        119,
        120,
        126,
        130,
        131,
        133,
        135,
        155,
        156,
        157,
        158,
        159,
        160,
        161,
        164,
        167,
        169,
        170,
        175,
        180,
        187,
        189,
        207,
        208,
        209,
        210,
        211,
        212,
        213,
        215,
        216,
        217,
        218,
        219,
        220,
        222,
        246,
        247,
        248,
        249,
        250,
        251,
        254,
        256,
        257,
        259,
        260,
        273,
        274,
        275,
        276,
        279,
        280,
        281,
        282,
        283,
        284,
        286,
        288,
        303,
        305,
        309,
        310,
        315,
        316,
        317,
        318,
        319,
        320,
        322,
        324,
        325,
        326,
        327,
        328,
        330
      ],
      "excluded_lines": [
        24,
        25
      ],
      "functions": {
        "print_cqm_stats": {
          "executed_lines": [
            35,
            36,
            37,
            38,
            39,
            40,
            41,
            43,
            46,
            49,
            52,
            56,
            58,
            61,
            62,
            63,
            64,
            65,
            66,
            68,
            69,
            70,
            71,
            72,
            73,
            74,
            75,
            76,
            78
          ],
          "summary": {
            "covered_lines": 29,
            "num_statements": 29,
            "percent_covered": 100.0,
            "percent_covered_display": "100",
            "missing_lines": 0,
            "excluded_lines": 0,
            "percent_statements_covered": 100.0,
            "percent_statements_covered_display": "100"
          },
          "missing_lines": [],
          "excluded_lines": [],
          "start_line": 28
        },
        "_cuboid_data": {
          "executed_lines": [],
          "summary": {
            "covered_lines": 0,
            "num_statements": 6,
            "percent_covered": 0.0,
            "percent_covered_display": "0",
            "missing_lines": 6,
            "excluded_lines": 0,
            "percent_statements_covered": 0.0,
            "percent_statements_covered_display": "0"
          },
          "missing_lines": [
            82,
            88,
            89,
            90,
            91,
            93
          ],
          "excluded_lines": [],
          "start_line": 81
        },
        "_get_all_cuboids": {
          "executed_lines": [],
          "summary": {
            "covered_lines": 0,
            "num_statements": 10,
            "percent_covered": 0.0,
            "percent_covered_display": "0",
            "missing_lines": 10,
            "excluded_lines": 0,
            "percent_statements_covered": 0.0,
            "percent_statements_covered_display": "0"
          },
          "missing_lines": [
            98,
            99,
            100,
            101,
            102,
            104,
            105,
            106,
            107,
            111
          ],
          "excluded_lines": [],
          "start_line": 96
        },
        "_plot_cuboids": {
          "executed_lines": [],
          "summary": {
            "covered_lines": 0,
            "num_statements": 4,
            "percent_covered": 0.0,
            "percent_covered_display": "0",
            "missing_lines": 4,
            "excluded_lines": 0,
            "percent_statements_covered": 0.0,
            "percent_statements_covered_display": "0"
          },
          "missing_lines": [
            118,
            119,
            120,
            126
          ],
          "excluded_lines": [],
          "start_line": 114
        },
        "_get_colors": {
          "executed_lines": [],
          "summary": {
            "covered_lines": 0,
            "num_statements": 4,
            "percent_covered": 0.0,
            "percent_covered_display": "0",
            "missing_lines": 4,
            "excluded_lines": 0,
            "percent_statements_covered": 0.0,
            "percent_statements_covered_display": "0"
          },
          "missing_lines": [
            130,
            131,
            133,
            135
          ],
          "excluded_lines": [],
          "start_line": 129
        },
        "plot_cuboids": {
          "executed_lines": [],
          "summary": {
            "covered_lines": 0,
            "num_statements": 15,
            "percent_covered": 0.0,
            "percent_covered_display": "0",
            "missing_lines": 15,
            "excluded_lines": 0,
            "percent_statements_covered": 0.0,
            "percent_statements_covered_display": "0"
          },
          "missing_lines": [
            155,
            156,
            157,
            158,
            159,
            160,
            161,
            164,
            167,
            169,
            170,
            175,
            180,
            187,
            189
          ],
          "excluded_lines": [],
          "start_line": 138
        },
        "read_instance": {
          "executed_lines": [
            203,
            206
          ],
          "summary": {
            "covered_lines": 2,
            "num_statements": 16,
            "percent_covered": 12.5,
            "percent_covered_display": "12",
            "missing_lines": 14,
            "excluded_lines": 0,
            "percent_statements_covered": 12.5,
            "percent_statements_covered_display": "12"
          },
          "missing_lines": [
            207,
            208,
            209,
            210,
            211,
            212,
            213,
            215,
            216,
            217,
            218,
            219,
            220,
            222
          ],
          "excluded_lines": [],
          "start_line": 192
        },
        "write_solution_to_file": {
          "executed_lines": [],
          "summary": {
            "covered_lines": 0,
            "num_statements": 23,
            "percent_covered": 0.0,
            "percent_covered_display": "0",
            "missing_lines": 23,
            "excluded_lines": 0,
            "percent_statements_covered": 0.0,
            "percent_statements_covered_display": "0"
          },