{
  "files": {
    "bpemb/util.py": {
      "executed_lines": [
        1,
        2,
        5,
        7,
        8,
        9,
        10,
        14,
        15,
        16,
        17,
        44,
        45,
        46,
        47,
        48,
        74,
        76,
        77,
        78,
        79,
        80,
        81,
        82,
        85,
        88,
        89,
        90,
        91,
        92,
        93,
        94
      ],
      "summary": {
        "covered_lines": 32,
        "num_statements": 71,
        "percent_covered": 45.070422535211264,
        "percent_covered_display": "45",
        "missing_lines": 39,
        "excluded_lines": 0
      },
      "missing_lines": [
        21,
        22,
        23,
        25,
        26,
        27,
        28,
        29,
        30,
        31,
        32,
        33,
        34,
        35,
        36,
        37,
        38,
        39,
        40,
        50,
        52,
        53,
        54,
        55,
        56,
        57,
        58,
        59,
        60,
        61,
        62,
        63,
        64,
        65,
        66,
        69,
        70,
        71,
        84
      ],
      "excluded_lines": [],
      "functions": {
        "sentencepiece_load": {
          "executed_lines": [
            7,
            8,
            9,
            10
          ],
          "summary": {
            "covered_lines": 4,
            "num_statements": 4,
            "percent_covered": 100.0,
            "percent_covered_display": "100",
            "missing_lines": 0,
            "excluded_lines": 0
          },
          "missing_lines": [],
          "excluded_lines": []
        },
        "http_get_temp": {
          "executed_lines": [
            15,
            16,
            17
          ],
          "summary": {
            "covered_lines": 3,
            "num_statements": 22,
            "percent_covered": 13.636363636363637,
            "percent_covered_display": "14",
            "missing_lines": 19,
            "excluded_lines": 0
          },
          "missing_lines": [
            21,
            22,
            23,
            25,
            26,
            27,
            28,
            29,
            30,
            31,
            32,
            33,
            34,
            35,
            36,
            37,
            38,
            39,
            40
          ],
          "excluded_lines": []
        },
        "http_get": {
          "executed_lines": [
            45,
            46,
            47,
            48
          ],
          "summary": {
            "covered_lines": 4,
            "num_statements": 23,
            "percent_covered": 17.391304347826086,
            "percent_covered_display": "17",
            "missing_lines": 19,
            "excluded_lines": 0
          },
          "missing_lines": [
            50,
            52,
            53,
            54,
            55,
            56,
            57,
            58,
            59,
            60,
            61,
            62,
            63,
            64,
            65,
            66,
            69,
            70,
            71
          ],
          "excluded_lines": []
        },
        "load_word2vec_file": {
          "executed_lines": [
            76,
            77,
            78,
            79,
            80,
            81,
            82,
            85
          ],
          "summary": {
            "covered_lines": 8,
            "num_statements": 9,
            "percent_covered": 88.88888888888889,
            "percent_covered_display": "89",
            "missing_lines": 1,
            "excluded_lines": 0
          },
          "missing_lines": [
            84
          ],
          "excluded_lines": []
        },
        "add_embeddings": {
          "executed_lines": [
            89,
            90,
            91,
            92,
            93,
            94
          ],
          "summary": {
            "covered_lines": 6,
            "num_statements": 6,
            "percent_covered": 100.0,
            "percent_covered_display": "100",
            "missing_lines": 0,
            "excluded_lines": 0
          },
          "missing_lines": [],
          "excluded_lines": []
        },
        "": {
          "executed_lines": [
            1,
            2,
            5,
            14,
            44,
            74,
            88
          ],
          "summary": {
            "covered_lines": 7,
            "num_statements": 7,
            "percent_covered": 100.0,
            "percent_covered_display": "100",
            "missing_lines": 0,
            "excluded_lines": 0
          },
          "missing_lines": [],
          "excluded_lines": []
        }
      },
      "classes": {
        "": {
          "executed_lines": [
            1,
            2,
            5,
            7,
            8,
            9,
            10,
            14,
            15,
            16,
            17,
            44,
            45,
            46,
            47,
            48,
            74,
            76,
            77,
            78,
            79,
            80,
            81,
            82,
            85,
            88,
            89,
            90,
            91,
            92,
            93,
            94
          ],
          "summary": {
            "covered_lines": 32,
            "num_statements": 71,
            "percent_covered": 45.070422535211264,
            "percent_covered_display": "45",
            "missing_lines": 39,
            "excluded_lines": 0
          },
          "missing_lines": [
            21,
            22,
            23,
            25,
            26,
            27,
            28,
            29,
            30,
            31,
            32,
            33,
            34,
            35,
            36,
            37,
            38,
            39,
            40,
            50,
            52,
            53,
            54,
            55,
            56,
            57,
            58,
            59,
            60,
            61,
            62,
            63,
            64,
            65,
            66,
            69,
            70,
            71,
            84
          ],
          "excluded_lines": []
        }
      }
    }
  },
  "meta": {
    "format": 3,
    "version": "7.8.0",
    "branch_coverage": false,
    "show_contexts": false
  },
  "totals": {
    "covered_lines": 32,
    "num_statements": 71,
    "percent_covered": 45.070422535211264,
    "percent_covered_display": "45",
    "missing_lines": 39,
    "excluded_lines": 0
  }
}