{
  "files": {
    "gammy/plot.py": {
      "executed_lines": [
        5,
        6,
        8,
        9,
        10,
        15,
        16,
        17,
        18,
        20,
        21,
        22,
        25,
        154,
        196,
        203,
        225
      ],
      "summary": {
        "covered_lines": 17,
        "num_statements": 110,
        "percent_covered": 15.454545454545455,
        "percent_covered_display": "15",
        "missing_lines": 93,
        "excluded_lines": 0,
        "percent_statements_covered": 15.454545454545455,
        "percent_statements_covered_display": "15"
      },
      "missing_lines": [
        11,
        12,
        68,
        69,
        70,
        71,
        72,
        73,
        74,
        76,
        85,
        88,
        93,
        98,
        99,
        102,
        103,
        104,
        105,
        106,
        107,
        108,
        109,
        112,
        113,
        114,
        115,
        116,
        117,
        118,
        121,
        124,
        125,
        126,
        127,
        131,
        132,
        133,
        134,
        135,
        136,
        137,
        138,
        142,
        143,
        144,
        146,
        147,
        148,
        150,
        151,
        158,
        159,
        160,
        161,
        164,
        165,
        166,
        167,
        168,
        169,
        170,
        173,
        174,
        175,
        176,
        177,
        178,
        183,
        184,
        185,
        186,
        187,
        188,
        189,
        190,
        192,
        193,
        200,
        208,
        210,
        211,
        222,
        235,
        236,
        237,
        240,
        249,
        250,
        251,
        252,
        253,
        255
      ],
      "excluded_lines": [],
      "functions": {
        "validation_plot": {
          "executed_lines": [],
          "summary": {
            "covered_lines": 0,
            "num_statements": 49,
            "percent_covered": 0.0,
            "percent_covered_display": "0",
            "missing_lines": 49,
            "excluded_lines": 0,
            "percent_statements_covered": 0.0,
            "percent_statements_covered_display": "0"
          },
          "missing_lines": [
            68,
            69,
            70,
            71,
            72,
            73,
            74,
            76,
            85,
            88,
            93,
            98,
            99,
            102,
            103,
            104,
            105,
            106,
            107,
            108,
            109,
            112,
            113,
            114,
            115,
            116,
            117,
            118,
            121,
            124,
            125,
            126,
            127,
            131,
            132,
            133,
            134,
            135,
            136,
            137,
            138,
            142,
            143,
            144,
            146,
            147,
            148,
            150,
            151
          ],
          "excluded_lines": [],
          "start_line": 25
        },
        "gaussian1d_density_plot": {
          "executed_lines": [],
          "summary": {
            "covered_lines": 0,
            "num_statements": 27,
            "percent_covered": 0.0,
            "percent_covered_display": "0",
            "missing_lines": 27,
            "excluded_lines": 0,
            "percent_statements_covered": 0.0,
            "percent_statements_covered_display": "0"
          },
          "missing_lines": [
            158,
            159,
            160,
            161,
            164,
            165,
            166,
            167,
            168,
            169,
            170,
            173,
            174,
            175,
            176,
            177,
            178,
            183,
            184,
            185,
            186,
            187,
            188,
            189,
            190,
            192,
            193
          ],
          "excluded_lines": [],
          "start_line": 154
        },
        "gaussian2d_density_plot": {
          "executed_lines": [],
          "summary": {
            "covered_lines": 0,
            "num_statements": 1,
            "percent_covered": 0.0,
            "percent_covered_display": "0",
            "missing_lines": 1,
            "excluded_lines": 0,
            "percent_statements_covered": 0.0,
            "percent_statements_covered_display": "0"
          },
          "missing_lines": [
            200
          ],
          "excluded_lines": [],
          "start_line": 196
        },
        "covariance_plot": {
          "executed_lines": [],
          "summary": {
            "covered_lines": 0,
            "num_statements": 4,
            "percent_covered": 0.0,
            "percent_covered_display": "0",
            "missing_lines": 4,
            "excluded_lines": 0,
            "percent_statements_covered": 0.0,
            "percent_statements_covered_display": "0"
          },
          "missing_lines": [
            208,
            210,
            211,
            222
          ],
          "excluded_lines": [],
          "start_line": 203
        },
        "basis_plot": {
          "executed_lines": [],
          "summary": {
            "covered_lines": 0,
            "num_statements": 10,
            "percent_covered": 0.0,
            "percent_covered_display": "0",
            "missing_lines": 10,
            "excluded_lines": 0,
            "percent_statements_covered": 0.0,
            "percent_statements_covered_display": "0"
          },
          "missing_lines": [
            235,
            236,
            237,
            240,
            249,
            250,
            251,
            252,
            253,
            255
          ],
          "excluded_lines": [],
          "start_line": 225
        },
        "": {
          "executed_lines": [
            5,
            6,
            8,
            9,
            10,
            15,
            16,
            17,
            18,
            20,
            21,
            22,
            25,
            154,
            196,
            203,
            225
          ],
          "summary": {
            "covered_lines": 17,
            "num_statements": 19,
            "percent_covered": 89.47368421052632,
            "percent_covered_display": "89",
            "missing_lines": 2,
            "excluded_lines": 0,
            "percent_statements_covered": 89.47368421052632,
            "percent_statements_covered_display": "89"
          },
          "missing_lines": [
            11,
            12
          ],
          "excluded_lines": [],
          "start_line": 1
        }
      },
      "classes": {
        "": {
          "executed_lines": [
            5,
            6,
            8,
            9,
            10,
            15,
            16,
            17,
            18,
            20,
            21,
            22,
            25,
            154,
            196,
            203,
            225
          ],
          "summary": {
            "covered_lines": 17,
            "num_statements": 110,
            "percent_covered": 15.454545454545455,
            "percent_covered_display": "15",
            "missing_lines": 93,
            "excluded_lines": 0,
            "percent_statements_covered": 15.454545454545455,
            "percent_statements_covered_display": "15"
          },