{
  "files": {
    "iconsdk/providers/http_provider.py": {
      "executed_lines": [
        15,
        16,
        17,
        18,
        19,
        20,
        22,
        23,
        24,
        26,
        27,
        28,
        31,
        37,
        38,
        46,
        47,
        48,
        49,
        50,
        51,
        52,
        53,
        55,
        56,
        64,
        65,
        66,
        67,
        68,
        69,
        71,
        72,
        73,
        74,
        75,
        77,
        83,
        84,
        85,
        86,
        91,
        93,
        94,
        100,
        102,
        103,
        104,
        105,
        106,
        107,
        108,
        109,
        111,
        114,
        115,
        121,
        127,
        130,
        148,
        156,
        166,
        167,
        173,
        182,
        186,
        209
      ],
      "summary": {
        "covered_lines": 67,
        "num_statements": 136,
        "percent_covered": 49.26470588235294,
        "percent_covered_display": "49",
        "missing_lines": 69,
        "excluded_lines": 0,
        "percent_statements_covered": 49.26470588235294,
        "percent_statements_covered_display": "49"
      },
      "missing_lines": [
        87,
        88,
        90,
        112,
        116,
        117,
        118,
        119,
        122,
        123,
        124,
        125,
        128,
        131,
        136,
        137,
        139,
        140,
        141,
        142,
        143,
        144,
        145,
        146,
        149,
        150,
        151,
        152,
        153,
        154,
        157,
        158,
        159,
        160,
        161,
        162,
        163,
        168,
        169,
        170,
        171,
        174,
        175,
        176,
        177,
        178,
        179,
        180,
        183,
        184,
        187,
        188,
        189,
        190,
        192,
        193,
        194,
        195,
        197,
        198,
        199,
        200,
        201,
        202,
        203,
        204,
        205,
        207,
        210
      ],
      "excluded_lines": [],
      "functions": {
        "HTTPProvider.__init__": {
          "executed_lines": [
            64,
            65,
            66,
            67,
            68,
            69
          ],
          "summary": {
            "covered_lines": 6,
            "num_statements": 6,
            "percent_covered": 100.0,
            "percent_covered_display": "100",
            "missing_lines": 0,
            "excluded_lines": 0,
            "percent_statements_covered": 100.0,
            "percent_statements_covered_display": "100"
          },
          "missing_lines": [],
          "excluded_lines": [],
          "start_line": 56
        },
        "HTTPProvider._generate_url_map": {
          "executed_lines": [
            72,
            77,
            83,
            93,
            94,
            100
          ],
          "summary": {
            "covered_lines": 6,
            "num_statements": 6,
            "percent_covered": 100.0,
            "percent_covered_display": "100",
            "missing_lines": 0,
            "excluded_lines": 0,
            "percent_statements_covered": 100.0,
            "percent_statements_covered_display": "100"
          },
          "missing_lines": [],
          "excluded_lines": [],
          "start_line": 71
        },
        "HTTPProvider._generate_url_map._add_channel_path": {
          "executed_lines": [
            73,
            74,
            75
          ],
          "summary": {
            "covered_lines": 3,
            "num_statements": 3,
            "percent_covered": 100.0,
            "percent_covered_display": "100",
            "missing_lines": 0,
            "excluded_lines": 0,
            "percent_statements_covered": 100.0,
            "percent_statements_covered_display": "100"
          },
          "missing_lines": [],
          "excluded_lines": [],
          "start_line": 72
        },
        "HTTPProvider._generate_url_map._make_ws_url": {
          "executed_lines": [
            84,
            85,
            86,
            91
          ],
          "summary": {
            "covered_lines": 4,
            "num_statements": 7,
            "percent_covered": 57.142857142857146,
            "percent_covered_display": "57",
            "missing_lines": 3,
            "excluded_lines": 0,
            "percent_statements_covered": 57.142857142857146,
            "percent_statements_covered_display": "57"
          },
          "missing_lines": [
            87,
            88,
            90
          ],
          "excluded_lines": [],
          "start_line": 83
        },
        "HTTPProvider._get_channel": {
          "executed_lines": [
            104,
            105,
            106,
            107,
            108,
            109
          ],
          "summary": {
            "covered_lines": 6,
            "num_statements": 6,
            "percent_covered": 100.0,
            "percent_covered_display": "100",
            "missing_lines": 0,
            "excluded_lines": 0,
            "percent_statements_covered": 100.0,
            "percent_statements_covered_display": "100"
          },
          "missing_lines": [],
          "excluded_lines": [],
          "start_line": 103
        },
        "HTTPProvider.__str__": {
          "executed_lines": [],
          "summary": {
            "covered_lines": 0,
            "num_statements": 1,
            "percent_covered": 0.0,
            "percent_covered_display": "0",
            "missing_lines": 1,
            "excluded_lines": 0,
            "percent_statements_covered": 0.0,
            "percent_statements_covered_display": "0"
          },
          "missing_lines": [
            112
          ],
          "excluded_lines": [],
          "start_line": 111
        },
        "HTTPProvider._get_request_kwargs": {
          "executed_lines": [],
          "summary": {
            "covered_lines": 0,
            "num_statements": 4,
            "percent_covered": 0.0,
            "percent_covered_display": "0",
            "missing_lines": 4,
            "excluded_lines": 0,
            "percent_statements_covered": 0.0,
            "percent_statements_covered_display": "0"
          },
          "missing_lines": [
            116,
            117,
            118,
            119
          ],
          "excluded_lines": [],
          "start_line": 115
        },
        "HTTPProvider._make_post_request": {
          "executed_lines": [],
          "summary": {
            "covered_lines": 0,
            "num_statements": 4,
            "percent_covered": 0.0,
            "percent_covered_display": "0",
            "missing_lines": 4,
            "excluded_lines": 0,
            "percent_statements_covered": 0.0,
            "percent_statements_covered_display": "0"
          },
          "missing_lines": [
            122,
            123,
            124,
            125
          ],
          "excluded_lines": [],
          "start_line": 121
        },
        "HTTPProvider._make_id": {
          "executed_lines": [],
          "summary": {
            "covered_lines": 0,
            "num_statements": 1,
            "percent_covered": 0.0,
            "percent_covered_display": "0",
            "missing_lines": 1,
            "excluded_lines": 0,
            "percent_statements_covered": 0.0,
            "percent_statements_covered_display": "0"
          },
          "missing_lines": [
            128
          ],
          "excluded_lines": [],
          "start_line": 127
        },
        "HTTPProvider.make_request": {
          "executed_lines": [],
          "summary": {
            "covered_lines": 0,
            "num_statements": 11,
            "percent_covered": 0.0,
            "percent_covered_display": "0",