{
  "files": {
    "api/tokens.py": {
      "executed_lines": [
        1,
        2,
        3,
        4,
        6,
        7,
        8,
        10,
        11,
        12,
        13,
        14,
        17,
        18,
        19,
        21,
        23,
        24,
        25,
        26,
        27,
        28,
        29,
        33,
        39,
        40,
        41,
        42,
        43,
        51,
        52,
        53,
        54,
        55,
        56,
        58,
        59,
        60,
        61,
        62,
        69,
        70,
        72,
        73,
        74,
        75,
        76,
        77,
        78,
        79,
        80,
        81,
        83,
        84,
        85,
        86,
        87,
        89,
        90,
        93,
        94,
        95,
        97,
        98,
        99,
        101,
        103,
        104,
        105,
        106,
        108,
        110,
        112,
        113,
        114,
        116,
        117,
        119,
        120,
        121,
        122,
        123,
        124,
        126,
        127,
        129,
        130,
        132,
        133,
        134,
        135,
        136,
        144,
        146,
        147,
        148,
        149,
        151,
        159,
        160,
        161,
        162,
        163
      ],
      "summary": {
        "covered_lines": 103,
        "num_statements": 122,
        "percent_covered": 84.42622950819673,
        "percent_covered_display": "84",
        "missing_lines": 19,
        "excluded_lines": 2,
        "percent_statements_covered": 84.42622950819673,
        "percent_statements_covered_display": "84"
      },
      "missing_lines": [
        165,
        174,
        175,
        177,
        178,
        179,
        181,
        186,
        187,
        189,
        190,
        191,
        192,
        193,
        194,
        195,
        196,
        197,
        198
      ],
      "excluded_lines": [
        91,
        92
      ],
      "functions": {
        "token_response": {
          "executed_lines": [
            24,
            25,
            26,
            27,
            28,
            29,
            33
          ],
          "summary": {
            "covered_lines": 7,
            "num_statements": 7,
            "percent_covered": 100.0,
            "percent_covered_display": "100",
            "missing_lines": 0,
            "excluded_lines": 0,
            "percent_statements_covered": 100.0,
            "percent_statements_covered_display": "100"
          },
          "missing_lines": [],
          "excluded_lines": [],
          "start_line": 23
        },
        "new": {
          "executed_lines": [
            51,
            52,
            53,
            54,
            55,
            56
          ],
          "summary": {
            "covered_lines": 6,
            "num_statements": 6,
            "percent_covered": 100.0,
            "percent_covered_display": "100",
            "missing_lines": 0,
            "excluded_lines": 0,
            "percent_statements_covered": 100.0,
            "percent_statements_covered_display": "100"
          },
          "missing_lines": [],
          "excluded_lines": [],
          "start_line": 43
        },
        "refresh": {
          "executed_lines": [
            69,
            70,
            72,
            73,
            74,
            75,
            76,
            77,
            78,
            79,
            80,
            81
          ],
          "summary": {
            "covered_lines": 12,
            "num_statements": 12,
            "percent_covered": 100.0,
            "percent_covered_display": "100",
            "missing_lines": 0,
            "excluded_lines": 0,
            "percent_statements_covered": 100.0,
            "percent_statements_covered_display": "100"
          },
          "missing_lines": [],
          "excluded_lines": [],
          "start_line": 62
        },
        "revoke": {
          "executed_lines": [
            89,
            90,
            93,
            94,
            95
          ],
          "summary": {
            "covered_lines": 5,
            "num_statements": 5,
            "percent_covered": 100.0,
            "percent_covered_display": "100",
            "missing_lines": 0,
            "excluded_lines": 2,
            "percent_statements_covered": 100.0,
            "percent_statements_covered_display": "100"
          },
          "missing_lines": [],
          "excluded_lines": [
            91,
            92
          ],
          "start_line": 87
        },
        "reset": {
          "executed_lines": [
            103,
            104,
            105,
            106,
            108,
            110
          ],
          "summary": {
            "covered_lines": 6,
            "num_statements": 6,
            "percent_covered": 100.0,
            "percent_covered_display": "100",
            "missing_lines": 0,
            "excluded_lines": 0,
            "percent_statements_covered": 100.0,
            "percent_statements_covered_display": "100"
          },
          "missing_lines": [],
          "excluded_lines": [],
          "start_line": 101
        },
        "password_reset": {
          "executed_lines": [
            119,
            120,
            121,
            122,
            123,
            124
          ],
          "summary": {
            "covered_lines": 6,
            "num_statements": 6,
            "percent_covered": 100.0,
            "percent_covered_display": "100",
            "missing_lines": 0,
            "excluded_lines": 0,
            "percent_statements_covered": 100.0,
            "percent_statements_covered_display": "100"
          },
          "missing_lines": [],
          "excluded_lines": [],
          "start_line": 117
        },
        "oauth2_authorize": {
          "executed_lines": [
            132,
            133,
            134,
            135,
            136,
            144
          ],
          "summary": {
            "covered_lines": 6,
            "num_statements": 6,
            "percent_covered": 100.0,
            "percent_covered_display": "100",
            "missing_lines": 0,
            "excluded_lines": 0,
            "percent_statements_covered": 100.0,
            "percent_statements_covered_display": "100"
          },
          "missing_lines": [],
          "excluded_lines": [],
          "start_line": 130
        },
        "oauth2_new": {
          "executed_lines": [
            159,
            160,
            161,
            162,
            163
          ],
          "summary": {
            "covered_lines": 5,
            "num_statements": 24,
            "percent_covered": 20.833333333333332,
            "percent_covered_display": "21",
            "missing_lines": 19,
            "excluded_lines": 0,
            "percent_statements_covered": 20.833333333333332,
            "percent_statements_covered_display": "21"
          },
          "missing_lines": [
            165,
            174,
            175,
            177,
            178,
            179,
            181,
            186,
            187,
            189,
            190,
            191,
            192,
            193,
            194,
            195,
            196,
            197,
            198
          ],
          "excluded_lines": [],
          "start_line": 151
        },