{
  "files": {
    "pycamunda/base.py": {
      "executed_lines": [
        3,
        4,
        5,
        6,
        8,
        10,
        13,
        16,
        17,
        20,
        21,
        22,
        23,
        24,
        25,
        26,
        27,
        30,
        32,
        33,
        34,
        35,
        36,
        38,
        39,
        42,
        73,
        95,
        96,
        97,
        100,
        101,
        102,
        106,
        113,
        114,
        115,
        116,
        120,
        123,
        129,
        132,
        137,
        138,
        139,
        140,
        141,
        142,
        143,
        146,
        152,
        153,
        154,
        157,
        183,
        184,
        185,
        186,
        187,
        188,
        189,
        190
      ],
      "summary": {
        "covered_lines": 62,
        "num_statements": 111,
        "percent_covered": 55.85585585585586,
        "percent_covered_display": "56",
        "missing_lines": 49,
        "excluded_lines": 0,
        "percent_statements_covered": 55.85585585585586,
        "percent_statements_covered_display": "56"
      },
      "missing_lines": [
        40,
        43,
        44,
        45,
        46,
        47,
        48,
        56,
        57,
        59,
        60,
        68,
        69,
        70,
        71,
        78,
        79,
        80,
        81,
        82,
        84,
        85,
        86,
        87,
        88,
        89,
        90,
        91,
        93,
        98,
        103,
        118,
        162,
        163,
        164,
        165,
        166,
        167,
        168,
        169,
        171,
        172,
        173,
        174,
        175,
        176,
        177,
        178,
        180
      ],
      "excluded_lines": [],
      "functions": {
        "value_is_true": {
          "executed_lines": [
            17
          ],
          "summary": {
            "covered_lines": 1,
            "num_statements": 1,
            "percent_covered": 100.0,
            "percent_covered_display": "100",
            "missing_lines": 0,
            "excluded_lines": 0,
            "percent_statements_covered": 100.0,
            "percent_statements_covered_display": "100"
          },
          "missing_lines": [],
          "excluded_lines": [],
          "start_line": 16
        },
        "CamundaRequest.__init__": {
          "executed_lines": [
            33,
            34,
            35,
            36
          ],
          "summary": {
            "covered_lines": 4,
            "num_statements": 4,
            "percent_covered": 100.0,
            "percent_covered_display": "100",
            "missing_lines": 0,
            "excluded_lines": 0,
            "percent_statements_covered": 100.0,
            "percent_statements_covered_display": "100"
          },
          "missing_lines": [],
          "excluded_lines": [],
          "start_line": 32
        },
        "CamundaRequest.files": {
          "executed_lines": [],
          "summary": {
            "covered_lines": 0,
            "num_statements": 1,
            "percent_covered": 0.0,
            "percent_covered_display": "0",
            "missing_lines": 1,
            "excluded_lines": 0,
            "percent_statements_covered": 0.0,
            "percent_statements_covered_display": "0"
          },
          "missing_lines": [
            40
          ],
          "excluded_lines": [],
          "start_line": 39
        },
        "CamundaRequest.__call__": {
          "executed_lines": [],
          "summary": {
            "covered_lines": 0,
            "num_statements": 14,
            "percent_covered": 0.0,
            "percent_covered_display": "0",
            "missing_lines": 14,
            "excluded_lines": 0,
            "percent_statements_covered": 0.0,
            "percent_statements_covered_display": "0"
          },
          "missing_lines": [
            43,
            44,
            45,
            46,
            47,
            48,
            56,
            57,
            59,
            60,
            68,
            69,
            70,
            71
          ],
          "excluded_lines": [],
          "start_line": 42
        },
        "CamundaRequest._raise_for_status": {
          "executed_lines": [],
          "summary": {
            "covered_lines": 0,
            "num_statements": 14,
            "percent_covered": 0.0,
            "percent_covered_display": "0",
            "missing_lines": 14,
            "excluded_lines": 0,
            "percent_statements_covered": 0.0,
            "percent_statements_covered_display": "0"
          },
          "missing_lines": [
            78,
            79,
            80,
            81,
            82,
            84,
            85,
            86,
            87,
            88,
            89,
            90,
            91,
            93
          ],
          "excluded_lines": [],
          "start_line": 73
        },
        "CamundaRequest.body_parameters": {
          "executed_lines": [
            96,
            97
          ],
          "summary": {
            "covered_lines": 2,
            "num_statements": 3,
            "percent_covered": 66.66666666666667,
            "percent_covered_display": "67",
            "missing_lines": 1,
            "excluded_lines": 0,
            "percent_statements_covered": 66.66666666666667,
            "percent_statements_covered_display": "67"
          },
          "missing_lines": [
            98
          ],
          "excluded_lines": [],
          "start_line": 95
        },
        "CamundaRequest.query_parameters": {
          "executed_lines": [
            101,
            102
          ],
          "summary": {
            "covered_lines": 2,
            "num_statements": 3,
            "percent_covered": 66.66666666666667,
            "percent_covered_display": "67",
            "missing_lines": 1,
            "excluded_lines": 0,
            "percent_statements_covered": 66.66666666666667,
            "percent_statements_covered_display": "67"
          },
          "missing_lines": [
            103
          ],
          "excluded_lines": [],
          "start_line": 100
        },
        "isoformat": {
          "executed_lines": [
            113,
            114,
            115,
            116,
            120
          ],
          "summary": {
            "covered_lines": 5,
            "num_statements": 6,
            "percent_covered": 83.33333333333333,
            "percent_covered_display": "83",
            "missing_lines": 1,
            "excluded_lines": 0,
            "percent_statements_covered": 83.33333333333333,
            "percent_statements_covered_display": "83"
          },
          "missing_lines": [
            118
          ],
          "excluded_lines": [],
          "start_line": 106
        },
        "from_isoformat": {
          "executed_lines": [
            129
          ],
          "summary": {
            "covered_lines": 1,
            "num_statements": 1,
            "percent_covered": 100.0,
            "percent_covered_display": "100",
            "missing_lines": 0,
            "excluded_lines": 0,
            "percent_statements_covered": 100.0,
            "percent_statements_covered_display": "100"
          },
          "missing_lines": [],
          "excluded_lines": [],
          "start_line": 123
        },
        "prepare": {
          "executed_lines": [
            137,
            138,
            139,
            140,
            141,
            142,
            143
          ],
          "summary": {
            "covered_lines": 7,
            "num_statements": 7,
            "percent_covered": 100.0,
            "percent_covered_display": "100",
            "missing_lines": 0,
            "excluded_lines": 0,
            "percent_statements_covered": 100.0,