{
  "files": {
    "chessdotcom/client.py": {
      "executed_lines": [
        1,
        2,
        3,
        4,
        6,
        8,
        9,
        12,
        20,
        21,
        22,
        24,
        25,
        28,
        29,
        30,
        35,
        37,
        38,
        41,
        44,
        56,
        57,
        58,
        59,
        61,
        62,
        63,
        65,
        67,
        68,
        71,
        72,
        75,
        77,
        78,
        79,
        80,
        82,
        83,
        85,
        86,
        88,
        96,
        98,
        112,
        113,
        114,
        117,
        118,
        120,
        121,
        123,
        126,
        129,
        143,
        151,
        153,
        160,
        163,
        165,
        167,
        168,
        170,
        173,
        175,
        176,
        177,
        180,
        183,
        184,
        186,
        195,
        196,
        197,
        198,
        200,
        201
      ],
      "summary": {
        "covered_lines": 78,
        "num_statements": 95,
        "percent_covered": 82.10526315789474,
        "percent_covered_display": "82",
        "missing_lines": 17,
        "excluded_lines": 0,
        "percent_statements_covered": 82.10526315789474,
        "percent_statements_covered_display": "82"
      },
      "missing_lines": [
        26,
        31,
        34,
        39,
        40,
        69,
        73,
        89,
        99,
        102,
        104,
        105,
        106,
        107,
        110,
        122,
        178
      ],
      "excluded_lines": [],
      "functions": {
        "RateLimitHandler.__init__": {
          "executed_lines": [
            21,
            22
          ],
          "summary": {
            "covered_lines": 2,
            "num_statements": 2,
            "percent_covered": 100.0,
            "percent_covered_display": "100",
            "missing_lines": 0,
            "excluded_lines": 0,
            "percent_statements_covered": 100.0,
            "percent_statements_covered_display": "100"
          },
          "missing_lines": [],
          "excluded_lines": [],
          "start_line": 20
        },
        "RateLimitHandler.retries": {
          "executed_lines": [
            30,
            35
          ],
          "summary": {
            "covered_lines": 2,
            "num_statements": 4,
            "percent_covered": 50.0,
            "percent_covered_display": "50",
            "missing_lines": 2,
            "excluded_lines": 0,
            "percent_statements_covered": 50.0,
            "percent_statements_covered_display": "50"
          },
          "missing_lines": [
            31,
            34
          ],
          "excluded_lines": [],
          "start_line": 29
        },
        "RateLimitHandler.should_try_again": {
          "executed_lines": [
            38,
            41
          ],
          "summary": {
            "covered_lines": 2,
            "num_statements": 4,
            "percent_covered": 50.0,
            "percent_covered_display": "50",
            "missing_lines": 2,
            "excluded_lines": 0,
            "percent_statements_covered": 50.0,
            "percent_statements_covered_display": "50"
          },
          "missing_lines": [
            39,
            40
          ],
          "excluded_lines": [],
          "start_line": 37
        },
        "Client.endpoint": {
          "executed_lines": [
            63,
            65
          ],
          "summary": {
            "covered_lines": 2,
            "num_statements": 2,
            "percent_covered": 100.0,
            "percent_covered_display": "100",
            "missing_lines": 0,
            "excluded_lines": 0,
            "percent_statements_covered": 100.0,
            "percent_statements_covered_display": "100"
          },
          "missing_lines": [],
          "excluded_lines": [],
          "start_line": 62
        },
        "Client.loop_callback": {
          "executed_lines": [],
          "summary": {
            "covered_lines": 0,
            "num_statements": 1,
            "percent_covered": 0.0,
            "percent_covered_display": "0",
            "missing_lines": 1,
            "excluded_lines": 0,
            "percent_statements_covered": 0.0,
            "percent_statements_covered_display": "0"
          },
          "missing_lines": [
            69
          ],
          "excluded_lines": [],
          "start_line": 68
        },
        "Client.do_get_request": {
          "executed_lines": [
            72,
            75
          ],
          "summary": {
            "covered_lines": 2,
            "num_statements": 3,
            "percent_covered": 66.66666666666667,
            "percent_covered_display": "67",
            "missing_lines": 1,
            "excluded_lines": 0,
            "percent_statements_covered": 66.66666666666667,
            "percent_statements_covered_display": "67"
          },
          "missing_lines": [
            73
          ],
          "excluded_lines": [],
          "start_line": 71
        },
        "Client.activate_endpoint": {
          "executed_lines": [
            79,
            82,
            83
          ],
          "summary": {
            "covered_lines": 3,
            "num_statements": 3,
            "percent_covered": 100.0,
            "percent_covered_display": "100",
            "missing_lines": 0,
            "excluded_lines": 0,
            "percent_statements_covered": 100.0,
            "percent_statements_covered_display": "100"
          },
          "missing_lines": [],
          "excluded_lines": [],
          "start_line": 77
        },
        "Client.activate_endpoint.wrapper": {
          "executed_lines": [
            80
          ],
          "summary": {
            "covered_lines": 1,
            "num_statements": 1,
            "percent_covered": 100.0,
            "percent_covered_display": "100",
            "missing_lines": 0,
            "excluded_lines": 0,
            "percent_statements_covered": 100.0,
            "percent_statements_covered_display": "100"
          },
          "missing_lines": [],
          "excluded_lines": [],
          "start_line": 79
        },
        "Client._build_request_options": {
          "executed_lines": [
            86,
            88,
            96
          ],
          "summary": {
            "covered_lines": 3,
            "num_statements": 4,
            "percent_covered": 75.0,
            "percent_covered_display": "75",
            "missing_lines": 1,
            "excluded_lines": 0,
            "percent_statements_covered": 75.0,
            "percent_statements_covered_display": "75"
          },
          "missing_lines": [
            89
          ],
          "excluded_lines": [],
          "start_line": 85
        },
        "Client._do_sync_get_request": {
          "executed_lines": [],
          "summary": {
            "covered_lines": 0,
            "num_statements": 7,
            "percent_covered": 0.0,
            "percent_covered_display": "0",
            "missing_lines": 7,
            "excluded_lines": 0,
            "percent_statements_covered": 0.0,
            "percent_statements_covered_display": "0"
          },
          "missing_lines": [
            99,
            102,
            104,
            105,
            106,
            107,
            110
          ],
          "excluded_lines": [],
          "start_line": 98
        },
        "Client._do_async_get_request": {
          "executed_lines": [
            113,
            114,
            117,
            118,
            120,
            121,
            123,
            126
          ],
          "summary": {
            "covered_lines": 8,
            "num_statements": 9,
            "percent_covered": 88.88888888888889,
            "percent_covered_display": "89",