{
  "files": {
    "ash_model/viz/static.py": {
      "executed_lines": [
        1,
        3,
        6,
        19,
        20,
        51,
        66,
        67,
        82,
        94,
        95,
        114,
        126,
        127
      ],
      "summary": {
        "covered_lines": 14,
        "num_statements": 68,
        "percent_covered": 20.58823529411765,
        "percent_covered_display": "21",
        "missing_lines": 54,
        "excluded_lines": 0,
        "percent_statements_covered": 20.58823529411765,
        "percent_statements_covered_display": "21"
      },
      "missing_lines": [
        22,
        24,
        25,
        26,
        27,
        28,
        29,
        30,
        31,
        33,
        35,
        43,
        44,
        45,
        47,
        48,
        69,
        71,
        72,
        73,
        74,
        75,
        76,
        78,
        79,
        97,
        98,
        99,
        100,
        101,
        103,
        104,
        105,
        106,
        107,
        108,
        109,
        110,
        111,
        129,
        131,
        132,
        133,
        134,
        135,
        136,
        138,
        139,
        141,
        143,
        152,
        153,
        154,
        155
      ],
      "excluded_lines": [],
      "functions": {
        "plot_s_degrees": {
          "executed_lines": [
            19,
            20
          ],
          "summary": {
            "covered_lines": 2,
            "num_statements": 18,
            "percent_covered": 11.11111111111111,
            "percent_covered_display": "11",
            "missing_lines": 16,
            "excluded_lines": 0,
            "percent_statements_covered": 11.11111111111111,
            "percent_statements_covered_display": "11"
          },
          "missing_lines": [
            22,
            24,
            25,
            26,
            27,
            28,
            29,
            30,
            31,
            33,
            35,
            43,
            44,
            45,
            47,
            48
          ],
          "excluded_lines": [],
          "start_line": 6
        },
        "plot_hyperedge_size_distribution": {
          "executed_lines": [
            66,
            67
          ],
          "summary": {
            "covered_lines": 2,
            "num_statements": 11,
            "percent_covered": 18.181818181818183,
            "percent_covered_display": "18",
            "missing_lines": 9,
            "excluded_lines": 0,
            "percent_statements_covered": 18.181818181818183,
            "percent_statements_covered_display": "18"
          },
          "missing_lines": [
            69,
            71,
            72,
            73,
            74,
            75,
            76,
            78,
            79
          ],
          "excluded_lines": [],
          "start_line": 51
        },
        "plot_degree_distribution": {
          "executed_lines": [
            94,
            95
          ],
          "summary": {
            "covered_lines": 2,
            "num_statements": 16,
            "percent_covered": 12.5,
            "percent_covered_display": "12",
            "missing_lines": 14,
            "excluded_lines": 0,
            "percent_statements_covered": 12.5,
            "percent_statements_covered_display": "12"
          },
          "missing_lines": [
            97,
            98,
            99,
            100,
            101,
            103,
            104,
            105,
            106,
            107,
            108,
            109,
            110,
            111
          ],
          "excluded_lines": [],
          "start_line": 82
        },
        "plot_s_ranks": {
          "executed_lines": [
            126,
            127
          ],
          "summary": {
            "covered_lines": 2,
            "num_statements": 17,
            "percent_covered": 11.764705882352942,
            "percent_covered_display": "12",
            "missing_lines": 15,
            "excluded_lines": 0,
            "percent_statements_covered": 11.764705882352942,
            "percent_statements_covered_display": "12"
          },
          "missing_lines": [
            129,
            131,
            132,
            133,
            134,
            135,
            136,
            138,
            139,
            141,
            143,
            152,
            153,
            154,
            155
          ],
          "excluded_lines": [],
          "start_line": 114
        },
        "": {
          "executed_lines": [
            1,
            3,
            6,
            51,
            82,
            114
          ],
          "summary": {
            "covered_lines": 6,
            "num_statements": 6,
            "percent_covered": 100.0,
            "percent_covered_display": "100",
            "missing_lines": 0,
            "excluded_lines": 0,
            "percent_statements_covered": 100.0,
            "percent_statements_covered_display": "100"
          },
          "missing_lines": [],
          "excluded_lines": [],
          "start_line": 1
        }
      },
      "classes": {
        "": {
          "executed_lines": [
            1,
            3,
            6,
            19,
            20,
            51,
            66,
            67,
            82,
            94,
            95,
            114,
            126,
            127
          ],
          "summary": {
            "covered_lines": 14,
            "num_statements": 68,
            "percent_covered": 20.58823529411765,
            "percent_covered_display": "21",
            "missing_lines": 54,
            "excluded_lines": 0,
            "percent_statements_covered": 20.58823529411765,
            "percent_statements_covered_display": "21"
          },
          "missing_lines": [
            22,
            24,
            25,
            26,
            27,
            28,
            29,
            30,
            31,
            33,
            35,
            43,
            44,
            45,
            47,
            48,
            69,
            71,
            72,
            73,
            74,
            75,
            76,
            78,
            79,
            97,
            98,
            99,
            100,
            101,
            103,
            104,
            105,
            106,
            107,
            108,
            109,
            110,
            111,
            129,
            131,
            132,
            133,
            134,
            135,
            136,
            138,
            139,
            141,
            143,
            152,
            153,
            154,
            155
          ],
          "excluded_lines": [],
          "start_line": 1
        }
      }
    },
    "ash_model/viz/temporal.py": {
      "executed_lines": [
        1,
        2,
        3,
        5,
        8,
        18,
        30,
        33,
        34,
        36,
        37,
        42,
        47,
        50,
        51,
        55,
        57,
        60,
        78,
        79,
        81,
        82,
        84,
        86,
        87,
        88,
        89,
        90,
        92,
        94,
        95,
        99,
        100,
        102,
        103,
        104,
        134,
        145,
        146,
        150,
        151,
        152,
        154,
        157,
        158,
        160
      ],
      "summary": {
        "covered_lines": 46,
        "num_statements": 53,
        "percent_covered": 86.79245283018868,
        "percent_covered_display": "87",
        "missing_lines": 7,
        "excluded_lines": 0,
        "percent_statements_covered": 86.79245283018868,
        "percent_statements_covered_display": "87"
      },