{
  "files": {
    "common/psapi.py": {
      "executed_lines": [
        1,
        2,
        3,
        4,
        5,
        7,
        8,
        12,
        13,
        15,
        16,
        17,
        19,
        20,
        21,
        23,
        25,
        26,
        28,
        29,
        31,
        32,
        33,
        34,
        35,
        36,
        37,
        38,
        40,
        41,
        43,
        47,
        48,
        49,
        50,
        52,
        53,
        55,
        56,
        58,
        60,
        62,
        63,
        65,
        66,
        67,
        69,
        70,
        71,
        72,
        73,
        74,
        76,
        77,
        79,
        80,
        81,
        83,
        85,
        88,
        89,
        91,
        93,
        94,
        96,
        97,
        98,
        99,
        100,
        101,
        102,
        104,
        105,
        107,
        111,
        113,
        116,
        118,
        119,
        121,
        122,
        123,
        124,
        125,
        126,
        127,
        129,
        130,
        132,
        133,
        134,
        136,
        138,
        141,
        143,
        144,
        146,
        147,
        149,
        150,
        151,
        152,
        153,
        154,
        155,
        157,
        158,
        160,
        164,
        165,
        166,
        167,
        169,
        171,
        176,
        178,
        179,
        183,
        184
      ],
      "summary": {
        "covered_lines": 119,
        "num_statements": 129,
        "percent_covered": 92.24806201550388,
        "percent_covered_display": "92",
        "missing_lines": 10,
        "excluded_lines": 0,
        "percent_statements_covered": 92.24806201550388,
        "percent_statements_covered_display": "92"
      },
      "missing_lines": [
        44,
        45,
        86,
        108,
        109,
        114,
        139,
        161,
        162,
        181
      ],
      "excluded_lines": [],
      "functions": {
        "get_all_podcast_episodes_all_seasons": {
          "executed_lines": [
            13,
            15,
            16,
            17,
            19,
            20,
            21,
            23
          ],
          "summary": {
            "covered_lines": 8,
            "num_statements": 8,
            "percent_covered": 100.0,
            "percent_covered_display": "100",
            "missing_lines": 0,
            "excluded_lines": 0,
            "percent_statements_covered": 100.0,
            "percent_statements_covered_display": "100"
          },
          "missing_lines": [],
          "excluded_lines": [],
          "start_line": 12
        },
        "get_all_podcast_episodes": {
          "executed_lines": [
            26,
            28,
            29,
            31,
            32,
            33,
            34,
            35,
            36,
            37,
            38,
            40,
            41,
            43,
            47,
            48,
            49,
            50,
            52,
            53,
            55,
            56,
            58,
            60
          ],
          "summary": {
            "covered_lines": 24,
            "num_statements": 26,
            "percent_covered": 92.3076923076923,
            "percent_covered_display": "92",
            "missing_lines": 2,
            "excluded_lines": 0,
            "percent_statements_covered": 92.3076923076923,
            "percent_statements_covered_display": "92"
          },
          "missing_lines": [
            44,
            45
          ],
          "excluded_lines": [],
          "start_line": 25
        },
        "get_podcast_episodes": {
          "executed_lines": [
            63,
            65,
            66,
            67,
            69,
            70,
            71,
            72,
            73,
            74,
            76,
            77,
            79,
            80,
            81,
            83,
            85,
            88,
            89,
            91
          ],
          "summary": {
            "covered_lines": 20,
            "num_statements": 21,
            "percent_covered": 95.23809523809524,
            "percent_covered_display": "95",
            "missing_lines": 1,
            "excluded_lines": 0,
            "percent_statements_covered": 95.23809523809524,
            "percent_statements_covered_display": "95"
          },
          "missing_lines": [
            86
          ],
          "excluded_lines": [],
          "start_line": 62
        },
        "get_episode_manifest": {
          "executed_lines": [
            94,
            96,
            97,
            98,
            99,
            100,
            101,
            102,
            104,
            105,
            107,
            111,
            113,
            116
          ],
          "summary": {
            "covered_lines": 14,
            "num_statements": 17,
            "percent_covered": 82.3529411764706,
            "percent_covered_display": "82",
            "missing_lines": 3,
            "excluded_lines": 0,
            "percent_statements_covered": 82.3529411764706,
            "percent_statements_covered_display": "82"
          },
          "missing_lines": [
            108,
            109,
            114
          ],
          "excluded_lines": [],
          "start_line": 93
        },
        "get_podcast_metadata": {
          "executed_lines": [
            119,
            121,
            122,
            123,
            124,
            125,
            126,
            127,
            129,
            130,
            132,
            133,
            134,
            136,
            138,
            141
          ],
          "summary": {
            "covered_lines": 16,
            "num_statements": 17,
            "percent_covered": 94.11764705882354,
            "percent_covered_display": "94",
            "missing_lines": 1,
            "excluded_lines": 0,
            "percent_statements_covered": 94.11764705882354,
            "percent_statements_covered_display": "94"
          },
          "missing_lines": [
            139
          ],
          "excluded_lines": [],
          "start_line": 118
        },
        "get_all_podcasts": {
          "executed_lines": [
            144,
            146,
            147,
            149,
            150,
            151,
            152,
            153,
            154,
            155,
            157,
            158,
            160,
            164,
            165,
            166,
            167,
            169,
            171,
            176,
            178,
            179,
            183,
            184
          ],
          "summary": {
            "covered_lines": 24,
            "num_statements": 27,
            "percent_covered": 88.88888888888889,
            "percent_covered_display": "89",
            "missing_lines": 3,
            "excluded_lines": 0,
            "percent_statements_covered": 88.88888888888889,
            "percent_statements_covered_display": "89"
          },
          "missing_lines": [
            161,
            162,
            181
          ],
          "excluded_lines": [],
          "start_line": 143
        },
        "": {
          "executed_lines": [
            1,
            2,
            3,
            4,
            5,
            7,
            8,
            12,
            25,
            62,
            93,
            118,
            143
          ],
          "summary": {
            "covered_lines": 13,
            "num_statements": 13,
            "percent_covered": 100.0,
            "percent_covered_display": "100",
            "missing_lines": 0,
            "excluded_lines": 0,
            "percent_statements_covered": 100.0,
            "percent_statements_covered_display": "100"
          },