{
  "files": {
    "api/tokens.py": {
      "executed_lines": [
        1,
        2,
        4,
        5,
        6,
        7,
        9,
        10,
        11,
        12,
        13,
        16,
        17,
        18,
        21,
        23,
        24,
        25,
        26,
        27,
        28,
        29,
        33,
        40,
        41,
        42,
        43,
        44,
        52,
        53,
        54,
        55,
        56,
        57,
        60,
        61,
        62,
        63,
        64,
        71,
        72,
        74,
        75,
        76,
        77,
        78,
        79,
        80,
        81,
        82,
        83,
        86,
        87,
        88,
        89,
        90,
        92,
        93,
        96,
        97,
        98,
        101,
        102,
        103,
        105,
        107,
        108,
        109,
        110,
        112,
        114,
        117,
        118,
        119,
        121,
        122,
        124,
        125,
        126,
        127,
        128,
        129,
        132,
        133,
        135,
        136,
        138,
        139,
        140,
        141,
        153,
        154,
        155,
        156,
        158
      ],
      "summary": {
        "covered_lines": 95,
        "num_statements": 123,
        "percent_covered": 77.23577235772358,
        "percent_covered_display": "77",
        "missing_lines": 28,
        "excluded_lines": 2,
        "percent_statements_covered": 77.23577235772358,
        "percent_statements_covered_display": "77"
      },
      "missing_lines": [
        142,
        150,
        166,
        167,
        168,
        169,
        170,
        173,
        182,
        183,
        184,
        185,
        186,
        187,
        189,
        194,
        195,
        196,
        197,
        198,
        199,
        200,
        201,
        202,
        203,
        204,
        205,
        206
      ],
      "excluded_lines": [
        94,
        95
      ],
      "functions": {
        "token_response": {
          "executed_lines": [
            24,
            25,
            26,
            27,
            28,
            29,
            33
          ],
          "summary": {
            "covered_lines": 7,
            "num_statements": 7,
            "percent_covered": 100.0,
            "percent_covered_display": "100",
            "missing_lines": 0,
            "excluded_lines": 0,
            "percent_statements_covered": 100.0,
            "percent_statements_covered_display": "100"
          },
          "missing_lines": [],
          "excluded_lines": [],
          "start_line": 23
        },
        "new": {
          "executed_lines": [
            52,
            53,
            54,
            55,
            56,
            57
          ],
          "summary": {
            "covered_lines": 6,
            "num_statements": 6,
            "percent_covered": 100.0,
            "percent_covered_display": "100",
            "missing_lines": 0,
            "excluded_lines": 0,
            "percent_statements_covered": 100.0,
            "percent_statements_covered_display": "100"
          },
          "missing_lines": [],
          "excluded_lines": [],
          "start_line": 44
        },
        "refresh": {
          "executed_lines": [
            71,
            72,
            74,
            75,
            76,
            77,
            78,
            79,
            80,
            81,
            82,
            83
          ],
          "summary": {
            "covered_lines": 12,
            "num_statements": 12,
            "percent_covered": 100.0,
            "percent_covered_display": "100",
            "missing_lines": 0,
            "excluded_lines": 0,
            "percent_statements_covered": 100.0,
            "percent_statements_covered_display": "100"
          },
          "missing_lines": [],
          "excluded_lines": [],
          "start_line": 64
        },
        "revoke": {
          "executed_lines": [
            92,
            93,
            96,
            97,
            98
          ],
          "summary": {
            "covered_lines": 5,
            "num_statements": 5,
            "percent_covered": 100.0,
            "percent_covered_display": "100",
            "missing_lines": 0,
            "excluded_lines": 2,
            "percent_statements_covered": 100.0,
            "percent_statements_covered_display": "100"
          },
          "missing_lines": [],
          "excluded_lines": [
            94,
            95
          ],
          "start_line": 90
        },
        "reset": {
          "executed_lines": [
            107,
            108,
            109,
            110,
            112,
            114
          ],
          "summary": {
            "covered_lines": 6,
            "num_statements": 6,
            "percent_covered": 100.0,
            "percent_covered_display": "100",
            "missing_lines": 0,
            "excluded_lines": 0,
            "percent_statements_covered": 100.0,
            "percent_statements_covered_display": "100"
          },
          "missing_lines": [],
          "excluded_lines": [],
          "start_line": 105
        },
        "password_reset": {
          "executed_lines": [
            124,
            125,
            126,
            127,
            128,
            129
          ],
          "summary": {
            "covered_lines": 6,
            "num_statements": 6,
            "percent_covered": 100.0,
            "percent_covered_display": "100",
            "missing_lines": 0,
            "excluded_lines": 0,
            "percent_statements_covered": 100.0,
            "percent_statements_covered_display": "100"
          },
          "missing_lines": [],
          "excluded_lines": [],
          "start_line": 122
        },
        "oauth2_authorize": {
          "executed_lines": [
            138,
            139,
            140,
            141
          ],
          "summary": {
            "covered_lines": 4,
            "num_statements": 6,
            "percent_covered": 66.66666666666667,
            "percent_covered_display": "67",
            "missing_lines": 2,
            "excluded_lines": 0,
            "percent_statements_covered": 66.66666666666667,
            "percent_statements_covered_display": "67"
          },
          "missing_lines": [
            142,
            150
          ],
          "excluded_lines": [],
          "start_line": 136
        },
        "oauth2_new": {
          "executed_lines": [],
          "summary": {
            "covered_lines": 0,
            "num_statements": 26,
            "percent_covered": 0.0,
            "percent_covered_display": "0",
            "missing_lines": 26,
            "excluded_lines": 0,
            "percent_statements_covered": 0.0,
            "percent_statements_covered_display": "0"
          },
          "missing_lines": [
            166,
            167,
            168,
            169,
            170,
            173,
            182,
            183,
            184,
            185,
            186,
            187,
            189,
            194,
            195,
            196,
            197,
            198,
            199,
            200,
            201,
            202,
            203,
            204,
            205,
            206
          ],
          "excluded_lines": [],
          "start_line": 158
        },