{
  "files": {
    "common/psapi.py": {
      "executed_lines": [
        1,
        2,
        3,
        5,
        7,
        8,
        12,
        14,
        27,
        28,
        30,
        33,
        34,
        35,
        54,
        55,
        57,
        58,
        59,
        61,
        74,
        89,
        90,
        92,
        93,
        104,
        105,
        107,
        108,
        110,
        111
      ],
      "summary": {
        "covered_lines": 31,
        "num_statements": 89,
        "percent_covered": 34.831460674157306,
        "percent_covered_display": "35",
        "missing_lines": 58,
        "excluded_lines": 0,
        "percent_statements_covered": 34.831460674157306,
        "percent_statements_covered_display": "35"
      },
      "missing_lines": [
        15,
        17,
        18,
        19,
        21,
        22,
        23,
        25,
        31,
        36,
        37,
        38,
        40,
        41,
        42,
        44,
        45,
        47,
        48,
        50,
        52,
        62,
        63,
        64,
        66,
        67,
        69,
        70,
        72,
        75,
        77,
        78,
        80,
        81,
        82,
        84,
        85,
        87,
        95,
        96,
        97,
        99,
        100,
        102,
        112,
        113,
        114,
        116,
        117,
        118,
        120,
        122,
        127,
        129,
        130,
        132,
        134,
        135
      ],
      "excluded_lines": [],
      "functions": {
        "get_all_podcast_episodes_all_seasons": {
          "executed_lines": [],
          "summary": {
            "covered_lines": 0,
            "num_statements": 8,
            "percent_covered": 0.0,
            "percent_covered_display": "0",
            "missing_lines": 8,
            "excluded_lines": 0,
            "percent_statements_covered": 0.0,
            "percent_statements_covered_display": "0"
          },
          "missing_lines": [
            15,
            17,
            18,
            19,
            21,
            22,
            23,
            25
          ],
          "excluded_lines": [],
          "start_line": 14
        },
        "get_all_podcast_episodes": {
          "executed_lines": [
            28,
            30,
            33,
            34,
            35
          ],
          "summary": {
            "covered_lines": 5,
            "num_statements": 18,
            "percent_covered": 27.77777777777778,
            "percent_covered_display": "28",
            "missing_lines": 13,
            "excluded_lines": 0,
            "percent_statements_covered": 27.77777777777778,
            "percent_statements_covered_display": "28"
          },
          "missing_lines": [
            31,
            36,
            37,
            38,
            40,
            41,
            42,
            44,
            45,
            47,
            48,
            50,
            52
          ],
          "excluded_lines": [],
          "start_line": 27
        },
        "get_podcast_episodes": {
          "executed_lines": [
            55,
            57,
            58,
            59,
            61
          ],
          "summary": {
            "covered_lines": 5,
            "num_statements": 13,
            "percent_covered": 38.46153846153846,
            "percent_covered_display": "38",
            "missing_lines": 8,
            "excluded_lines": 0,
            "percent_statements_covered": 38.46153846153846,
            "percent_statements_covered_display": "38"
          },
          "missing_lines": [
            62,
            63,
            64,
            66,
            67,
            69,
            70,
            72
          ],
          "excluded_lines": [],
          "start_line": 54
        },
        "get_episode_manifest": {
          "executed_lines": [],
          "summary": {
            "covered_lines": 0,
            "num_statements": 9,
            "percent_covered": 0.0,
            "percent_covered_display": "0",
            "missing_lines": 9,
            "excluded_lines": 0,
            "percent_statements_covered": 0.0,
            "percent_statements_covered_display": "0"
          },
          "missing_lines": [
            75,
            77,
            78,
            80,
            81,
            82,
            84,
            85,
            87
          ],
          "excluded_lines": [],
          "start_line": 74
        },
        "get_podcast_metadata": {
          "executed_lines": [
            90,
            92,
            93
          ],
          "summary": {
            "covered_lines": 3,
            "num_statements": 9,
            "percent_covered": 33.333333333333336,
            "percent_covered_display": "33",
            "missing_lines": 6,
            "excluded_lines": 0,
            "percent_statements_covered": 33.333333333333336,
            "percent_statements_covered_display": "33"
          },
          "missing_lines": [
            95,
            96,
            97,
            99,
            100,
            102
          ],
          "excluded_lines": [],
          "start_line": 89
        },
        "get_all_podcasts": {
          "executed_lines": [
            105,
            107,
            108,
            110,
            111
          ],
          "summary": {
            "covered_lines": 5,
            "num_statements": 19,
            "percent_covered": 26.31578947368421,
            "percent_covered_display": "26",
            "missing_lines": 14,
            "excluded_lines": 0,
            "percent_statements_covered": 26.31578947368421,
            "percent_statements_covered_display": "26"
          },
          "missing_lines": [
            112,
            113,
            114,
            116,
            117,
            118,
            120,
            122,
            127,
            129,
            130,
            132,
            134,
            135
          ],
          "excluded_lines": [],
          "start_line": 104
        },
        "": {
          "executed_lines": [
            1,
            2,
            3,
            5,
            7,
            8,
            12,
            14,
            27,
            54,
            74,
            89,
            104
          ],
          "summary": {
            "covered_lines": 13,
            "num_statements": 13,
            "percent_covered": 100.0,
            "percent_covered_display": "100",
            "missing_lines": 0,
            "excluded_lines": 0,
            "percent_statements_covered": 100.0,
            "percent_statements_covered_display": "100"
          },
          "missing_lines": [],
          "excluded_lines": [],
          "start_line": 1
        }
      },
      "classes": {
        "": {
          "executed_lines": [
            1,
            2,
            3,
            5,
            7,
            8,
            12,
            14,
            27,
            28,
            30,
            33,
            34,
            35,
            54,
            55,
            57,
            58,
            59,
            61,
            74,
            89,
            90,
            92,
            93,
            104,
            105,
            107,
            108,
            110,
            111
          ],
          "summary": {
            "covered_lines": 31,
            "num_statements": 89,
            "percent_covered": 34.831460674157306,
            "percent_covered_display": "35",
            "missing_lines": 58,
            "excluded_lines": 0,
            "percent_statements_covered": 34.831460674157306,
            "percent_statements_covered_display": "35"
          },