{
  "files": {
    "pyaxis/pyaxis.py": {
      "executed_lines": [
        1,
        23,
        24,
        26,
        28,
        30,
        32,
        34,
        37,
        38,
        41,
        53,
        56,
        64,
        65,
        67,
        70,
        82,
        84,
        85,
        86,
        87,
        88,
        89,
        90,
        93,
        94,
        95,
        96,
        97,
        100,
        109,
        110,
        111,
        113,
        116,
        139,
        140,
        141,
        147,
        150,
        153,
        157,
        161,
        164,
        172,
        177
      ],
      "summary": {
        "covered_lines": 46,
        "num_statements": 58,
        "percent_covered": 79.3103448275862,
        "percent_covered_display": "79",
        "missing_lines": 12,
        "excluded_lines": 0
      },
      "missing_lines": [
        91,
        92,
        101,
        102,
        103,
        104,
        105,
        106,
        107,
        142,
        143,
        144
      ],
      "excluded_lines": [],
      "functions": {
        "uri_type": {
          "executed_lines": [
            53,
            56,
            64,
            65,
            67
          ],
          "summary": {
            "covered_lines": 5,
            "num_statements": 5,
            "percent_covered": 100.0,
            "percent_covered_display": "100",
            "missing_lines": 0,
            "excluded_lines": 0
          },
          "missing_lines": [],
          "excluded_lines": []
        },
        "read": {
          "executed_lines": [
            82,
            84,
            85,
            86,
            87,
            88,
            89,
            90,
            93,
            94,
            95,
            96,
            97,
            100,
            109,
            110,
            111,
            113
          ],
          "summary": {
            "covered_lines": 18,
            "num_statements": 27,
            "percent_covered": 66.66666666666667,
            "percent_covered_display": "67",
            "missing_lines": 9,
            "excluded_lines": 0
          },
          "missing_lines": [
            91,
            92,
            101,
            102,
            103,
            104,
            105,
            106,
            107
          ],
          "excluded_lines": []
        },
        "parse": {
          "executed_lines": [
            139,
            140,
            141,
            147,
            150,
            153,
            157,
            161,
            164,
            172,
            177
          ],
          "summary": {
            "covered_lines": 11,
            "num_statements": 14,
            "percent_covered": 78.57142857142857,
            "percent_covered_display": "79",
            "missing_lines": 3,
            "excluded_lines": 0
          },
          "missing_lines": [
            142,
            143,
            144
          ],
          "excluded_lines": []
        },
        "": {
          "executed_lines": [
            1,
            23,
            24,
            26,
            28,
            30,
            32,
            34,
            37,
            38,
            41,
            70,
            116
          ],
          "summary": {
            "covered_lines": 12,
            "num_statements": 12,
            "percent_covered": 100.0,
            "percent_covered_display": "100",
            "missing_lines": 0,
            "excluded_lines": 0
          },
          "missing_lines": [],
          "excluded_lines": []
        }
      },
      "classes": {
        "": {
          "executed_lines": [
            1,
            23,
            24,
            26,
            28,
            30,
            32,
            34,
            37,
            38,
            41,
            53,
            56,
            64,
            65,
            67,
            70,
            82,
            84,
            85,
            86,
            87,
            88,
            89,
            90,
            93,
            94,
            95,
            96,
            97,
            100,
            109,
            110,
            111,
            113,
            116,
            139,
            140,
            141,
            147,
            150,
            153,
            157,
            161,
            164,
            172,
            177
          ],
          "summary": {
            "covered_lines": 46,
            "num_statements": 58,
            "percent_covered": 79.3103448275862,
            "percent_covered_display": "79",
            "missing_lines": 12,
            "excluded_lines": 0
          },
          "missing_lines": [
            91,
            92,
            101,
            102,
            103,
            104,
            105,
            106,
            107,
            142,
            143,
            144
          ],
          "excluded_lines": []
        }
      }
    },
    "pyaxis/test/integration/test_pyaxis.py": {
      "executed_lines": [
        1,
        3,
        5,
        7,
        9,
        11,
        14,
        17,
        19,
        23,
        25,
        28,
        29,
        30,
        33,
        35,
        39,
        40,
        41,
        42,
        43,
        46,
        48,
        52,
        53,
        54,
        55,
        58,
        60,
        64,
        65,
        66,
        67,
        68,
        69,
        70,
        71,
        72,
        75,
        77,
        78,
        79,
        83,
        84,
        85,
        86,
        87,
        93,
        94,
        95,
        98,
        100,
        104,
        105,
        106,
        107,
        109,
        110,
        114,
        116,
        117,
        118,
        121,
        123,
        125,
        126,
        129
      ],
      "summary": {
        "covered_lines": 66,
        "num_statements": 67,
        "percent_covered": 98.50746268656717,
        "percent_covered_display": "99",
        "missing_lines": 1,
        "excluded_lines": 0
      },
      "missing_lines": [
        130
      ],
      "excluded_lines": [],
      "functions": {
        "test_uri_type": {
          "executed_lines": [
            19
          ],
          "summary": {
            "covered_lines": 1,
            "num_statements": 1,
            "percent_covered": 100.0,
            "percent_covered_display": "100",
            "missing_lines": 0,
            "excluded_lines": 0
          },
          "missing_lines": [],
          "excluded_lines": []
        },
        "test_read": {
          "executed_lines": [
            25,
            28,
            29,
            30
          ],
          "summary": {
            "covered_lines": 4,
            "num_statements": 4,
            "percent_covered": 100.0,
            "percent_covered_display": "100",
            "missing_lines": 0,
            "excluded_lines": 0
          },
          "missing_lines": [],
          "excluded_lines": []
        },
        "test_metadata_extract": {
          "executed_lines": [
            35,
            39,
            40,
            41,
            42,
            43
          ],
          "summary": {
            "covered_lines": 6,
            "num_statements": 6,
            "percent_covered": 100.0,
            "percent_covered_display": "100",
            "missing_lines": 0,
            "excluded_lines": 0
          },