{
  "files": {
    "whatsapp_api_client_python/API.py": {
      "executed_lines": [
        1,
        2,
        3,
        4,
        6,
        7,
        9,
        10,
        24,
        25,
        26,
        27,
        28,
        30,
        41,
        42,
        43,
        44,
        47,
        48,
        50,
        51,
        53,
        54,
        70,
        99,
        114,
        140,
        156,
        157,
        162,
        163,
        166,
        167
      ],
      "summary": {
        "covered_lines": 34,
        "num_statements": 92,
        "percent_covered": 36.95652173913044,
        "percent_covered_display": "37",
        "missing_lines": 58,
        "excluded_lines": 0
      },
      "missing_lines": [
        56,
        57,
        58,
        59,
        60,
        61,
        62,
        63,
        64,
        65,
        67,
        68,
        77,
        78,
        79,
        80,
        82,
        83,
        84,
        87,
        88,
        89,
        90,
        91,
        93,
        94,
        95,
        97,
        100,
        101,
        102,
        103,
        104,
        105,
        106,
        108,
        109,
        110,
        112,
        115,
        116,
        117,
        118,
        121,
        122,
        124,
        125,
        130,
        131,
        132,
        134,
        136,
        141,
        142,
        149,
        151,
        152,
        154
      ],
      "excluded_lines": [],
      "functions": {
        "GreenApi.__init__": {
          "executed_lines": [
            41,
            42,
            43,
            44,
            47,
            48,
            50,
            51,
            53,
            54
          ],
          "summary": {
            "covered_lines": 10,
            "num_statements": 22,
            "percent_covered": 45.45454545454545,
            "percent_covered_display": "45",
            "missing_lines": 12,
            "excluded_lines": 0
          },
          "missing_lines": [
            56,
            57,
            58,
            59,
            60,
            61,
            62,
            63,
            64,
            65,
            67,
            68
          ],
          "excluded_lines": []
        },
        "GreenApi.request": {
          "executed_lines": [],
          "summary": {
            "covered_lines": 0,
            "num_statements": 16,
            "percent_covered": 0.0,
            "percent_covered_display": "0",
            "missing_lines": 16,
            "excluded_lines": 0
          },
          "missing_lines": [
            77,
            78,
            79,
            80,
            82,
            83,
            84,
            87,
            88,
            89,
            90,
            91,
            93,
            94,
            95,
            97
          ],
          "excluded_lines": []
        },
        "GreenApi.raw_request": {
          "executed_lines": [],
          "summary": {
            "covered_lines": 0,
            "num_statements": 11,
            "percent_covered": 0.0,
            "percent_covered_display": "0",
            "missing_lines": 11,
            "excluded_lines": 0
          },
          "missing_lines": [
            100,
            101,
            102,
            103,
            104,
            105,
            106,
            108,
            109,
            110,
            112
          ],
          "excluded_lines": []
        },
        "GreenApi.__handle_response": {
          "executed_lines": [],
          "summary": {
            "covered_lines": 0,
            "num_statements": 13,
            "percent_covered": 0.0,
            "percent_covered_display": "0",
            "missing_lines": 13,
            "excluded_lines": 0
          },
          "missing_lines": [
            115,
            116,
            117,
            118,
            121,
            122,
            124,
            125,
            130,
            131,
            132,
            134,
            136
          ],
          "excluded_lines": []
        },
        "GreenApi.__prepare_logger": {
          "executed_lines": [],
          "summary": {
            "covered_lines": 0,
            "num_statements": 6,
            "percent_covered": 0.0,
            "percent_covered_display": "0",
            "missing_lines": 6,
            "excluded_lines": 0
          },
          "missing_lines": [
            141,
            142,
            149,
            151,
            152,
            154
          ],
          "excluded_lines": []
        },
        "GreenApi.__prepare_session": {
          "executed_lines": [
            157
          ],
          "summary": {
            "covered_lines": 1,
            "num_statements": 1,
            "percent_covered": 100.0,
            "percent_covered_display": "100",
            "missing_lines": 0,
            "excluded_lines": 0
          },
          "missing_lines": [],
          "excluded_lines": []
        },
        "": {
          "executed_lines": [
            1,
            2,
            3,
            4,
            6,
            7,
            9,
            10,
            24,
            25,
            26,
            27,
            28,
            30,
            70,
            99,
            114,
            140,
            156,
            162,
            163,
            166,
            167
          ],
          "summary": {
            "covered_lines": 23,
            "num_statements": 23,
            "percent_covered": 100.0,
            "percent_covered_display": "100",
            "missing_lines": 0,
            "excluded_lines": 0
          },
          "missing_lines": [],
          "excluded_lines": []
        }
      },
      "classes": {
        "GreenApi": {
          "executed_lines": [
            41,
            42,
            43,
            44,
            47,
            48,
            50,
            51,
            53,
            54,
            157
          ],
          "summary": {
            "covered_lines": 11,
            "num_statements": 69,
            "percent_covered": 15.942028985507246,
            "percent_covered_display": "16",
            "missing_lines": 58,
            "excluded_lines": 0
          },
          "missing_lines": [
            56,
            57,
            58,
            59,
            60,
            61,
            62,
            63,
            64,
            65,
            67,
            68,
            77,
            78,
            79,
            80,
            82,
            83,
            84,
            87,
            88,
            89,
            90,
            91,
            93,
            94,
            95,
            97,
            100,
            101,
            102,
            103,
            104,
            105,
            106,
            108,
            109,
            110,
            112,
            115,
            116,
            117,
            118,
            121,
            122,
            124,
            125,
            130,
            131,
            132,
            134,
            136,
            141,
            142,
            149,
            151,
            152,
            154
          ],
          "excluded_lines": []
        },
        "GreenAPI": {
          "executed_lines": [],
          "summary": {
            "covered_lines": 0,
            "num_statements": 0,
            "percent_covered": 100.0,