{
  "files": {
    "bpemb/util.py": {
      "executed_lines": [
        1,
        2,
        5,
        7,
        8,
        9,
        10,
        14,
        15,
        16,
        17,
        21,
        22,
        24,
        25,
        26,
        27,
        30,
        31,
        33,
        34,
        36,
        37,
        38,
        41,
        43,
        44,
        45,
        49,
        50,
        51,
        55,
        56,
        57,
        58,
        59,
        85,
        87,
        88,
        89,
        90,
        91,
        92,
        93,
        96,
        99,
        100,
        101,
        102,
        103,
        104,
        105
      ],
      "summary": {
        "covered_lines": 52,
        "num_statements": 76,
        "percent_covered": 68.42105263157895,
        "percent_covered_display": "68",
        "missing_lines": 24,
        "excluded_lines": 0,
        "percent_statements_covered": 68.42105263157895,
        "percent_statements_covered_display": "68"
      },
      "missing_lines": [
        39,
        40,
        46,
        47,
        61,
        63,
        64,
        65,
        66,
        67,
        68,
        69,
        70,
        71,
        72,
        73,
        74,
        75,
        76,
        77,
        80,
        81,
        82,
        95
      ],
      "excluded_lines": [],
      "functions": {
        "sentencepiece_load": {
          "executed_lines": [
            7,
            8,
            9,
            10
          ],
          "summary": {
            "covered_lines": 4,
            "num_statements": 4,
            "percent_covered": 100.0,
            "percent_covered_display": "100",
            "missing_lines": 0,
            "excluded_lines": 0,
            "percent_statements_covered": 100.0,
            "percent_statements_covered_display": "100"
          },
          "missing_lines": [],
          "excluded_lines": [],
          "start_line": 5
        },
        "http_get_temp": {
          "executed_lines": [
            15,
            16,
            17,
            21,
            22,
            24,
            25,
            26,
            27,
            30,
            31,
            33,
            34,
            36,
            37,
            38,
            41,
            43,
            44,
            45,
            49,
            50,
            51
          ],
          "summary": {
            "covered_lines": 23,
            "num_statements": 27,
            "percent_covered": 85.18518518518519,
            "percent_covered_display": "85",
            "missing_lines": 4,
            "excluded_lines": 0,
            "percent_statements_covered": 85.18518518518519,
            "percent_statements_covered_display": "85"
          },
          "missing_lines": [
            39,
            40,
            46,
            47
          ],
          "excluded_lines": [],
          "start_line": 14
        },
        "http_get": {
          "executed_lines": [
            56,
            57,
            58,
            59
          ],
          "summary": {
            "covered_lines": 4,
            "num_statements": 23,
            "percent_covered": 17.391304347826086,
            "percent_covered_display": "17",
            "missing_lines": 19,
            "excluded_lines": 0,
            "percent_statements_covered": 17.391304347826086,
            "percent_statements_covered_display": "17"
          },
          "missing_lines": [
            61,
            63,
            64,
            65,
            66,
            67,
            68,
            69,
            70,
            71,
            72,
            73,
            74,
            75,
            76,
            77,
            80,
            81,
            82
          ],
          "excluded_lines": [],
          "start_line": 55
        },
        "load_word2vec_file": {
          "executed_lines": [
            87,
            88,
            89,
            90,
            91,
            92,
            93,
            96
          ],
          "summary": {
            "covered_lines": 8,
            "num_statements": 9,
            "percent_covered": 88.88888888888889,
            "percent_covered_display": "89",
            "missing_lines": 1,
            "excluded_lines": 0,
            "percent_statements_covered": 88.88888888888889,
            "percent_statements_covered_display": "89"
          },
          "missing_lines": [
            95
          ],
          "excluded_lines": [],
          "start_line": 85
        },
        "add_embeddings": {
          "executed_lines": [
            100,
            101,
            102,
            103,
            104,
            105
          ],
          "summary": {
            "covered_lines": 6,
            "num_statements": 6,
            "percent_covered": 100.0,
            "percent_covered_display": "100",
            "missing_lines": 0,
            "excluded_lines": 0,
            "percent_statements_covered": 100.0,
            "percent_statements_covered_display": "100"
          },
          "missing_lines": [],
          "excluded_lines": [],
          "start_line": 99
        },
        "": {
          "executed_lines": [
            1,
            2,
            5,
            14,
            55,
            85,
            99
          ],
          "summary": {
            "covered_lines": 7,
            "num_statements": 7,
            "percent_covered": 100.0,
            "percent_covered_display": "100",
            "missing_lines": 0,
            "excluded_lines": 0,
            "percent_statements_covered": 100.0,
            "percent_statements_covered_display": "100"
          },
          "missing_lines": [],
          "excluded_lines": [],
          "start_line": 1
        }
      },
      "classes": {
        "": {
          "executed_lines": [
            1,
            2,
            5,
            7,
            8,
            9,
            10,
            14,
            15,
            16,
            17,
            21,
            22,
            24,
            25,
            26,
            27,
            30,
            31,
            33,
            34,
            36,
            37,
            38,
            41,
            43,
            44,
            45,
            49,
            50,
            51,
            55,
            56,
            57,
            58,
            59,
            85,
            87,
            88,
            89,
            90,
            91,
            92,
            93,
            96,
            99,
            100,
            101,
            102,
            103,
            104,
            105
          ],
          "summary": {
            "covered_lines": 52,
            "num_statements": 76,
            "percent_covered": 68.42105263157895,
            "percent_covered_display": "68",
            "missing_lines": 24,
            "excluded_lines": 0,
            "percent_statements_covered": 68.42105263157895,
            "percent_statements_covered_display": "68"
          },
          "missing_lines": [
            39,
            40,
            46,
            47,
            61,
            63,
            64,
            65,
            66,
            67,
            68,
            69,
            70,
            71,
            72,
            73,
            74,
            75,
            76,
            77,
            80,
            81,
            82,
            95
          ],
          "excluded_lines": [],
          "start_line": 1
        }
      }
    }
  },
  "meta": {
    "format": 3,
    "version": "7.13.4",
    "branch_coverage": false,
    "show_contexts": false
  },
  "totals": {
    "covered_lines": 52,
    "num_statements": 76,
    "percent_covered": 68.42105263157895,
    "percent_covered_display": "68",
    "missing_lines": 24,
    "excluded_lines": 0,