{
  "files": {
    "stale_repos.py": {
      "executed_lines": [
        3,
        4,
        5,
        6,
        7,
        9,
        10,
        11,
        62,
        73,
        76,
        77,
        78,
        79,
        82,
        83,
        84,
        85,
        86,
        90,
        93,
        110,
        111,
        112,
        114,
        116,
        153,
        162,
        163,
        164,
        169,
        178,
        179,
        180,
        185,
        194,
        220,
        234,
        237,
        238,
        239,
        243,
        247,
        248,
        249,
        250,
        251,
        252,
        253,
        254,
        255,
        256,
        257,
        258,
        259,
        260,
        266,
        267,
        268,
        269,
        270,
        271,
        272,
        275,
        298,
        299,
        300,
        306,
        308,
        310,
        311,
        315,
        319,
        320,
        322,
        324,
        327,
        336,
        337,
        338,
        345,
        347,
        348,
        371,
        419
      ],
      "summary": {
        "covered_lines": 85,
        "num_statements": 168,
        "percent_covered": 50.595238095238095,
        "percent_covered_display": "51",
        "missing_lines": 83,
        "excluded_lines": 46,
        "percent_statements_covered": 50.595238095238095,
        "percent_statements_covered_display": "51"
      },
      "missing_lines": [
        117,
        118,
        119,
        121,
        122,
        123,
        124,
        126,
        128,
        129,
        130,
        131,
        134,
        135,
        136,
        138,
        139,
        140,
        141,
        142,
        145,
        146,
        147,
        149,
        150,
        165,
        166,
        181,
        182,
        195,
        196,
        197,
        198,
        199,
        200,
        201,
        202,
        203,
        205,
        211,
        212,
        216,
        217,
        307,
        309,
        316,
        317,
        339,
        340,
        341,
        342,
        349,
        350,
        351,
        353,
        354,
        355,
        358,
        359,
        360,
        361,
        362,
        364,
        366,
        367,
        368,
        388,
        395,
        396,
        397,
        398,
        399,
        400,
        401,
        402,
        406,
        407,
        408,
        409,
        410,
        415,
        416,
        420
      ],
      "excluded_lines": [
        14,
        15,
        16,
        17,
        18,
        19,
        20,
        21,
        22,
        23,
        24,
        25,
        26,
        27,
        28,
        29,
        30,
        31,
        32,
        33,
        34,
        35,
        36,
        37,
        38,
        39,
        40,
        41,
        42,
        43,
        44,
        45,
        46,
        47,
        48,
        49,
        50,
        51,
        52,
        53,
        54,
        55,
        56,
        57,
        58,
        59
      ],
      "functions": {
        "main": {
          "executed_lines": [],
          "summary": {
            "covered_lines": 0,
            "num_statements": 0,
            "percent_covered": 100.0,
            "percent_covered_display": "100",
            "missing_lines": 0,
            "excluded_lines": 45,
            "percent_statements_covered": 100.0,
            "percent_statements_covered_display": "100"
          },
          "missing_lines": [],
          "excluded_lines": [
            15,
            16,
            17,
            18,
            19,
            20,
            21,
            22,
            23,
            24,
            25,
            26,
            27,
            28,
            29,
            30,
            31,
            32,
            33,
            34,
            35,
            36,
            37,
            38,
            39,
            40,
            41,
            42,
            43,
            44,
            45,
            46,
            47,
            48,
            49,
            50,
            51,
            52,
            53,
            54,
            55,
            56,
            57,
            58,
            59
          ],
          "start_line": 14
        },
        "is_repo_exempt": {
          "executed_lines": [
            73,
            76,
            77,
            78,
            79,
            82,
            83,
            84,
            85,
            86,
            90
          ],
          "summary": {
            "covered_lines": 11,
            "num_statements": 11,
            "percent_covered": 100.0,
            "percent_covered_display": "100",
            "missing_lines": 0,
            "excluded_lines": 0,
            "percent_statements_covered": 100.0,
            "percent_statements_covered_display": "100"
          },
          "missing_lines": [],
          "excluded_lines": [],
          "start_line": 62
        },
        "get_inactive_repos": {
          "executed_lines": [
            110,
            111,
            112,
            114,
            116
          ],
          "summary": {
            "covered_lines": 5,
            "num_statements": 30,
            "percent_covered": 16.666666666666668,
            "percent_covered_display": "17",
            "missing_lines": 25,
            "excluded_lines": 0,
            "percent_statements_covered": 16.666666666666668,
            "percent_statements_covered_display": "17"
          },
          "missing_lines": [
            117,
            118,
            119,
            121,
            122,
            123,
            124,
            126,
            128,
            129,
            130,
            131,
            134,
            135,
            136,
            138,
            139,
            140,
            141,
            142,
            145,
            146,
            147,
            149,
            150
          ],
          "excluded_lines": [],
          "start_line": 93
        },
        "get_days_since_last_release": {
          "executed_lines": [
            162,
            163,
            164
          ],
          "summary": {
            "covered_lines": 3,
            "num_statements": 5,
            "percent_covered": 60.0,
            "percent_covered_display": "60",
            "missing_lines": 2,
            "excluded_lines": 0,
            "percent_statements_covered": 60.0,
            "percent_statements_covered_display": "60"
          },
          "missing_lines": [
            165,
            166
          ],
          "excluded_lines": [],
          "start_line": 153
        },
        "get_days_since_last_pr": {
          "executed_lines": [
            178,
            179,
            180
          ],
          "summary": {
            "covered_lines": 3,
            "num_statements": 5,
            "percent_covered": 60.0,
            "percent_covered_display": "60",
            "missing_lines": 2,
            "excluded_lines": 0,
            "percent_statements_covered": 60.0,
            "percent_statements_covered_display": "60"
          },
          "missing_lines": [
            181,
            182
          ],
          "excluded_lines": [],
          "start_line": 169
        },
        "get_active_date": {
          "executed_lines": [
            194
          ],
          "summary": {
            "covered_lines": 1,
            "num_statements": 15,
            "percent_covered": 6.666666666666667,
            "percent_covered_display": "7",
            "missing_lines": 14,
            "excluded_lines": 0,
            "percent_statements_covered": 6.666666666666667,
            "percent_statements_covered_display": "7"
          },