{
  "files": {
    "cronitor/monitor.py": {
      "executed_lines": [
        1,
        2,
        3,
        4,
        5,
        6,
        7,
        9,
        11,
        13,
        14,
        16,
        17,
        21,
        22,
        34,
        35,
        36,
        37,
        38,
        40,
        41,
        44,
        47,
        50,
        51,
        52,
        54,
        55,
        57,
        59,
        60,
        62,
        63,
        64,
        65,
        66,
        68,
        70,
        71,
        99,
        100,
        101,
        102,
        103,
        104,
        106,
        107,
        108,
        110,
        111,
        112,
        114,
        115,
        116,
        118,
        119,
        125,
        132,
        133,
        137,
        139,
        142,
        149,
        152,
        153,
        156,
        165,
        166,
        167,
        168,
        170,
        180,
        181,
        183,
        184,
        185,
        186,
        188,
        199,
        200,
        201
      ],
      "summary": {
        "covered_lines": 82,
        "num_statements": 136,
        "percent_covered": 60.294117647058826,
        "percent_covered_display": "60",
        "missing_lines": 54,
        "excluded_lines": 0,
        "percent_statements_covered": 60.294117647058826,
        "percent_statements_covered_display": "60"
      },
      "missing_lines": [
        23,
        24,
        25,
        29,
        30,
        32,
        42,
        43,
        45,
        46,
        48,
        49,
        72,
        73,
        74,
        75,
        76,
        77,
        79,
        80,
        81,
        83,
        89,
        90,
        91,
        93,
        94,
        95,
        97,
        109,
        126,
        127,
        128,
        130,
        134,
        135,
        140,
        143,
        144,
        145,
        147,
        150,
        154,
        161,
        162,
        163,
        189,
        190,
        191,
        192,
        193,
        194,
        195,
        196
      ],
      "excluded_lines": [],
      "functions": {
        "Monitor.as_yaml": {
          "executed_lines": [],
          "summary": {
            "covered_lines": 0,
            "num_statements": 6,
            "percent_covered": 0.0,
            "percent_covered_display": "0",
            "missing_lines": 6,
            "excluded_lines": 0,
            "percent_statements_covered": 0.0,
            "percent_statements_covered_display": "0"
          },
          "missing_lines": [
            23,
            24,
            25,
            29,
            30,
            32
          ],
          "excluded_lines": [],
          "start_line": 22
        },
        "Monitor.put": {
          "executed_lines": [
            36,
            37,
            38,
            40,
            41,
            44,
            47,
            50,
            51,
            52,
            54,
            55,
            57,
            59,
            60,
            62,
            63,
            64,
            65,
            66,
            68
          ],
          "summary": {
            "covered_lines": 21,
            "num_statements": 27,
            "percent_covered": 77.77777777777777,
            "percent_covered_display": "78",
            "missing_lines": 6,
            "excluded_lines": 0,
            "percent_statements_covered": 77.77777777777777,
            "percent_statements_covered_display": "78"
          },
          "missing_lines": [
            42,
            43,
            45,
            46,
            48,
            49
          ],
          "excluded_lines": [],
          "start_line": 35
        },
        "Monitor._put": {
          "executed_lines": [],
          "summary": {
            "covered_lines": 0,
            "num_statements": 17,
            "percent_covered": 0.0,
            "percent_covered_display": "0",
            "missing_lines": 17,
            "excluded_lines": 0,
            "percent_statements_covered": 0.0,
            "percent_statements_covered_display": "0"
          },
          "missing_lines": [
            72,
            73,
            74,
            75,
            76,
            77,
            79,
            80,
            81,
            83,
            89,
            90,
            91,
            93,
            94,
            95,
            97
          ],
          "excluded_lines": [],
          "start_line": 71
        },
        "Monitor.__init__": {
          "executed_lines": [
            100,
            101,
            102,
            103,
            104
          ],
          "summary": {
            "covered_lines": 5,
            "num_statements": 5,
            "percent_covered": 100.0,
            "percent_covered_display": "100",
            "missing_lines": 0,
            "excluded_lines": 0,
            "percent_statements_covered": 100.0,
            "percent_statements_covered_display": "100"
          },
          "missing_lines": [],
          "excluded_lines": [],
          "start_line": 99
        },
        "Monitor.data": {
          "executed_lines": [
            116
          ],
          "summary": {
            "covered_lines": 1,
            "num_statements": 1,
            "percent_covered": 100.0,
            "percent_covered_display": "100",
            "missing_lines": 0,
            "excluded_lines": 0,
            "percent_statements_covered": 100.0,
            "percent_statements_covered_display": "100"
          },
          "missing_lines": [],
          "excluded_lines": [],
          "start_line": 115
        },
        "Monitor.delete": {
          "executed_lines": [
            119,
            125
          ],
          "summary": {
            "covered_lines": 2,
            "num_statements": 6,
            "percent_covered": 33.333333333333336,
            "percent_covered_display": "33",
            "missing_lines": 4,
            "excluded_lines": 0,
            "percent_statements_covered": 33.333333333333336,
            "percent_statements_covered_display": "33"
          },
          "missing_lines": [
            126,
            127,
            128,
            130
          ],
          "excluded_lines": [],
          "start_line": 118
        },
        "Monitor.ping": {
          "executed_lines": [
            133,
            137
          ],
          "summary": {
            "covered_lines": 2,
            "num_statements": 4,
            "percent_covered": 50.0,
            "percent_covered_display": "50",
            "missing_lines": 2,
            "excluded_lines": 0,
            "percent_statements_covered": 50.0,
            "percent_statements_covered_display": "50"
          },
          "missing_lines": [
            134,
            135
          ],
          "excluded_lines": [],
          "start_line": 132
        },
        "Monitor.ok": {
          "executed_lines": [],
          "summary": {
            "covered_lines": 0,
            "num_statements": 1,
            "percent_covered": 0.0,
            "percent_covered_display": "0",
            "missing_lines": 1,
            "excluded_lines": 0,
            "percent_statements_covered": 0.0,
            "percent_statements_covered_display": "0"
          },
          "missing_lines": [
            140
          ],
          "excluded_lines": [],
          "start_line": 139
        },
        "Monitor.pause": {
          "executed_lines": [],
          "summary": {
            "covered_lines": 0,
            "num_statements": 4,
            "percent_covered": 0.0,
            "percent_covered_display": "0",
            "missing_lines": 4,
            "excluded_lines": 0,
            "percent_statements_covered": 0.0,
            "percent_statements_covered_display": "0"
          },