{
  "files": {
    "trussme/report.py": {
      "executed_lines": [
        1,
        2,
        3,
        5,
        6,
        7,
        8,
        10,
        12,
        15,
        24,
        42,
        44,
        45,
        51,
        69,
        90,
        91,
        94,
        110,
        111,
        118,
        120,
        121,
        123,
        124,
        128,
        129,
        131,
        133,
        134,
        136,
        138,
        139,
        141,
        143,
        144,
        145,
        148,
        157,
        158,
        159,
        160,
        162,
        163,
        169,
        178,
        179,
        180,
        181,
        183,
        184,
        190,
        197,
        204,
        211,
        219,
        228,
        231,
        247,
        249,
        250,
        336
      ],
      "summary": {
        "covered_lines": 63,
        "num_statements": 131,
        "percent_covered": 48.091603053435115,
        "percent_covered_display": "48",
        "missing_lines": 68,
        "excluded_lines": 0,
        "percent_statements_covered": 48.091603053435115,
        "percent_statements_covered_display": "48"
      },
      "missing_lines": [
        16,
        17,
        18,
        19,
        21,
        46,
        48,
        66,
        126,
        149,
        164,
        170,
        253,
        254,
        255,
        256,
        257,
        258,
        269,
        276,
        277,
        278,
        279,
        280,
        281,
        296,
        310,
        311,
        312,
        313,
        314,
        315,
        323,
        333,
        354,
        357,
        358,
        359,
        360,
        361,
        362,
        377,
        382,
        383,
        384,
        385,
        386,
        387,
        401,
        408,
        410,
        411,
        416,
        417,
        418,
        419,
        420,
        434,
        449,
        451,
        452,
        461,
        462,
        463,
        464,
        465,
        482,
        493
      ],
      "excluded_lines": [],
      "functions": {
        "_fig_to_svg": {
          "executed_lines": [],
          "summary": {
            "covered_lines": 0,
            "num_statements": 5,
            "percent_covered": 0.0,
            "percent_covered_display": "0",
            "missing_lines": 5,
            "excluded_lines": 0,
            "percent_statements_covered": 0.0,
            "percent_statements_covered_display": "0"
          },
          "missing_lines": [
            16,
            17,
            18,
            19,
            21
          ],
          "excluded_lines": [],
          "start_line": 15
        },
        "report_to_str": {
          "executed_lines": [
            42,
            44,
            45
          ],
          "summary": {
            "covered_lines": 3,
            "num_statements": 5,
            "percent_covered": 60.0,
            "percent_covered_display": "60",
            "missing_lines": 2,
            "excluded_lines": 0,
            "percent_statements_covered": 60.0,
            "percent_statements_covered_display": "60"
          },
          "missing_lines": [
            46,
            48
          ],
          "excluded_lines": [],
          "start_line": 24
        },
        "print_report": {
          "executed_lines": [],
          "summary": {
            "covered_lines": 0,
            "num_statements": 1,
            "percent_covered": 0.0,
            "percent_covered_display": "0",
            "missing_lines": 1,
            "excluded_lines": 0,
            "percent_statements_covered": 0.0,
            "percent_statements_covered_display": "0"
          },
          "missing_lines": [
            66
          ],
          "excluded_lines": [],
          "start_line": 51
        },
        "report_to_md": {
          "executed_lines": [
            90,
            91
          ],
          "summary": {
            "covered_lines": 2,
            "num_statements": 2,
            "percent_covered": 100.0,
            "percent_covered_display": "100",
            "missing_lines": 0,
            "excluded_lines": 0,
            "percent_statements_covered": 100.0,
            "percent_statements_covered_display": "100"
          },
          "missing_lines": [],
          "excluded_lines": [],
          "start_line": 69
        },
        "__generate_summary": {
          "executed_lines": [
            110,
            111,
            118,
            120,
            121,
            123,
            124,
            128,
            129,
            131,
            133,
            134,
            136,
            138,
            139,
            141,
            143,
            144,
            145,
            148,
            157,
            158,
            159,
            160,
            162,
            163,
            169,
            178,
            179,
            180,
            181,
            183,
            184,
            190,
            197,
            204,
            211,
            219,
            228
          ],
          "summary": {
            "covered_lines": 39,
            "num_statements": 43,
            "percent_covered": 90.69767441860465,
            "percent_covered_display": "91",
            "missing_lines": 4,
            "excluded_lines": 0,
            "percent_statements_covered": 90.69767441860465,
            "percent_statements_covered_display": "91"
          },
          "missing_lines": [
            126,
            149,
            164,
            170
          ],
          "excluded_lines": [],
          "start_line": 94
        },
        "__generate_instantiation_information": {
          "executed_lines": [
            247,
            249,
            250
          ],
          "summary": {
            "covered_lines": 3,
            "num_statements": 25,
            "percent_covered": 12.0,
            "percent_covered_display": "12",
            "missing_lines": 22,
            "excluded_lines": 0,
            "percent_statements_covered": 12.0,
            "percent_statements_covered_display": "12"
          },
          "missing_lines": [
            253,
            254,
            255,
            256,
            257,
            258,
            269,
            276,
            277,
            278,
            279,
            280,
            281,
            296,
            310,
            311,
            312,
            313,
            314,
            315,
            323,
            333
          ],
          "excluded_lines": [],
          "start_line": 231
        },
        "__generate_stress_analysis": {
          "executed_lines": [],
          "summary": {
            "covered_lines": 0,
            "num_statements": 34,
            "percent_covered": 0.0,
            "percent_covered_display": "0",
            "missing_lines": 34,
            "excluded_lines": 0,
            "percent_statements_covered": 0.0,
            "percent_statements_covered_display": "0"
          },
          "missing_lines": [
            354,
            357,
            358,
            359,
            360,
            361,
            362,
            377,
            382,
            383,
            384,
            385,
            386,
            387,
            401,
            408,
            410,
            411,
            416,
            417,
            418,
            419,
            420,
            434,
            449,
            451,
            452,
            461,
            462,
            463,
            464,
            465,
            482,
            493
          ],
          "excluded_lines": [],
          "start_line": 336
        },