{
  "files": {
    "iconsdk/providers/http_provider.py": {
      "executed_lines": [
        15,
        16,
        17,
        18,
        19,
        20,
        22,
        23,
        24,
        25,
        27,
        28,
        29,
        32,
        38,
        39,
        47,
        48,
        49,
        50,
        51,
        52,
        53,
        54,
        56,
        57,
        65,
        66,
        67,
        68,
        69,
        70,
        72,
        73,
        74,
        75,
        76,
        78,
        84,
        85,
        86,
        87,
        92,
        94,
        95,
        101,
        103,
        104,
        105,
        106,
        107,
        108,
        109,
        110,
        112,
        115,
        116,
        117,
        118,
        119,
        122,
        123,
        124,
        125,
        126,
        127,
        128,
        129,
        130,
        131,
        132,
        133,
        134,
        135,
        139,
        142,
        143,
        148,
        149,
        151,
        152,
        153,
        160,
        161,
        169,
        179,
        180,
        191,
        194,
        215
      ],
      "summary": {
        "covered_lines": 90,
        "num_statements": 143,
        "percent_covered": 62.93706293706294,
        "percent_covered_display": "63",
        "missing_lines": 53,
        "excluded_lines": 0,
        "percent_statements_covered": 62.93706293706294,
        "percent_statements_covered_display": "63"
      },
      "missing_lines": [
        88,
        89,
        91,
        113,
        120,
        136,
        137,
        140,
        154,
        155,
        156,
        157,
        158,
        162,
        163,
        164,
        165,
        166,
        167,
        170,
        171,
        172,
        173,
        174,
        175,
        176,
        181,
        182,
        183,
        184,
        185,
        186,
        187,
        188,
        189,
        192,
        195,
        196,
        197,
        198,
        200,
        201,
        202,
        203,
        205,
        206,
        207,
        208,
        209,
        210,
        211,
        213,
        216
      ],
      "excluded_lines": [],
      "functions": {
        "HTTPProvider.__init__": {
          "executed_lines": [
            65,
            66,
            67,
            68,
            69,
            70
          ],
          "summary": {
            "covered_lines": 6,
            "num_statements": 6,
            "percent_covered": 100.0,
            "percent_covered_display": "100",
            "missing_lines": 0,
            "excluded_lines": 0,
            "percent_statements_covered": 100.0,
            "percent_statements_covered_display": "100"
          },
          "missing_lines": [],
          "excluded_lines": [],
          "start_line": 57
        },
        "HTTPProvider._generate_url_map": {
          "executed_lines": [
            73,
            78,
            84,
            94,
            95,
            101
          ],
          "summary": {
            "covered_lines": 6,
            "num_statements": 6,
            "percent_covered": 100.0,
            "percent_covered_display": "100",
            "missing_lines": 0,
            "excluded_lines": 0,
            "percent_statements_covered": 100.0,
            "percent_statements_covered_display": "100"
          },
          "missing_lines": [],
          "excluded_lines": [],
          "start_line": 72
        },
        "HTTPProvider._generate_url_map._add_channel_path": {
          "executed_lines": [
            74,
            75,
            76
          ],
          "summary": {
            "covered_lines": 3,
            "num_statements": 3,
            "percent_covered": 100.0,
            "percent_covered_display": "100",
            "missing_lines": 0,
            "excluded_lines": 0,
            "percent_statements_covered": 100.0,
            "percent_statements_covered_display": "100"
          },
          "missing_lines": [],
          "excluded_lines": [],
          "start_line": 73
        },
        "HTTPProvider._generate_url_map._make_ws_url": {
          "executed_lines": [
            85,
            86,
            87,
            92
          ],
          "summary": {
            "covered_lines": 4,
            "num_statements": 7,
            "percent_covered": 57.142857142857146,
            "percent_covered_display": "57",
            "missing_lines": 3,
            "excluded_lines": 0,
            "percent_statements_covered": 57.142857142857146,
            "percent_statements_covered_display": "57"
          },
          "missing_lines": [
            88,
            89,
            91
          ],
          "excluded_lines": [],
          "start_line": 84
        },
        "HTTPProvider._get_channel": {
          "executed_lines": [
            105,
            106,
            107,
            108,
            109,
            110
          ],
          "summary": {
            "covered_lines": 6,
            "num_statements": 6,
            "percent_covered": 100.0,
            "percent_covered_display": "100",
            "missing_lines": 0,
            "excluded_lines": 0,
            "percent_statements_covered": 100.0,
            "percent_statements_covered_display": "100"
          },
          "missing_lines": [],
          "excluded_lines": [],
          "start_line": 104
        },
        "HTTPProvider.__str__": {
          "executed_lines": [],
          "summary": {
            "covered_lines": 0,
            "num_statements": 1,
            "percent_covered": 0.0,
            "percent_covered_display": "0",
            "missing_lines": 1,
            "excluded_lines": 0,
            "percent_statements_covered": 0.0,
            "percent_statements_covered_display": "0"
          },
          "missing_lines": [
            113
          ],
          "excluded_lines": [],
          "start_line": 112
        },
        "HTTPProvider._get_request_kwargs": {
          "executed_lines": [
            117,
            118,
            119
          ],
          "summary": {
            "covered_lines": 3,
            "num_statements": 4,
            "percent_covered": 75.0,
            "percent_covered_display": "75",
            "missing_lines": 1,
            "excluded_lines": 0,
            "percent_statements_covered": 75.0,
            "percent_statements_covered_display": "75"
          },
          "missing_lines": [
            120
          ],
          "excluded_lines": [],
          "start_line": 116
        },
        "HTTPProvider._make_post_request": {
          "executed_lines": [
            124,
            125,
            126,
            127,
            128,
            129,
            130,
            131,
            132,
            133,
            134,
            135
          ],
          "summary": {
            "covered_lines": 12,
            "num_statements": 14,
            "percent_covered": 85.71428571428571,
            "percent_covered_display": "86",
            "missing_lines": 2,
            "excluded_lines": 0,
            "percent_statements_covered": 85.71428571428571,
            "percent_statements_covered_display": "86"
          },
          "missing_lines": [
            136,
            137
          ],
          "excluded_lines": [],
          "start_line": 123
        },
        "HTTPProvider._make_id": {
          "executed_lines": [],
          "summary": {
            "covered_lines": 0,
            "num_statements": 1,
            "percent_covered": 0.0,
            "percent_covered_display": "0",
            "missing_lines": 1,
            "excluded_lines": 0,
            "percent_statements_covered": 0.0,
            "percent_statements_covered_display": "0"
          },
          "missing_lines": [
            140
          ],