{
  "files": {
    "venvs/converge.py": {
      "executed_lines": [
        6,
        7,
        8,
        9,
        10,
        12,
        13,
        14,
        16,
        17,
        19,
        36,
        40,
        41,
        44,
        45,
        46,
        47,
        54,
        62,
        63,
        67,
        116,
        117,
        120,
        121,
        122,
        123,
        124,
        125,
        126,
        127,
        128,
        129,
        130,
        132,
        139,
        154
      ],
      "summary": {
        "covered_lines": 38,
        "num_statements": 82,
        "percent_covered": 39.0,
        "percent_covered_display": "39",
        "missing_lines": 44,
        "excluded_lines": 1,
        "percent_statements_covered": 46.34146341463415,
        "percent_statements_covered_display": "46",
        "num_branches": 18,
        "num_partial_branches": 1,
        "covered_branches": 1,
        "missing_branches": 17,
        "percent_branches_covered": 5.555555555555555,
        "percent_branches_covered_display": "6"
      },
      "missing_lines": [
        37,
        72,
        73,
        75,
        76,
        77,
        81,
        82,
        83,
        85,
        91,
        92,
        98,
        99,
        106,
        108,
        109,
        110,
        111,
        112,
        113,
        133,
        134,
        135,
        136,
        143,
        144,
        145,
        146,
        147,
        148,
        149,
        150,
        151,
        160,
        167,
        168,
        169,
        170,
        171,
        172,
        174,
        175,
        177
      ],
      "excluded_lines": [
        20
      ],
      "executed_branches": [
        [
          67,
          -44
        ]
      ],
      "missing_branches": [
        [
          67,
          72
        ],
        [
          72,
          73
        ],
        [
          72,
          75
        ],
        [
          91,
          92
        ],
        [
          91,
          98
        ],
        [
          98,
          99
        ],
        [
          98,
          106
        ],
        [
          109,
          67
        ],
        [
          109,
          110
        ],
        [
          134,
          135
        ],
        [
          134,
          136
        ],
        [
          146,
          147
        ],
        [
          146,
          148
        ],
        [
          148,
          149
        ],
        [
          148,
          150
        ],
        [
          174,
          175
        ],
        [
          174,
          177
        ]
      ],
      "functions": {
        "_fail": {
          "executed_lines": [],
          "summary": {
            "covered_lines": 0,
            "num_statements": 1,
            "percent_covered": 0.0,
            "percent_covered_display": "0",
            "missing_lines": 1,
            "excluded_lines": 0,
            "percent_statements_covered": 0.0,
            "percent_statements_covered_display": "0",
            "num_branches": 0,
            "num_partial_branches": 0,
            "covered_branches": 0,
            "missing_branches": 0,
            "percent_branches_covered": 100.0,
            "percent_branches_covered_display": "100"
          },
          "missing_lines": [
            37
          ],
          "excluded_lines": [],
          "start_line": 36,
          "executed_branches": [],
          "missing_branches": []
        },
        "_do_not_fail": {
          "executed_lines": [
            41
          ],
          "summary": {
            "covered_lines": 1,
            "num_statements": 1,
            "percent_covered": 100.0,
            "percent_covered_display": "100",
            "missing_lines": 0,
            "excluded_lines": 0,
            "percent_statements_covered": 100.0,
            "percent_statements_covered_display": "100",
            "num_branches": 0,
            "num_partial_branches": 0,
            "covered_branches": 0,
            "missing_branches": 0,
            "percent_branches_covered": 100.0,
            "percent_branches_covered_display": "100"
          },
          "missing_lines": [],
          "excluded_lines": [],
          "start_line": 40,
          "executed_branches": [],
          "missing_branches": []
        },
        "main": {
          "executed_lines": [
            67
          ],
          "summary": {
            "covered_lines": 1,
            "num_statements": 21,
            "percent_covered": 6.451612903225806,
            "percent_covered_display": "6",
            "missing_lines": 20,
            "excluded_lines": 0,
            "percent_statements_covered": 4.761904761904762,
            "percent_statements_covered_display": "5",
            "num_branches": 10,
            "num_partial_branches": 1,
            "covered_branches": 1,
            "missing_branches": 9,
            "percent_branches_covered": 10.0,
            "percent_branches_covered_display": "10"
          },
          "missing_lines": [
            72,
            73,
            75,
            76,
            77,
            81,
            82,
            83,
            85,
            91,
            92,
            98,
            99,
            106,
            108,
            109,
            110,
            111,
            112,
            113
          ],
          "excluded_lines": [],
          "start_line": 63,
          "executed_branches": [
            [
              67,
              -44
            ]
          ],
          "missing_branches": [
            [
              67,
              72
            ],
            [
              72,
              73
            ],
            [
              72,
              75
            ],
            [
              91,
              92
            ],
            [
              91,
              98
            ],
            [
              98,
              99
            ],
            [
              98,
              106
            ],
            [
              109,
              67
            ],
            [
              109,
              110
            ]
          ]
        },
        "_loop": {
          "executed_lines": [
            117,
            120,
            121,
            122,
            123,
            124,
            125,
            126,
            127,
            128,
            129,
            130,
            132
          ],
          "summary": {
            "covered_lines": 13,
            "num_statements": 17,
            "percent_covered": 68.42105263157895,
            "percent_covered_display": "68",
            "missing_lines": 4,
            "excluded_lines": 0,
            "percent_statements_covered": 76.47058823529412,
            "percent_statements_covered_display": "76",
            "num_branches": 2,
            "num_partial_branches": 0,
            "covered_branches": 0,
            "missing_branches": 2,
            "percent_branches_covered": 0.0,
            "percent_branches_covered_display": "0"
          },
          "missing_lines": [
            133,
            134,
            135,
            136
          ],
          "excluded_lines": [],
          "start_line": 116,
          "executed_branches": [],
          "missing_branches": [
            [
              134,
              135
            ],
            [
              134,
              136
            ]
          ]
        },
        "_link": {
          "executed_lines": [],
          "summary": {
            "covered_lines": 0,
            "num_statements": 9,
            "percent_covered": 0.0,
            "percent_covered_display": "0",
            "missing_lines": 9,
            "excluded_lines": 0,
            "percent_statements_covered": 0.0,
            "percent_statements_covered_display": "0",
            "num_branches": 4,