{
  "files": {
    "pyaxis/pyaxis.py": {
      "executed_lines": [
        1,
        2,
        4,
        6,
        8,
        10,
        12,
        15,
        16,
        19,
        31,
        34,
        42,
        43,
        45,
        48,
        60,
        62,
        63,
        64,
        65,
        66,
        69,
        84,
        86,
        87,
        88,
        90,
        93,
        116,
        117,
        124,
        127,
        130,
        134,
        138,
        141,
        149,
        154
      ],
      "summary": {
        "covered_lines": 39,
        "num_statements": 58,
        "percent_covered": 67.24137931034483,
        "percent_covered_display": "67",
        "missing_lines": 19,
        "excluded_lines": 0
      },
      "missing_lines": [
        67,
        68,
        70,
        71,
        72,
        73,
        74,
        75,
        76,
        77,
        78,
        79,
        80,
        81,
        82,
        118,
        119,
        120,
        121
      ],
      "excluded_lines": [],
      "functions": {
        "uri_type": {
          "executed_lines": [
            31,
            34,
            42,
            43,
            45
          ],
          "summary": {
            "covered_lines": 5,
            "num_statements": 5,
            "percent_covered": 100.0,
            "percent_covered_display": "100",
            "missing_lines": 0,
            "excluded_lines": 0
          },
          "missing_lines": [],
          "excluded_lines": []
        },
        "read": {
          "executed_lines": [
            60,
            62,
            63,
            64,
            65,
            66,
            69,
            84,
            86,
            87,
            88,
            90
          ],
          "summary": {
            "covered_lines": 12,
            "num_statements": 27,
            "percent_covered": 44.44444444444444,
            "percent_covered_display": "44",
            "missing_lines": 15,
            "excluded_lines": 0
          },
          "missing_lines": [
            67,
            68,
            70,
            71,
            72,
            73,
            74,
            75,
            76,
            77,
            78,
            79,
            80,
            81,
            82
          ],
          "excluded_lines": []
        },
        "parse": {
          "executed_lines": [
            116,
            117,
            124,
            127,
            130,
            134,
            138,
            141,
            149,
            154
          ],
          "summary": {
            "covered_lines": 10,
            "num_statements": 14,
            "percent_covered": 71.42857142857143,
            "percent_covered_display": "71",
            "missing_lines": 4,
            "excluded_lines": 0
          },
          "missing_lines": [
            118,
            119,
            120,
            121
          ],
          "excluded_lines": []
        },
        "": {
          "executed_lines": [
            1,
            2,
            4,
            6,
            8,
            10,
            12,
            15,
            16,
            19,
            48,
            93
          ],
          "summary": {
            "covered_lines": 12,
            "num_statements": 12,
            "percent_covered": 100.0,
            "percent_covered_display": "100",
            "missing_lines": 0,
            "excluded_lines": 0
          },
          "missing_lines": [],
          "excluded_lines": []
        }
      },
      "classes": {
        "": {
          "executed_lines": [
            1,
            2,
            4,
            6,
            8,
            10,
            12,
            15,
            16,
            19,
            31,
            34,
            42,
            43,
            45,
            48,
            60,
            62,
            63,
            64,
            65,
            66,
            69,
            84,
            86,
            87,
            88,
            90,
            93,
            116,
            117,
            124,
            127,
            130,
            134,
            138,
            141,
            149,
            154
          ],
          "summary": {
            "covered_lines": 39,
            "num_statements": 58,
            "percent_covered": 67.24137931034483,
            "percent_covered_display": "67",
            "missing_lines": 19,
            "excluded_lines": 0
          },
          "missing_lines": [
            67,
            68,
            70,
            71,
            72,
            73,
            74,
            75,
            76,
            77,
            78,
            79,
            80,
            81,
            82,
            118,
            119,
            120,
            121
          ],
          "excluded_lines": []
        }
      }
    },
    "pyaxis/test/integration/test_pyaxis.py": {
      "executed_lines": [
        1,
        3,
        5,
        7,
        9,
        11,
        12,
        15,
        18,
        20,
        24,
        26,
        29,
        30,
        31,
        34,
        36,
        40,
        41,
        42,
        43,
        44,
        47,
        49,
        53,
        54,
        55,
        56,
        59,
        61,
        65,
        66,
        67,
        68,
        69,
        70,
        71,
        72,
        73,
        76,
        78,
        79,
        80,
        84,
        85,
        86,
        87,
        88,
        94,
        95,
        96,
        99,
        101,
        105,
        106,
        107,
        108,
        110,
        111,
        115,
        117,
        118,
        119,
        120,
        121,
        122,
        125,
        127,
        128,
        129,
        130,
        133
      ],
      "summary": {
        "covered_lines": 71,
        "num_statements": 72,
        "percent_covered": 98.61111111111111,
        "percent_covered_display": "99",
        "missing_lines": 1,
        "excluded_lines": 0
      },
      "missing_lines": [
        134
      ],
      "excluded_lines": [],
      "functions": {
        "test_uri_type": {
          "executed_lines": [
            20
          ],
          "summary": {
            "covered_lines": 1,
            "num_statements": 1,
            "percent_covered": 100.0,
            "percent_covered_display": "100",
            "missing_lines": 0,
            "excluded_lines": 0
          },
          "missing_lines": [],
          "excluded_lines": []
        },
        "test_read": {
          "executed_lines": [
            26,
            29,
            30,
            31
          ],
          "summary": {
            "covered_lines": 4,
            "num_statements": 4,
            "percent_covered": 100.0,
            "percent_covered_display": "100",
            "missing_lines": 0,
            "excluded_lines": 0
          },
          "missing_lines": [],
          "excluded_lines": []
        },
        "test_metadata_extract": {
          "executed_lines": [
            36,
            40,
            41,
            42,
            43,
            44
          ],
          "summary": {
            "covered_lines": 6,
            "num_statements": 6,
            "percent_covered": 100.0,
            "percent_covered_display": "100",
            "missing_lines": 0,
            "excluded_lines": 0
          },
          "missing_lines": [],