{
  "files": {
    "blueprints/structural_sections/concrete/reinforced_concrete_sections/plotters/rectangular.py": {
      "executed_lines": [
        4,
        5,
        6,
        8,
        10,
        12,
        13,
        14,
        17,
        20,
        31,
        32,
        34,
        90,
        94,
        106,
        136,
        180,
        203,
        216,
        236,
        247,
        254,
        265,
        273,
        280
      ],
      "summary": {
        "covered_lines": 26,
        "num_statements": 90,
        "percent_covered": 28.88888888888889,
        "percent_covered_display": "29",
        "missing_lines": 64,
        "excluded_lines": 1,
        "percent_statements_covered": 28.88888888888889,
        "percent_statements_covered_display": "29"
      },
      "missing_lines": [
        70,
        71,
        72,
        73,
        74,
        75,
        78,
        85,
        87,
        88,
        92,
        96,
        108,
        109,
        122,
        138,
        139,
        151,
        158,
        159,
        172,
        182,
        183,
        184,
        193,
        205,
        206,
        225,
        226,
        228,
        229,
        230,
        231,
        232,
        234,
        238,
        239,
        240,
        241,
        242,
        245,
        249,
        250,
        251,
        252,
        256,
        257,
        258,
        259,
        260,
        261,
        262,
        263,
        267,
        268,
        269,
        270,
        271,
        275,
        276,
        277,
        278,
        291,
        292
      ],
      "excluded_lines": [
        86
      ],
      "functions": {
        "RectangularCrossSectionPlotter.__init__": {
          "executed_lines": [
            31,
            32
          ],
          "summary": {
            "covered_lines": 2,
            "num_statements": 2,
            "percent_covered": 100.0,
            "percent_covered_display": "100",
            "missing_lines": 0,
            "excluded_lines": 0,
            "percent_statements_covered": 100.0,
            "percent_statements_covered_display": "100"
          },
          "missing_lines": [],
          "excluded_lines": [],
          "start_line": 20
        },
        "RectangularCrossSectionPlotter.plot": {
          "executed_lines": [],
          "summary": {
            "covered_lines": 0,
            "num_statements": 10,
            "percent_covered": 0.0,
            "percent_covered_display": "0",
            "missing_lines": 10,
            "excluded_lines": 1,
            "percent_statements_covered": 0.0,
            "percent_statements_covered_display": "0"
          },
          "missing_lines": [
            70,
            71,
            72,
            73,
            74,
            75,
            78,
            85,
            87,
            88
          ],
          "excluded_lines": [
            86
          ],
          "start_line": 34
        },
        "RectangularCrossSectionPlotter._start_plot": {
          "executed_lines": [],
          "summary": {
            "covered_lines": 0,
            "num_statements": 1,
            "percent_covered": 0.0,
            "percent_covered_display": "0",
            "missing_lines": 1,
            "excluded_lines": 0,
            "percent_statements_covered": 0.0,
            "percent_statements_covered_display": "0"
          },
          "missing_lines": [
            92
          ],
          "excluded_lines": [],
          "start_line": 90
        },
        "RectangularCrossSectionPlotter._add_rectangle": {
          "executed_lines": [],
          "summary": {
            "covered_lines": 0,
            "num_statements": 1,
            "percent_covered": 0.0,
            "percent_covered_display": "0",
            "missing_lines": 1,
            "excluded_lines": 0,
            "percent_statements_covered": 0.0,
            "percent_statements_covered_display": "0"
          },
          "missing_lines": [
            96
          ],
          "excluded_lines": [],
          "start_line": 94
        },
        "RectangularCrossSectionPlotter._add_center_lines": {
          "executed_lines": [],
          "summary": {
            "covered_lines": 0,
            "num_statements": 3,
            "percent_covered": 0.0,
            "percent_covered_display": "0",
            "missing_lines": 3,
            "excluded_lines": 0,
            "percent_statements_covered": 0.0,
            "percent_statements_covered_display": "0"
          },
          "missing_lines": [
            108,
            109,
            122
          ],
          "excluded_lines": [],
          "start_line": 106
        },
        "RectangularCrossSectionPlotter._add_dimension_lines": {
          "executed_lines": [],
          "summary": {
            "covered_lines": 0,
            "num_statements": 6,
            "percent_covered": 0.0,
            "percent_covered_display": "0",
            "missing_lines": 6,
            "excluded_lines": 0,
            "percent_statements_covered": 0.0,
            "percent_statements_covered_display": "0"
          },
          "missing_lines": [
            138,
            139,
            151,
            158,
            159,
            172
          ],
          "excluded_lines": [],
          "start_line": 136
        },
        "RectangularCrossSectionPlotter._add_stirrups": {
          "executed_lines": [],
          "summary": {
            "covered_lines": 0,
            "num_statements": 4,
            "percent_covered": 0.0,
            "percent_covered_display": "0",
            "missing_lines": 4,
            "excluded_lines": 0,
            "percent_statements_covered": 0.0,
            "percent_statements_covered_display": "0"
          },
          "missing_lines": [
            182,
            183,
            184,
            193
          ],
          "excluded_lines": [],
          "start_line": 180
        },
        "RectangularCrossSectionPlotter._add_longitudinal_rebars": {
          "executed_lines": [],
          "summary": {
            "covered_lines": 0,
            "num_statements": 2,
            "percent_covered": 0.0,
            "percent_covered_display": "0",
            "missing_lines": 2,
            "excluded_lines": 0,
            "percent_statements_covered": 0.0,
            "percent_statements_covered_display": "0"
          },
          "missing_lines": [
            205,
            206
          ],
          "excluded_lines": [],
          "start_line": 203
        },
        "RectangularCrossSectionPlotter.legend_text": {
          "executed_lines": [],
          "summary": {
            "covered_lines": 0,
            "num_statements": 8,
            "percent_covered": 0.0,
            "percent_covered_display": "0",
            "missing_lines": 8,
            "excluded_lines": 0,
            "percent_statements_covered": 0.0,
            "percent_statements_covered_display": "0"
          },
          "missing_lines": [
            225,
            226,
            228,
            229,
            230,
            231,
            232,
            234
          ],
          "excluded_lines": [],
          "start_line": 216
        },
        "RectangularCrossSectionPlotter._add_stirrups_to_legend": {
          "executed_lines": [],
          "summary": {
            "covered_lines": 0,
            "num_statements": 6,
            "percent_covered": 0.0,
            "percent_covered_display": "0",
            "missing_lines": 6,
            "excluded_lines": 0,
            "percent_statements_covered": 0.0,
            "percent_statements_covered_display": "0"
          },
          "missing_lines": [
            238,
            239,
            240,
            241,
            242,
            245
          ],
          "excluded_lines": [],
          "start_line": 236
        },