{
  "files": {
    "ocspchecker/ocspchecker.py": {
      "executed_lines": [
        7,
        8,
        9,
        10,
        11,
        13,
        14,
        15,
        16,
        17,
        18,
        19,
        26,
        29,
        34,
        38,
        62,
        70,
        71,
        77,
        78,
        84,
        86,
        89,
        102,
        103,
        104,
        112,
        121,
        123,
        125,
        126,
        128,
        129,
        130,
        134,
        135,
        138,
        140,
        141,
        145,
        146,
        147,
        151,
        154,
        159,
        160,
        164,
        172,
        174,
        175,
        176,
        178,
        181,
        182,
        184,
        187,
        188,
        189,
        190,
        196,
        198,
        201,
        206,
        208,
        211,
        214,
        219,
        221,
        222,
        229,
        234,
        236,
        237,
        240,
        241,
        252,
        260,
        261,
        263,
        264,
        269,
        273,
        274,
        276,
        277,
        278,
        280,
        281,
        285,
        286,
        291,
        294,
        297,
        299,
        303,
        305,
        309,
        311,
        314,
        315,
        316,
        318
      ],
      "summary": {
        "covered_lines": 103,
        "num_statements": 129,
        "percent_covered": 79.84496124031008,
        "percent_covered_display": "80",
        "missing_lines": 26,
        "excluded_lines": 0,
        "percent_statements_covered": 79.84496124031008,
        "percent_statements_covered_display": "80"
      },
      "missing_lines": [
        80,
        81,
        82,
        92,
        95,
        100,
        106,
        107,
        109,
        131,
        132,
        136,
        152,
        155,
        179,
        185,
        192,
        238,
        247,
        249,
        270,
        271,
        283,
        288,
        289,
        306
      ],
      "excluded_lines": [],
      "functions": {
        "get_ocsp_status": {
          "executed_lines": [
            70,
            71,
            77,
            78,
            84,
            86,
            89,
            102,
            103,
            104
          ],
          "summary": {
            "covered_lines": 10,
            "num_statements": 19,
            "percent_covered": 52.63157894736842,
            "percent_covered_display": "53",
            "missing_lines": 9,
            "excluded_lines": 0,
            "percent_statements_covered": 52.63157894736842,
            "percent_statements_covered_display": "53"
          },
          "missing_lines": [
            80,
            81,
            82,
            92,
            95,
            100,
            106,
            107,
            109
          ],
          "excluded_lines": [],
          "start_line": 62
        },
        "get_certificate_chain": {
          "executed_lines": [
            121,
            123,
            125,
            126,
            128,
            129,
            130,
            134,
            135,
            138,
            140,
            141,
            145,
            146,
            147,
            151,
            154,
            159,
            160,
            164,
            172,
            174,
            175,
            176,
            178,
            181,
            182,
            184,
            187,
            188,
            189,
            190,
            196,
            198
          ],
          "summary": {
            "covered_lines": 34,
            "num_statements": 42,
            "percent_covered": 80.95238095238095,
            "percent_covered_display": "81",
            "missing_lines": 8,
            "excluded_lines": 0,
            "percent_statements_covered": 80.95238095238095,
            "percent_statements_covered_display": "81"
          },
          "missing_lines": [
            131,
            132,
            136,
            152,
            155,
            179,
            185,
            192
          ],
          "excluded_lines": [],
          "start_line": 112
        },
        "extract_ocsp_url": {
          "executed_lines": [
            206,
            208,
            211,
            214,
            219,
            221,
            222
          ],
          "summary": {
            "covered_lines": 7,
            "num_statements": 7,
            "percent_covered": 100.0,
            "percent_covered_display": "100",
            "missing_lines": 0,
            "excluded_lines": 0,
            "percent_statements_covered": 100.0,
            "percent_statements_covered_display": "100"
          },
          "missing_lines": [],
          "excluded_lines": [],
          "start_line": 201
        },
        "build_ocsp_request": {
          "executed_lines": [
            234,
            236,
            237,
            240,
            241
          ],
          "summary": {
            "covered_lines": 5,
            "num_statements": 8,
            "percent_covered": 62.5,
            "percent_covered_display": "62",
            "missing_lines": 3,
            "excluded_lines": 0,
            "percent_statements_covered": 62.5,
            "percent_statements_covered_display": "62"
          },
          "missing_lines": [
            238,
            247,
            249
          ],
          "excluded_lines": [],
          "start_line": 229
        },
        "get_ocsp_response": {
          "executed_lines": [
            260,
            261,
            263,
            264,
            269,
            273,
            274,
            276,
            277,
            278,
            280,
            281,
            285,
            286,
            291
          ],
          "summary": {
            "covered_lines": 15,
            "num_statements": 20,
            "percent_covered": 75.0,
            "percent_covered_display": "75",
            "missing_lines": 5,
            "excluded_lines": 0,
            "percent_statements_covered": 75.0,
            "percent_statements_covered_display": "75"
          },
          "missing_lines": [
            270,
            271,
            283,
            288,
            289
          ],
          "excluded_lines": [],
          "start_line": 252
        },
        "extract_ocsp_result": {
          "executed_lines": [
            297,
            299,
            303,
            305
          ],
          "summary": {
            "covered_lines": 4,
            "num_statements": 5,
            "percent_covered": 80.0,
            "percent_covered_display": "80",
            "missing_lines": 1,
            "excluded_lines": 0,
            "percent_statements_covered": 80.0,
            "percent_statements_covered_display": "80"
          },
          "missing_lines": [
            306
          ],
          "excluded_lines": [],
          "start_line": 294
        },
        "verify_host": {
          "executed_lines": [
            311,
            314,
            315,
            316,
            318
          ],
          "summary": {
            "covered_lines": 5,
            "num_statements": 5,
            "percent_covered": 100.0,
            "percent_covered_display": "100",
            "missing_lines": 0,
            "excluded_lines": 0,
            "percent_statements_covered": 100.0,
            "percent_statements_covered_display": "100"
          },
          "missing_lines": [],
          "excluded_lines": [],
          "start_line": 309
        },